date,bc_active_addresses,bc_tx_count,bc_hash_rate,bc_fees_usd,bc_tx_volume_usd,bc_mempool_bytes,cm_mvrv,cm_active_addr,cm_stablecoin_cap,fear_greed,spx,dxy,vix,us10y
2020-07-16 00:00:00+00:00,,,,,,,,,,43.0,3215.57,118.9275,28.0,0.62
2020-07-17 00:00:00+00:00,,,,,,,,,,41.0,3224.73,119.124,25.68,0.64
2020-07-18 00:00:00+00:00,,,,,,,,,,44.0,,,,
2020-07-19 00:00:00+00:00,,,,,,,,,,41.0,,,,
2020-07-20 00:00:00+00:00,,,,,,,,,,44.0,3251.84,119.0483,24.46,0.62
2020-07-21 00:00:00+00:00,,,,,,,,,,44.0,3257.3,118.4042,24.84,0.61
2020-07-22 00:00:00+00:00,,,,,,,,,,50.0,3276.02,118.1337,24.32,0.6
2020-07-23 00:00:00+00:00,,,,,,,,,,55.0,3235.66,118.0613,26.08,0.59
2020-07-24 00:00:00+00:00,,,,,,,,,,53.0,3215.63,118.1329,25.84,0.59
2020-07-25 00:00:00+00:00,,,,,,,,,,55.0,,,,
2020-07-26 00:00:00+00:00,,,,,,,,,,55.0,,,,
2020-07-27 00:00:00+00:00,,,,,,,,,,58.0,3239.41,117.3869,24.74,0.62
2020-07-28 00:00:00+00:00,,,,,,,,,,76.0,3218.44,117.3189,25.44,0.59
2020-07-29 00:00:00+00:00,,,,,,,,,,71.0,3258.44,117.2126,24.1,0.58
2020-07-30 00:00:00+00:00,,,,,,,,,,76.0,3246.22,117.4008,24.76,0.55
2020-07-31 00:00:00+00:00,,,,,,,,,,75.0,3271.12,117.2082,24.46,0.55
2020-08-01 00:00:00+00:00,,,,,,,,,,75.0,,,,
2020-08-02 00:00:00+00:00,,,,,,,,,,80.0,,,,
2020-08-03 00:00:00+00:00,,,,,,,,,,75.0,3294.61,117.8074,24.28,0.56
2020-08-04 00:00:00+00:00,,,,,,,,,,72.0,3306.51,117.7833,23.76,0.52
2020-08-05 00:00:00+00:00,,,,,,,,,,75.0,3327.77,116.8736,22.99,0.55
2020-08-06 00:00:00+00:00,,,,,,,,,,79.0,3349.16,117.0422,22.65,0.55
2020-08-07 00:00:00+00:00,,,,,,,,,,77.0,3351.28,117.6239,22.21,0.57
2020-08-08 00:00:00+00:00,,,,,,,,,,77.0,,,,
2020-08-09 00:00:00+00:00,,,,,,,,,,79.0,,,,
2020-08-10 00:00:00+00:00,,,,,,,,,,78.0,3360.47,117.5821,22.13,0.59
2020-08-11 00:00:00+00:00,,,,,,,,,,84.0,3333.69,117.3781,24.03,0.64
2020-08-12 00:00:00+00:00,,,,,,,,,,75.0,3380.35,117.2559,22.28,0.69
2020-08-13 00:00:00+00:00,,,,,,,,,,75.0,3373.43,117.1193,22.13,0.71
2020-08-14 00:00:00+00:00,,,,,,,,,,78.0,3372.85,116.9395,22.05,0.71
2020-08-15 00:00:00+00:00,,,,,,,,,,79.0,,,,
2020-08-16 00:00:00+00:00,,,,,,,,,,82.0,,,,
2020-08-17 00:00:00+00:00,,,,,,,,,,83.0,3381.99,116.749,21.35,0.69
2020-08-18 00:00:00+00:00,,,,,,,,,,82.0,3389.78,116.5593,21.51,0.67
2020-08-19 00:00:00+00:00,,,,,,,,,,80.0,3374.85,116.567,22.54,0.68
2020-08-20 00:00:00+00:00,,,,,,,,,,75.0,3385.51,116.8126,22.72,0.65
2020-08-21 00:00:00+00:00,,,,,,,,,,81.0,3397.16,117.0572,22.54,0.64
2020-08-22 00:00:00+00:00,,,,,,,,,,78.0,,,,
2020-08-23 00:00:00+00:00,,,,,,,,,,76.0,,,,
2020-08-24 00:00:00+00:00,,,,,,,,,,78.0,3431.28,116.912,22.37,0.65
2020-08-25 00:00:00+00:00,,,,,,,,,,75.0,3443.62,116.8206,22.03,0.69
2020-08-26 00:00:00+00:00,,,,,,,,,,76.0,3478.73,116.6243,23.27,0.69
2020-08-27 00:00:00+00:00,,,,,,,,,,75.0,3484.55,116.649,24.47,0.74
2020-08-28 00:00:00+00:00,,,,,,,,,,74.0,3508.01,115.9374,22.96,0.74
2020-08-29 00:00:00+00:00,,,,,,,,,,79.0,,,,
2020-08-30 00:00:00+00:00,,,,,,,,,,75.0,,,,
2020-08-31 00:00:00+00:00,,,,,,,,,,75.0,3500.31,115.7586,26.41,0.72
2020-09-01 00:00:00+00:00,,,,,,,,,,75.0,3526.65,115.5687,26.12,0.68
2020-09-02 00:00:00+00:00,,,,,,,,,,83.0,3580.84,116.0304,26.57,0.66
2020-09-03 00:00:00+00:00,,,,,,,,,,79.0,3455.06,116.0685,33.6,0.63
2020-09-04 00:00:00+00:00,,,,,,,,,,40.0,3426.96,116.0347,30.75,0.72
2020-09-05 00:00:00+00:00,,,,,,,,,,41.0,,,,
2020-09-06 00:00:00+00:00,,,,,,,,,,41.0,,,,
2020-09-07 00:00:00+00:00,,,,,,,,,,41.0,,,,
2020-09-08 00:00:00+00:00,,,,,,,,,,41.0,3331.84,116.4618,31.46,0.69
2020-09-09 00:00:00+00:00,,,,,,,,,,38.0,3398.96,116.1291,28.81,0.71
2020-09-10 00:00:00+00:00,,,,,,,,,,38.0,3339.19,115.8806,29.71,0.68
2020-09-11 00:00:00+00:00,,,,,,,,,,41.0,3340.97,116.0866,26.87,0.67
2020-09-12 00:00:00+00:00,,,,,,,,,,41.0,,,,
2020-09-13 00:00:00+00:00,,,,,,,,,,38.0,,,,
2020-09-14 00:00:00+00:00,726085.0,354020.0,151760264.11527425,806616.0581740414,1641329657.9907258,2239050.5,1.71735678,1016193.0,17241091687.110863,39.0,3383.54,115.6428,25.85,0.68
2020-09-15 00:00:00+00:00,718787.0,332957.0,134514779.55672038,831298.2620308343,1675152816.8943894,12872971.0,1.7348274,976024.0,17302917924.574776,47.0,3401.2,115.5908,25.59,0.68
2020-09-16 00:00:00+00:00,747111.0,342609.0,133652505.32879263,847678.0897720396,1875402238.1826138,8947235.5,1.76292263,1064243.0,17311813354.560658,43.0,3385.49,115.3537,26.04,0.69
2020-09-17 00:00:00+00:00,740029.0,348581.0,153484812.57112962,771947.4737474852,1728645381.2338386,1733051.0,1.75667708,1101957.0,17736699418.755283,48.0,3357.01,115.4392,26.46,0.69
2020-09-18 00:00:00+00:00,687638.0,325157.0,142275247.6080696,757383.619657055,1937356456.84136,12548125.5,1.75269523,974291.0,17808362548.706696,49.0,3319.47,115.2395,25.83,0.7
2020-09-19 00:00:00+00:00,624125.0,296357.0,128478859.9612265,523699.8649147499,1020812737.2328732,531004.5,1.77573693,892685.0,18059896643.951313,48.0,,,,
2020-09-20 00:00:00+00:00,535691.0,259095.0,135165071.8298032,359928.54842193995,845867147.6809912,974145.0,1.75066035,820833.0,18117990372.650883,52.0,,,,
2020-09-21 00:00:00+00:00,644695.0,297605.0,139219832.7594406,649684.1829644282,1618550493.708504,24832802.0,1.67690819,946997.0,18162513773.219707,48.0,3281.06,116.378,27.78,0.68
2020-09-22 00:00:00+00:00,678668.0,312989.0,123857644.31701957,776069.7873603869,1620744900.8434787,38996754.5,1.68568673,968239.0,18174690989.333168,39.0,3315.57,116.5438,26.86,0.68
2020-09-23 00:00:00+00:00,733591.0,349938.0,136339422.42648664,1002747.45536237,1930400508.768271,28567139.5,1.64062817,1013565.0,18213418917.48175,43.0,3236.92,117.2526,28.58,0.68
2020-09-24 00:00:00+00:00,684217.0,316552.0,131538738.5382301,870012.8368624152,2038281713.5185595,36630741.5,1.72053475,943668.0,18285989153.43872,39.0,3246.59,117.5473,28.51,0.67
2020-09-25 00:00:00+00:00,741029.0,353070.0,162263115.42307216,837679.47297812,1904178398.6342678,20750504.5,1.71066582,1140261.0,18293664326.30619,46.0,3298.46,117.8679,26.38,0.66
2020-09-26 00:00:00+00:00,591249.0,276162.0,144020516.64769718,448045.9788256948,794309819.7184452,263404.5,1.71935636,952990.0,18331755809.185684,45.0,,,,
2020-09-27 00:00:00+00:00,538619.0,259382.0,145940790.2029998,407015.393363995,789919236.0190964,661289.5,1.72167524,784428.0,18376971744.67233,47.0,,,,
2020-09-28 00:00:00+00:00,629197.0,295476.0,123857644.31701957,629103.34552623,1644928781.8498938,23477286.0,1.71621999,884124.0,18311989690.159157,43.0,3351.6,117.6178,26.19,0.67
2020-09-29 00:00:00+00:00,735651.0,347696.0,135379285.64883536,889805.5118573454,1756325729.5985732,21984779.5,1.73140353,998051.0,18311929087.744633,45.0,3335.47,117.526,26.27,0.66
2020-09-30 00:00:00+00:00,748143.0,351417.0,149781337.3136051,1019664.4617825851,1561125507.1341772,19404579.0,1.71995233,1118241.0,18312173714.76929,49.0,3363.0,116.946,26.37,0.69
2020-10-01 00:00:00+00:00,679937.0,304757.0,119056960.428763,1094199.49298434,1674944661.581599,41080912.5,1.69356781,922880.0,18459201293.017437,45.0,3380.8,116.7227,26.7,0.68
2020-10-02 00:00:00+00:00,689077.0,315443.0,130578601.76057878,1288160.7260960203,2283910067.2491984,51334947.0,1.68748627,996361.0,18523447553.2183,41.0,3348.44,116.7321,27.63,0.7
2020-10-03 00:00:00+00:00,642826.0,310855.0,144980653.4253485,772418.7991438297,846455550.5192969,22479982.0,1.68506329,1002444.0,18565672312.348408,40.0,,,,
2020-10-04 00:00:00+00:00,562147.0,268019.0,151592064.050859,591853.718426455,634742572.527444,455691.0,1.70216949,923546.0,18574422956.550385,42.0,,,,
2020-10-05 00:00:00+00:00,635097.0,294986.0,134303836.4311328,1082768.7349297388,1343799081.1799047,22087067.0,1.71835152,946902.0,18594886531.63662,42.0,3408.63,116.1767,27.96,0.78
2020-10-06 00:00:00+00:00,692891.0,317922.0,124710705.25748046,1220125.232074085,1385299160.190378,28052518.0,1.69012311,978521.0,18595811112.79711,47.0,3360.95,116.2681,29.48,0.76
2020-10-07 00:00:00+00:00,762636.0,370554.0,144856280.7221504,1179806.910240235,1847973952.4246747,18827163.5,1.70039927,1063425.0,18633063979.129707,43.0,3419.45,116.3447,28.06,0.81
2020-10-08 00:00:00+00:00,698982.0,330227.0,155408725.01316798,1111494.6628677805,1564119346.8517392,14358846.0,1.73638098,1033122.0,18753320954.456142,46.0,3446.83,116.1657,26.36,0.78
2020-10-09 00:00:00+00:00,714645.0,339343.0,136222462.66586328,1217905.2370317401,2052602359.6675017,19527443.5,1.76179817,1006667.0,18909292608.39034,48.0,3477.13,115.2757,25.0,0.79
2020-10-10 00:00:00+00:00,631182.0,298486.0,137181775.78322852,859894.8560518993,1149403530.058942,4767391.0,1.79700041,917402.0,18947216400.511047,53.0,,,,
2020-10-11 00:00:00+00:00,541483.0,256096.0,134303836.4311328,583799.63049384,651622749.4229141,466027.0,1.80770338,791020.0,18938061963.351505,55.0,,,,
2020-10-12 00:00:00+00:00,658073.0,314174.0,142937654.4874199,857905.4757339802,1519550414.7656412,24432543.5,1.83284911,945894.0,18931870172.357582,52.0,3534.22,,25.07,
2020-10-13 00:00:00+00:00,732250.0,333215.0,159245977.48262888,850506.8766397453,1713107902.128088,5461897.5,1.81348383,1049377.0,18869728404.408043,56.0,3511.93,115.9107,26.07,0.74
2020-10-14 00:00:00+00:00,680468.0,314541.0,142937654.4874199,849905.9962739248,1641335688.119119,9345705.0,1.80880169,952949.0,18840775150.98986,53.0,3488.67,115.6872,26.4,0.73
2020-10-15 00:00:00+00:00,743078.0,340993.0,144856280.7221504,897788.0672735148,1656087273.91197,3945932.0,1.82050458,1035214.0,18828654113.843258,56.0,3483.34,116.0964,26.97,0.74
2020-10-16 00:00:00+00:00,712317.0,324647.0,148693533.1916113,728436.3441653196,1735871118.0383928,6674682.0,1.7940757,973228.0,18795912041.148148,52.0,3483.81,115.7679,27.41,0.76
2020-10-17 00:00:00+00:00,586741.0,275069.0,152419671.45957646,405357.8910331651,694375228.5853593,360851.5,1.79732641,851147.0,18788781295.792652,56.0,,,,
2020-10-18 00:00:00+00:00,512486.0,231557.0,119288755.69898501,416658.8618328352,564810368.5227593,7273897.5,1.81665683,744786.0,18816754469.348454,55.0,,,,
2020-10-19 00:00:00+00:00,679146.0,303929.0,124259120.51977606,588446.3545453851,1621572965.596006,19093365.5,1.85166488,930306.0,18822601822.57156,55.0,3426.92,115.4031,29.18,0.78
2020-10-20 00:00:00+00:00,713764.0,330563.0,143146506.838782,924870.2824900897,1656442476.473881,22785723.0,1.87699868,1011847.0,18979938110.575813,56.0,3443.12,115.2485,29.35,0.81
2020-10-21 00:00:00+00:00,687152.0,311292.0,129229485.3405671,1461640.0124157898,2381891958.1275086,41859016.0,2.013415,1013298.0,19370248916.380737,61.0,3435.56,114.9108,28.65,0.83
2020-10-22 00:00:00+00:00,753892.0,339087.0,136187996.08967456,2197550.043336765,3311533243.6679773,40322905.0,2.02018679,1048775.0,19486913936.563587,73.0,3453.49,115.1158,28.11,0.87
2020-10-23 00:00:00+00:00,712518.0,323869.0,130223558.30472532,1880521.7225218704,2772642131.3782315,46632444.5,2.00849858,977710.0,19446083753.213257,74.0,3465.39,115.0126,27.55,0.85
2020-10-24 00:00:00+00:00,657714.0,306774.0,151099090.55204767,1240565.6932479746,1019815578.520192,25562553.5,2.02902772,1098917.0,19481566788.70638,73.0,,,,
2020-10-25 00:00:00+00:00,547380.0,242273.0,116306536.80651039,851879.590892079,770092624.095325,22005516.0,2.01568826,851199.0,19502116095.680527,76.0,,,,
2020-10-26 00:00:00+00:00,579939.0,252494.0,109348026.05740291,1452362.6074525302,2143577766.8448274,38664262.5,2.01954164,825846.0,19624322708.01613,75.0,3400.97,115.2797,32.46,0.81
2020-10-27 00:00:00+00:00,600338.0,251938.0,98413223.45166263,2581159.896334148,1916977068.721834,64208162.0,2.10370037,827512.0,19648165489.487244,61.0,3390.68,115.0131,33.35,0.79
2020-10-28 00:00:00+00:00,615001.0,261340.0,99407296.41582084,3041572.4046883765,2517314639.707993,67302654.5,2.04049323,817505.0,19832885733.516865,70.0,3271.03,115.8023,40.28,0.79
2020-10-29 00:00:00+00:00,652778.0,276070.0,107359880.12908651,3459471.099815416,2135566368.3007386,68726888.0,2.06357066,887772.0,19873846732.762604,67.0,3310.11,116.3069,37.59,0.85
2020-10-30 00:00:00+00:00,635998.0,268364.0,110342099.02156112,3523576.416338579,1893674939.1413562,71559121.0,2.0801745,901403.0,20029796005.72453,74.0,3269.96,116.1354,38.02,0.88
2020-10-31 00:00:00+00:00,613906.0,275796.0,112330244.94987755,3627758.7209600853,1316281834.8887045,56972522.0,2.10747626,875335.0,20072859456.539783,73.0,,,,
2020-11-01 00:00:00+00:00,592197.0,276280.0,124259120.51977606,2455878.6754980492,1188080329.7413285,53844550.5,2.09316771,897445.0,20075432159.68556,72.0,,,,
2020-11-02 00:00:00+00:00,543348.0,224609.0,94436931.5950298,2838663.756504813,1715336327.8298092,76617935.5,2.06586073,777173.0,20076661311.035057,71.0,3310.24,116.2361,37.13,0.87
2020-11-03 00:00:00+00:00,727413.0,331673.0,124332259.04844461,3937585.748946049,3811487630.8471503,68975124.5,2.09497527,1029970.0,20211042751.582077,71.0,3369.16,115.4802,35.55,0.9
2020-11-04 00:00:00+00:00,707247.0,320697.0,132689483.0919183,2847435.0011881893,1988917620.2442853,62203159.5,2.10823433,1175181.0,20190974717.51091,74.0,3443.44,115.1677,29.57,0.78
2020-11-05 00:00:00+00:00,729209.0,318668.0,122675182.48120748,4605834.214338379,5149644713.046795,75732549.5,2.30749272,1071518.0,20173704426.52555,72.0,3510.45,114.4556,27.58,0.79
2020-11-06 00:00:00+00:00,756129.0,340351.0,127682332.78656289,3787397.489026407,3527917034.289506,71507517.0,2.29919169,1080743.0,20604388099.83617,90.0,3509.44,113.9919,24.86,0.83
2020-11-07 00:00:00+00:00,608746.0,270901.0,121840657.43031493,2078844.1396717667,1502513708.7042077,57997799.0,2.18711473,1055012.0,20637495111.43363,88.0,,,,
2020-11-08 00:00:00+00:00,555482.0,243047.0,115164457.02317438,1486150.5462957078,1123463511.0622897,37482107.0,2.26976446,920529.0,20609340701.515812,82.0,,,,
2020-11-09 00:00:00+00:00,713629.0,326383.0,154387134.41512507,2222515.5136517254,2728063355.8702464,4695307.0,2.23751677,1188873.0,20580201493.645103,90.0,3550.5,114.0895,25.75,0.96
2020-11-10 00:00:00+00:00,684892.0,303270.0,122675182.48120748,2371662.7151001506,2632911827.6774883,7501806.0,2.23228692,1026623.0,20582448484.905174,90.0,3545.53,114.0757,24.8,0.98
2020-11-11 00:00:00+00:00,713744.0,322277.0,122675182.48120748,1680247.5346764904,2715135370.028515,1285844.5,2.28563276,1004339.0,20880672482.39399,86.0,3572.66,,23.45,
2020-11-12 00:00:00+00:00,721180.0,324855.0,133524008.14281088,1651053.5760287244,3262813497.119191,1680082.5,2.35643005,1064270.0,20845802105.31066,87.0,3537.01,114.2843,25.35,0.88
2020-11-13 00:00:00+00:00,685725.0,300040.0,115998982.07406694,1672393.3189727846,2656697442.1882963,11448845.0,2.35455292,999523.0,21049486917.866585,89.0,3585.15,114.2397,23.1,0.89
2020-11-14 00:00:00+00:00,613373.0,273511.0,118502557.22674464,966706.4515975019,1356685552.9036057,3894642.5,2.317866766319,915336.0,21064101880.432587,90.0,,,,
2020-11-15 00:00:00+00:00,555375.0,252715.0,125178757.63388519,678248.0659319302,795037576.249102,11577294.0,2.29883051,845204.0,21054291253.096718,86.0,,,,
2020-11-16 00:00:00+00:00,681273.0,311477.0,135534841.86269382,1373930.45896033,2343880257.789508,16256216.0,2.39979607,1041491.0,21215491112.433304,90.0,3626.91,113.8312,22.45,0.91
2020-11-17 00:00:00+00:00,770689.0,347772.0,137334450.8705656,1560223.3534756592,3117390382.4550147,11746111.5,2.51738625,1142716.0,21171604248.54796,86.0,3609.53,113.682,22.71,0.87
2020-11-18 00:00:00+00:00,807705.0,362007.0,147831351.5740483,1782231.6113051106,4148880836.428013,12761347.0,2.51023261,1197076.0,21184050014.571396,91.0,3567.79,113.46,23.84,0.88
2020-11-19 00:00:00+00:00,717377.0,311061.0,119839616.36476107,1690198.5264329829,2649430667.646257,21133830.0,2.504430386254,1052034.0,21184363568.73366,94.0,3581.87,113.694,23.11,0.86
2020-11-20 00:00:00+00:00,772326.0,348026.0,146956609.8487581,1403265.7632119705,4202034216.731514,8034829.5,2.596127396527,1177776.0,21513351125.239735,86.0,3557.54,113.489,23.7,0.83
2020-11-21 00:00:00+00:00,663959.0,311189.0,147831351.5740483,878179.623758941,2261632554.633789,1132263.5,2.589987418208,1007240.0,21793970097.776043,91.0,,,,
2020-11-22 00:00:00+00:00,587237.0,271125.0,152205060.20049945,591242.6145193098,1454587916.630766,5343110.5,2.55377715,875364.0,21838686329.80152,94.0,,,,
2020-11-23 00:00:00+00:00,671932.0,297840.0,128587033.61766332,1044802.6451119351,2703213540.7977214,19985942.5,2.52775968,1014814.0,22023972033.186535,90.0,3577.59,113.7548,22.66,0.86
2020-11-24 00:00:00+00:00,756417.0,333293.0,118964874.63947083,1635711.4308012445,4162955937.5419774,40659245.0,2.61774563,1052398.0,22209779502.852737,88.0,3635.41,113.4316,21.64,0.88
2020-11-25 00:00:00+00:00,812699.0,361990.0,135584967.41998515,1881507.4472874578,3581534995.903928,34321031.5,2.555478063978,1127776.0,22209986318.64014,94.0,3629.65,113.1823,21.25,0.88
2020-11-26 00:00:00+00:00,736612.0,323975.0,131211258.79353401,1814488.2399802904,3560329146.149023,42651324.0,2.326869284941,1115848.0,22250584833.61778,93.0,,,,
2020-11-27 00:00:00+00:00,719237.0,322445.0,134710225.69469494,1433816.2305713617,3539855459.5656195,34005055.0,2.31953985,1099990.0,22252610752.37048,86.0,3638.35,,20.84,0.84
2020-11-28 00:00:00+00:00,644206.0,293949.0,134710225.69469494,985192.5600987038,1310741286.2452636,10909754.5,2.40313103,1038684.0,22329711272.50174,87.0,,,,
2020-11-29 00:00:00+00:00,589008.0,263573.0,135399801.26976258,724095.046996837,1353406964.7056353,6131058.5,2.45853128,875712.0,22322757758.27379,89.0,,,,
2020-11-30 00:00:00+00:00,623554.0,256551.0,107610727.917311,1377090.2623018543,3302208582.0160117,46994572.5,2.63721867,903580.0,22510830452.96722,88.0,3621.63,113.2256,20.57,0.84
2020-12-01 00:00:00+00:00,841581.0,378068.0,144750713.6586838,2799806.7092940426,4627255393.593444,44335833.0,2.51290662,1179012.0,22927942786.17823,95.0,3662.45,112.8063,20.77,0.92
2020-12-02 00:00:00+00:00,756978.0,327019.0,124752259.79794464,2523414.1239952436,2983704874.188316,45964723.0,2.55197705,1015318.0,22916317898.70224,92.0,3669.01,112.6115,21.17,0.95
2020-12-03 00:00:00+00:00,777633.0,346921.0,149512250.29219317,2817492.2961092372,2744199631.0179462,40448714.0,2.57495934,1165469.0,22926299666.59619,92.0,3666.72,112.0236,21.28,0.92
2020-12-04 00:00:00+00:00,729984.0,318894.0,137132255.0450689,2078420.16068361,3109317273.318671,49802249.5,2.47230116,1070208.0,22966257419.02358,92.0,3699.12,111.7778,20.79,0.97
2020-12-05 00:00:00+00:00,642981.0,282599.0,137132255.0450689,1332834.5969845348,1245963842.4548998,24558160.5,2.51909742,1077064.0,23133652890.690754,93.0,,,,
2020-12-06 00:00:00+00:00,582059.0,258624.0,129513796.43145394,926834.513242693,1002450424.9438207,8228262.5,2.54722977,906549.0,23175712093.01616,95.0,,,,
2020-12-07 00:00:00+00:00,673269.0,300906.0,142846099.00528008,1313874.8929277996,2103990331.796725,16621546.0,2.51748691,1017188.0,23155968850.648003,94.0,3691.96,111.8385,21.3,0.94
2020-12-08 00:00:00+00:00,737193.0,330970.0,137132255.0450689,1406369.8877137501,3771844232.261542,11233057.0,2.40341294,1057637.0,23150461489.01574,95.0,3702.25,111.8639,20.68,0.92
2020-12-09 00:00:00+00:00,748572.0,321079.0,132370718.41155955,1323373.801235514,2599989621.4131374,18622710.5,2.422360712922,1059284.0,23177055027.59823,86.0,3672.82,112.0305,22.27,0.95
2020-12-10 00:00:00+00:00,713602.0,313649.0,123799952.47124276,1353547.1014916445,3877167091.86871,24533695.5,2.38235433,995137.0,23173542773.885868,94.0,3668.1,111.9788,22.52,0.92
2020-12-11 00:00:00+00:00,711679.0,304735.0,131418411.08485769,1275734.2288770021,2913875514.564554,25933310.0,2.34803699,1078069.0,23377309995.168674,89.0,3663.46,112.1417,23.31,0.9
2020-12-12 00:00:00+00:00,654893.0,295410.0,125704567.1246465,942759.8594338422,1929697457.1383855,14130114.5,2.43833504,962538.0,23465744000.523167,90.0,,,,
2020-12-13 00:00:00+00:00,611911.0,276160.0,148463110.1109586,755747.2441937736,3450322095.0157766,1689804.0,2.46411643,938739.0,23487429622.13225,91.0,,,,
2020-12-14 00:00:00+00:00,696656.0,314350.0,134574371.39496115,1136052.3789919598,2685900125.77615,14289534.0,2.474236613553,977389.0,23511217942.87034,95.0,3647.49,112.1708,24.72,0.9
2020-12-15 00:00:00+00:00,722550.0,320440.0,129933875.82961763,1388313.33562396,3108771396.732216,17665971.5,2.48407194,1047043.0,23723395116.50962,91.0,3694.62,111.8601,22.89,0.92
2020-12-16 00:00:00+00:00,751162.0,315217.0,132718173.16882376,1662246.5251565648,4228699631.5529056,46158399.0,2.70395115,1098912.0,23764419257.924248,92.0,3701.17,111.7157,22.5,0.92
2020-12-17 00:00:00+00:00,754492.0,309481.0,119724785.58586197,3764622.346848548,5540206537.115145,69643381.5,2.838980097189,1066159.0,23723781798.82455,92.0,3722.48,111.2226,21.93,0.94
2020-12-18 00:00:00+00:00,851929.0,375549.0,145711560.75178552,4510788.664858939,6176614857.997192,50872551.0,2.82221791,1194851.0,23751265806.207672,95.0,3709.41,111.6071,21.57,0.95
2020-12-19 00:00:00+00:00,756109.0,343536.0,146639659.8648542,2800254.8415594446,2768897617.388285,35064420.5,2.906877174893,1158142.0,24037983504.227528,93.0,,,,
2020-12-20 00:00:00+00:00,638816.0,282043.0,140142966.07337332,1740165.757397466,2436345570.703207,27342916.5,2.850832494921,1075417.0,24006092611.84924,92.0,,,,
2020-12-21 00:00:00+00:00,649848.0,269834.0,126221479.37734285,3241780.36614949,3918912338.912008,47381244.5,2.76690892,1126710.0,23996906995.22484,92.0,3694.92,111.9415,25.16,0.95
2020-12-22 00:00:00+00:00,738842.0,324163.0,132718173.16882376,3087551.77943903,6418279942.846496,50075768.5,2.831513764707,1095221.0,24160160331.82931,88.0,3687.26,112.1947,24.23,0.93
2020-12-23 00:00:00+00:00,782736.0,338463.0,142927263.41257942,3369707.107698524,6427851084.363599,61835188.5,2.75180066,1138302.0,24423747333.299328,93.0,3690.01,111.9807,23.31,0.96
2020-12-24 00:00:00+00:00,639280.0,269559.0,116940488.24665588,2476837.2449134532,4019021845.006808,71596518.0,2.77320466,969168.0,24726496114.019917,86.0,3703.06,,21.53,0.94
2020-12-25 00:00:00+00:00,662980.0,303901.0,133646272.28189245,2217720.4869432994,2352003684.944295,48542909.5,2.87742129,1021183.0,24722885436.573467,94.0,,,,
2020-12-26 00:00:00+00:00,627843.0,273954.0,127149578.49041158,1776182.1317216118,2615234142.573132,39535725.0,3.06732801,957062.0,24726314278.011833,93.0,,,,
2020-12-27 00:00:00+00:00,696527.0,309005.0,137358668.73416725,2494179.2672424708,4714768342.628513,57319356.0,3.033869719213,1049825.0,24778022681.117172,91.0,,,,
2020-12-28 00:00:00+00:00,717073.0,308983.0,147938033.9968089,2711235.3111817744,8026930076.872239,51098543.0,3.03336124,1154354.0,25017749926.87003,92.0,3735.36,111.9752,21.7,0.94
2020-12-29 00:00:00+00:00,775919.0,336311.0,140537799.38571388,2828428.115468294,5504342175.362542,53510773.0,3.00690895,1146131.0,25078375541.84516,91.0,3727.04,111.5172,23.08,0.94
2020-12-30 00:00:00+00:00,807268.0,338258.0,159029615.0943604,2978522.5458025564,5840540994.996466,57962181.5,3.14848763,1221579.0,25096692932.185905,91.0,3732.04,111.3084,22.77,0.93
2020-12-31 00:00:00+00:00,809871.0,344918.0,153482070.38176647,3279398.7726500155,5636631338.131147,47502678.5,3.140996404211,1193822.0,25317429878.536057,95.0,3756.07,111.3169,22.75,0.93
2021-01-01 00:00:00+00:00,609741.0,258080.0,137764027.0294169,1455398.2078534113,4343208402.410698,24325856.5,3.145922773591,1001890.0,25860765174.980785,94.0,,,,
2021-01-02 00:00:00+00:00,711719.0,297111.0,139613208.60028157,2504284.3156627547,6152237015.4746895,24394226.0,3.36183826,1140633.0,26017522972.36384,94.0,,,,
2021-01-03 00:00:00+00:00,812749.0,359116.0,146085344.09830785,2893753.6352049857,5847742860.444979,14130568.0,3.43360474,1184688.0,26934373636.757122,93.0,,,,
2021-01-04 00:00:00+00:00,851667.0,373734.0,159954205.87979275,3516375.453386646,7503147813.225784,24429466.0,3.2392637,1270082.0,27043172917.323856,94.0,3700.65,111.2075,26.97,0.93
2021-01-05 00:00:00+00:00,845343.0,354091.0,145160753.31287554,3677640.8004324054,6775407806.433055,35303869.0,3.40781574,1230529.0,27326088569.74511,93.0,3726.86,110.9574,25.34,0.96
2021-01-06 00:00:00+00:00,924851.0,397384.0,163652569.02152207,4477049.4851396065,7549976673.166344,33816607.0,3.60095708,1344921.0,28052669569.899895,95.0,3748.14,110.8502,25.07,1.04
2021-01-07 00:00:00+00:00,940647.0,401744.0,155331251.95263115,4701567.105017461,9896769612.735806,50715659.5,3.742047073313,1292297.0,28480641168.99731,91.0,3803.79,111.3042,22.37,1.08
2021-01-08 00:00:00+00:00,883788.0,358526.0,136839436.24398455,5435433.863222621,8838843563.36015,81716111.5,3.78863874,1237271.0,28879251825.271313,93.0,3824.68,111.2847,21.56,1.13
2021-01-09 00:00:00+00:00,760179.0,321389.0,133808024.52210465,4571160.4769916665,5814286455.439408,85643602.5,3.6883279,1094947.0,29523607182.030388,93.0,,,,
2021-01-10 00:00:00+00:00,768365.0,331865.0,162879650.9247733,3643194.912175911,4278195465.100052,83945789.5,3.47615243,1177151.0,29476475421.233734,94.0,,,,
2021-01-11 00:00:00+00:00,801285.0,333958.0,157757649.32336533,4563809.325475646,6926936905.870075,81559054.0,3.17723254,1211948.0,29476090400.78733,90.0,3799.61,111.8257,24.08,1.15
2021-01-12 00:00:00+00:00,796457.0,336627.0,151611247.4016758,5843153.716853884,7357383072.698131,89023589.5,3.024579234512,1202314.0,29828459665.121376,84.0,3801.19,111.5501,23.33,1.15
2021-01-13 00:00:00+00:00,772596.0,319167.0,155708848.68280214,4725847.947130554,5277220346.7589445,88867570.5,3.31893271605,1163164.0,29836248092.966305,78.0,3809.84,111.3622,22.21,1.1
2021-01-14 00:00:00+00:00,802110.0,338809.0,150586847.08139417,5760122.5729426,8352711917.09365,86195212.0,3.43968572,1167975.0,29867913955.670486,83.0,3795.54,111.1567,23.25,1.15
2021-01-15 00:00:00+00:00,808283.0,344002.0,158782049.6436469,5500740.880559786,6530346131.6429825,79847066.0,3.21691863,1209589.0,29949701391.74516,88.0,3768.25,111.5106,24.34,1.11
2021-01-16 00:00:00+00:00,733398.0,308461.0,150586847.08139417,3324821.305439297,2570302174.9651437,89656965.5,3.16002808,1115276.0,30115152953.037804,84.0,,,,
2021-01-17 00:00:00+00:00,642730.0,271874.0,136245242.59745187,2359708.0570458584,2561329124.5043206,78962334.0,3.14208979,1002014.0,30147513449.275368,79.0,,,,
2021-01-18 00:00:00+00:00,720228.0,313816.0,148538046.440831,3085563.262248467,3849376580.2371182,82440920.0,3.16789734,1077578.0,30215048271.18534,79.0,,,,
2021-01-19 00:00:00+00:00,757920.0,325083.0,152635647.72195736,3635331.922466609,7509307340.108117,84284034.0,3.12779915,1095890.0,30637982214.930824,80.0,3798.91,111.4527,23.24,1.1
2021-01-20 00:00:00+00:00,755823.0,314809.0,144440445.1597046,3281456.6810408197,5094690667.83868,89809107.5,3.05640832,1107233.0,30785431272.142296,78.0,3851.85,,21.58,1.1
2021-01-21 00:00:00+00:00,736588.0,290754.0,132147641.31632549,3920315.5779263503,4661464273.179369,81437314.5,2.671999724485,1059467.0,30826570399.23626,75.0,3853.07,111.1973,21.32,1.12
2021-01-22 00:00:00+00:00,783335.0,326935.0,145464845.4799862,3691982.6629112507,5354605407.599176,102280887.5,2.83570647,1115180.0,30987952832.662003,40.0,3841.47,111.5516,21.91,1.1
2021-01-23 00:00:00+00:00,710703.0,305209.0,159781151.23197326,2439615.6205648743,2103201286.0037167,80299289.5,2.75080418,1128728.0,31071147158.249367,74.0,,,,
2021-01-24 00:00:00+00:00,608849.0,253971.0,143884925.38771522,1863241.6460687814,1966307038.6473134,60254128.0,2.763770318383,1004162.0,31082066747.323677,70.0,,,,
2021-01-25 00:00:00+00:00,732867.0,309102.0,144920068.73582825,3430771.1712717446,3905630182.601754,80059954.0,2.777191691556,1121794.0,30993788878.32457,74.0,3855.36,111.8676,23.19,1.05
2021-01-26 00:00:00+00:00,768537.0,336935.0,166658079.0462025,2628887.223134517,4228927064.0523696,66350992.5,2.79160837,1182517.0,31318410406.509575,71.0,3849.62,111.6572,23.02,1.05
2021-01-27 00:00:00+00:00,787548.0,323553.0,146990355.43205437,2576778.6193597983,5425004803.729349,68848706.0,2.58416695,1106142.0,31407950776.415627,78.0,3750.77,112.0782,37.21,1.04
2021-01-28 00:00:00+00:00,767142.0,325146.0,150095785.47639358,2799236.5101656364,4988231552.939995,76164700.0,2.83537151,1097896.0,31996377917.828457,55.0,3787.38,112.0059,30.21,1.07
2021-01-29 00:00:00+00:00,888960.0,341036.0,157341788.913185,5927830.549549784,8288844085.460961,79111170.0,2.87127647,1208741.0,33011535021.880043,77.0,3714.24,111.9511,33.09,1.11
2021-01-30 00:00:00+00:00,756022.0,312313.0,140779495.34337604,4717602.895583362,3416568799.038823,71868096.5,2.878188037248,1087755.0,33035089550.076656,76.0,,,,
2021-01-31 00:00:00+00:00,702062.0,290753.0,149060642.12828052,3354950.926542222,3119627987.413366,84619076.0,2.77012967,1063553.0,33086752299.211468,78.0,,,,
2021-02-01 00:00:00+00:00,724841.0,280863.0,124217201.7735671,4428334.453749844,4586348228.014149,85003849.5,2.798474060738,999221.0,33410392922.76093,77.0,3773.86,112.4189,30.24,1.09
2021-02-02 00:00:00+00:00,865515.0,364551.0,157341788.913185,5206601.055430933,4346023783.550835,83082881.0,2.95247741,1202183.0,33879398803.52425,76.0,3826.31,112.2862,25.56,1.12
2021-02-03 00:00:00+00:00,836448.0,344425.0,155271502.21695888,4914131.689372337,4985868433.536457,79560312.0,3.10161426,1187019.0,34444185358.880684,78.0,3830.17,112.2567,22.91,1.15
2021-02-04 00:00:00+00:00,895626.0,367788.0,165622935.69808948,6272363.342283791,6269136960.242842,68614492.5,3.046232040351,1226684.0,34560407752.60577,80.0,3871.74,112.7469,21.77,1.15
2021-02-05 00:00:00+00:00,856297.0,360541.0,174939225.83110696,5484953.255958728,6157892770.648826,78565710.5,3.09428668,1257476.0,35412867173.099976,81.0,3886.83,112.2379,20.87,1.19
2021-02-06 00:00:00+00:00,795079.0,333886.0,169021265.50315762,4773344.524637156,4577756277.630126,69237339.0,3.18428793,1147256.0,36054508313.06186,84.0,,,,
2021-02-07 00:00:00+00:00,718596.0,286364.0,166219498.0035569,3278905.683908417,3515624989.356609,74980401.5,3.141200247585,1159518.0,36506110332.84419,86.0,,,,
2021-02-08 00:00:00+00:00,822971.0,335223.0,172612555.6190783,5870830.670150638,8364117755.063739,81522360.5,3.65741696,1249543.0,37506526391.23932,83.0,3915.59,112.0428,21.24,1.19
2021-02-09 00:00:00+00:00,903883.0,360137.0,152367873.16992718,9291436.043097354,10834628125.018213,73997320.0,3.61855022,1174227.0,37620171525.81566,95.0,3911.23,111.7675,21.63,1.18
2021-02-10 00:00:00+00:00,861426.0,340758.0,152367873.16992718,7780335.760316885,7305646115.878271,81147442.5,3.46683384,1191329.0,38868320391.42273,92.0,3909.88,111.5834,21.99,1.15
2021-02-11 00:00:00+00:00,796146.0,304739.0,137450738.7337105,8872186.489498895,6333458804.686527,78227616.0,3.64585169,1052110.0,39022372197.9303,93.0,3916.38,111.5272,21.25,1.16
2021-02-12 00:00:00+00:00,857246.0,343306.0,151302363.56734022,9813445.721500803,7811431839.715774,82633813.0,3.57975153,1157108.0,39182125384.51402,92.0,3934.83,111.4889,19.97,1.2
2021-02-13 00:00:00+00:00,788028.0,336624.0,167285007.6061438,6946334.441674999,3676762390.3643637,80766626.0,3.54773666,1217682.0,40307949831.16486,92.0,,,,
2021-02-14 00:00:00+00:00,698818.0,298254.0,158760930.78544855,5155853.47150963,3102283702.90204,87181193.0,3.65475277,1122976.0,40552851413.30185,95.0,,,,
2021-02-15 00:00:00+00:00,769869.0,308496.0,160891949.9906224,5911922.730046334,5028594620.989651,85318462.5,3.56148121,1140491.0,40914608860.07323,93.0,,,,
2021-02-16 00:00:00+00:00,745457.0,296388.0,128926661.9130153,5865760.699015841,6187880486.479969,78237648.0,3.6125173,989854.0,40901592007.54938,95.0,3932.59,111.7879,21.46,1.3
2021-02-17 00:00:00+00:00,829226.0,317666.0,147040325.15699264,7250739.439918746,7740989999.164483,78881835.5,3.79432537,1134666.0,41742383663.59651,95.0,3931.33,112.0204,21.5,1.29
2021-02-18 00:00:00+00:00,820203.0,316952.0,145974815.55440575,7867926.502137245,8027247241.935083,73058910.5,3.70969063,1138881.0,42208910674.46402,91.0,3913.97,112.1603,22.49,1.29
2021-02-19 00:00:00+00:00,884319.0,341586.0,163181402.20420986,8560343.8188442,8975014334.61605,75751664.5,3.90986635,1248515.0,42409856798.48572,93.0,3906.71,111.7058,22.05,1.34
2021-02-20 00:00:00+00:00,830094.0,320475.0,157667240.0893604,8324614.345056749,6995147926.057189,81338334.5,3.87796973,1187083.0,43403798936.48636,91.0,,,,
2021-02-21 00:00:00+00:00,680893.0,271645.0,152267677.07260144,6621047.289411742,7839947832.124444,76147310.0,3.95810037,1047141.0,43535396243.26838,91.0,,,,
2021-02-22 00:00:00+00:00,761941.0,285383.0,143628376.2457872,7195847.117661797,8515953765.557784,76719455.5,3.68695731,1094544.0,43686873014.20269,94.0,3876.5,111.918,23.45,1.37
2021-02-23 00:00:00+00:00,796658.0,287884.0,137148900.6256765,9057970.466547955,12102608267.13961,68671062.0,3.28933195,1054613.0,43778649043.79186,94.0,3881.37,111.8981,23.11,1.37
2021-02-24 00:00:00+00:00,874171.0,358092.0,171706103.93293357,9584737.31624315,9123958043.345936,70252003.5,3.32994398,1230122.0,44079832885.06528,76.0,3925.43,111.7212,21.34,1.38
2021-02-25 00:00:00+00:00,830544.0,326116.0,168466366.12287825,7734467.165401474,8084434721.151986,82137307.0,3.17682646,1217040.0,44113483720.71315,79.0,3829.34,111.9253,28.89,1.54
2021-02-26 00:00:00+00:00,817077.0,306416.0,150107851.8658979,6938220.679978245,7202864759.149535,80557888.0,3.06572143,1114180.0,44479999155.400406,55.0,3811.15,112.8306,27.95,1.44
2021-02-27 00:00:00+00:00,775777.0,320784.0,169546278.72623003,4914902.241621362,3416482976.250144,85100743.0,3.04478896,1202477.0,44555746679.43672,56.0,,,,
2021-02-28 00:00:00+00:00,629972.0,254316.0,141468551.03908366,3716584.1736537777,3227571917.3888235,82290737.0,3.00886446,1033508.0,44764269464.73132,55.0,,,,
2021-03-01 00:00:00+00:00,748049.0,280485.0,140388638.43573186,5830065.236725032,5867267655.439818,75096269.0,3.269931,1073523.0,45427138941.227394,38.0,3901.82,112.5263,23.35,1.45
2021-03-02 00:00:00+00:00,810035.0,338150.0,154427502.27930507,6547506.395661628,6707252970.14486,84124544.0,3.17061495,1119669.0,45735364896.51037,78.0,3870.29,112.5342,24.1,1.42
2021-03-03 00:00:00+00:00,840642.0,333402.0,164146715.7094711,6732292.332712144,6540727319.73289,84542324.5,3.3135168,1185450.0,46403335934.946335,78.0,3819.72,112.7617,26.67,1.47
2021-03-04 00:00:00+00:00,752764.0,289631.0,138228813.22902828,5608811.642099855,5254550974.76691,79923047.0,3.161905493951,1042797.0,46371195780.328476,84.0,3768.47,112.7037,28.57,1.54
2021-03-05 00:00:00+00:00,806404.0,317780.0,160906977.89941573,5464049.6394439265,8571816585.961295,79153168.5,3.17106851,1154593.0,46448933930.853874,77.0,3841.94,113.7487,24.66,1.56
2021-03-06 00:00:00+00:00,677322.0,287963.0,162254330.9888254,3766262.353274381,2814010102.6878242,88744808.5,3.175929809802,1147083.0,46587211316.528145,77.0,,,,
2021-03-07 00:00:00+00:00,654593.0,260739.0,155665151.9066483,3581184.378049325,3256898858.6546917,91555896.5,3.30549961,1043256.0,46717448605.810356,76.0,,,,
2021-03-08 00:00:00+00:00,723503.0,291955.0,165260948.9419896,4608160.352699808,6455368739.454128,88260398.5,3.35002291,1164249.0,46692573332.95623,81.0,3821.35,114.2678,25.47,1.59
2021-03-09 00:00:00+00:00,782612.0,299682.0,149267953.88308737,5676836.613151384,7267886049.152834,91209086.5,3.49855563203,1088598.0,46732859670.20114,81.0,3875.44,113.928,24.03,1.55
2021-03-10 00:00:00+00:00,833186.0,344688.0,158863750.91842875,6129405.834610043,7607218390.253023,86307321.0,3.56293331,1165773.0,48173460869.046036,68.0,3898.81,113.5881,22.56,1.53
2021-03-11 00:00:00+00:00,766597.0,291245.0,140738356.51833954,6269462.062021274,7815260934.970914,74410118.0,3.63177042,1084417.0,48303777911.38762,73.0,3939.34,112.9214,21.91,1.54
2021-03-12 00:00:00+00:00,818834.0,320744.0,159929950.58902222,6665975.420026365,8389445169.75331,78045506.0,3.570586382096,1186618.0,48274293754.764305,70.0,3943.34,113.0269,20.69,1.64
2021-03-13 00:00:00+00:00,739312.0,277072.0,152466552.89486787,6912800.200813857,6252538514.7425,73074876.0,3.78957634,1104466.0,48369437412.15052,74.0,,,,
2021-03-14 00:00:00+00:00,736008.0,308050.0,167393348.28317663,5353415.752495764,5914693356.069364,72359116.0,3.68484058,1155175.0,48412671299.80789,78.0,,,,
2021-03-15 00:00:00+00:00,782966.0,292231.0,157797551.24783528,6454623.616861326,7391203818.270152,73283250.5,3.43735753,1167577.0,49578963628.13907,76.0,3968.94,113.1928,20.03,1.62
2021-03-16 00:00:00+00:00,822884.0,319493.0,158863750.91842875,6115414.671408256,8414319042.315213,82763347.0,3.44231318,1161912.0,50029305353.23393,71.0,3962.71,112.9839,19.79,1.62
2021-03-17 00:00:00+00:00,808119.0,296119.0,145003155.2007135,6018255.183766747,6410069887.531584,77292478.5,3.55383882,1110541.0,50140354363.69322,71.0,3974.12,113.1589,19.23,1.63
2021-03-18 00:00:00+00:00,885634.0,331718.0,162062349.9302092,8093851.597071255,5684429157.027738,79708867.5,3.48651656,1219716.0,50567101191.9309,72.0,3915.46,112.7744,21.58,1.71
2021-03-19 00:00:00+00:00,833389.0,316180.0,158357615.36380938,6889476.881835576,5953986740.001387,79070544.5,3.50341884,1158820.0,50908488413.4736,71.0,3913.1,112.9756,20.95,1.74
2021-03-20 00:00:00+00:00,742019.0,286948.0,167389189.0439892,4922164.745245101,3378908922.8126254,75527910.5,3.49731896,1124513.0,51999788016.298546,75.0,,,,
2021-03-21 00:00:00+00:00,612850.0,234936.0,169563074.61598912,3555153.6542713344,3654267039.161541,74716197.5,3.440164039174,1112554.0,52161723611.896416,73.0,,,,
2021-03-22 00:00:00+00:00,781908.0,297410.0,164128360.68598944,4829963.204994431,5299609269.970794,84857271.5,3.25092326,1144113.0,52185050570.85742,70.0,3940.59,113.0023,18.88,1.69
2021-03-23 00:00:00+00:00,810265.0,314234.0,174997788.54598877,4523133.092676763,7567504956.543793,91442796.5,3.23614304,1234149.0,52266561458.5051,66.0,3910.52,113.2916,20.3,1.63
2021-03-24 00:00:00+00:00,780464.0,305093.0,165215303.47198936,4550595.201614134,6956174962.680886,87371122.0,3.11041886,1153475.0,52325720739.597084,65.0,3889.14,113.6565,21.2,1.62
2021-03-25 00:00:00+00:00,847860.0,318562.0,167389189.0439892,4498616.290606775,7475059268.080135,112289537.0,3.03612207,1218346.0,52525887261.6782,60.0,3909.52,114.0016,19.81,1.63
2021-03-26 00:00:00+00:00,790548.0,293610.0,147824218.8959905,4326816.954252167,7494637392.191981,94882140.0,3.20883079,1085835.0,52797121533.89916,54.0,3974.54,113.7406,18.86,1.67
2021-03-27 00:00:00+00:00,722993.0,288259.0,172823902.97398886,3697780.907201107,3738511752.0196714,99440016.0,3.26897077,1149403.0,53681495371.761185,65.0,,,,
2021-03-28 00:00:00+00:00,629197.0,248605.0,172823902.97398886,3241129.2352661006,2746380160.0662503,82989598.5,3.24472988,1063472.0,53738723923.55763,74.0,,,,
2021-03-29 00:00:00+00:00,776764.0,303305.0,164128360.68598944,4649750.663179881,6604751298.088798,75589915.0,3.33795673,1115525.0,53541662531.69052,72.0,3971.09,113.9314,20.74,1.73
2021-03-30 00:00:00+00:00,826466.0,321090.0,158693646.7559898,5655379.479868109,6286007313.120905,85752286.0,3.38330063,1154381.0,53677103138.621414,72.0,3958.55,114.203,19.61,1.73
2021-03-31 00:00:00+00:00,900660.0,332749.0,170650017.401989,6022839.755071059,6798433825.419553,81821670.5,3.375535019449,1234495.0,53605302959.18941,76.0,3972.89,113.8234,19.4,1.74
2021-04-01 00:00:00+00:00,814587.0,311939.0,157606703.96998987,5303552.033138514,6961929171.789202,84307348.0,3.35598363,1145125.0,54939965019.76158,74.0,4019.87,113.7389,17.33,1.69
2021-04-02 00:00:00+00:00,795716.0,305788.0,160517766.38346806,5302028.487984678,6501984723.386886,80395495.5,3.35413045,1103476.0,55008938948.30635,74.0,,113.7315,,1.72
2021-04-03 00:00:00+00:00,704293.0,281717.0,150672055.73110902,5053962.998789172,3823846850.7601023,77792079.5,3.25187507,1020968.0,54947316037.823524,73.0,,,,
2021-04-04 00:00:00+00:00,618857.0,246007.0,167924581.1965032,3879756.5905186064,3007013909.974989,84744165.5,3.298301283114,1032167.0,55148520551.066315,74.0,,,,
2021-04-05 00:00:00+00:00,763702.0,289046.0,179426264.84009933,5510408.653952021,5636763512.818328,88230664.0,3.32023402,1229289.0,55111659695.91633,71.0,4077.91,113.394,17.91,1.73
2021-04-06 00:00:00+00:00,841579.0,309565.0,165624244.467784,6219566.173913687,11383898953.539917,87076869.5,3.22914317,1180036.0,56216740614.71794,75.0,4073.94,113.1464,18.12,1.67
2021-04-07 00:00:00+00:00,860993.0,321319.0,180576433.20445892,5753741.895590767,6422300909.583367,83326573.5,3.12214094,1246138.0,57290425264.10966,72.0,4079.95,113.2436,17.16,1.68
2021-04-08 00:00:00+00:00,761635.0,278534.0,154122560.82418784,5237750.288578641,6112050100.201059,85457159.5,3.2057806,1092604.0,57479884058.31947,73.0,4097.17,113.0917,16.95,1.64
2021-04-09 00:00:00+00:00,853581.0,324720.0,174825591.38266087,6856015.940104296,6330239986.766539,78544171.5,3.203576140634,1222362.0,57500084274.27363,70.0,4128.8,113.2028,16.69,1.67
2021-04-10 00:00:00+00:00,762965.0,299086.0,180576433.20445892,5392473.672499956,6092856977.739401,78506326.5,3.27565104,1163952.0,57475290781.310684,70.0,,,,
2021-04-11 00:00:00+00:00,653736.0,253449.0,166774412.8321436,3799375.034562434,4013468488.9395313,81492529.0,3.28353702,1043812.0,57544556761.88559,76.0,,,,
2021-04-12 00:00:00+00:00,762819.0,291369.0,165624244.467784,5521992.880361168,7343373828.67675,81941743.5,3.26759859,1126723.0,58315022690.27747,74.0,4127.99,113.1815,16.91,1.69
2021-04-13 00:00:00+00:00,839652.0,310213.0,163323907.73906472,6350802.34257512,9364020483.020603,77595988.0,3.43453079,1178027.0,58477102479.870224,74.0,4141.59,113.0391,16.65,1.64
2021-04-14 00:00:00+00:00,854552.0,297494.0,155272729.1885475,8790846.152798707,9467805074.32664,75303755.5,3.37622405,1149773.0,60804478115.898575,75.0,4124.66,112.7849,16.99,1.64
2021-04-15 00:00:00+00:00,952400.0,359440.0,198514005.70963436,10188549.816228364,7491319879.713019,83892070.5,3.37419883,1366494.0,61005602533.928055,79.0,4170.42,112.6181,16.57,1.56
2021-04-16 00:00:00+00:00,733666.0,219704.0,120743465.5644424,8654721.85556124,7918735254.1182995,73018440.5,3.27664917,933121.0,62468717258.77939,78.0,4185.47,112.4814,16.25,1.59
2021-04-17 00:00:00+00:00,611196.0,194580.0,106676265.69285686,10048484.461639743,3345356860.835313,71169351.0,3.19962738,828375.0,62795822008.86507,76.0,,,,
2021-04-18 00:00:00+00:00,754058.0,274735.0,145361065.33971703,12476165.523354191,11856647360.954725,74765357.0,2.959841879616,1057891.0,63180655941.33798,79.0,,,,
2021-04-19 00:00:00+00:00,674744.0,208413.0,113709865.62864962,12351427.720684322,7003954975.952247,69759340.5,2.92575459,884672.0,65283003775.24487,74.0,4163.26,112.1835,17.29,1.61
2021-04-20 00:00:00+00:00,829989.0,279977.0,150050131.96357888,16903066.469236225,8311557599.486943,70752144.5,2.95532944,1126908.0,65468159892.039116,73.0,4134.94,112.2354,18.68,1.58
2021-04-21 00:00:00+00:00,719498.0,226021.0,118398932.25251147,14191444.152411666,7009968211.3791,73134731.0,2.82653587,918079.0,65490065862.52451,73.0,4173.42,112.1771,17.5,1.57
2021-04-22 00:00:00+00:00,757844.0,274610.0,167634131.8030608,16131777.906998474,8500130355.892971,74940371.5,2.70960708,1114976.0,65515574744.76909,65.0,4134.98,112.2297,18.71,1.57
2021-04-23 00:00:00+00:00,794322.0,295731.0,158255998.5553371,13449168.615648933,11486117186.513248,70366738.5,2.65915763,1114180.0,65711545315.67241,55.0,4180.17,112.0889,17.33,1.58
2021-04-24 00:00:00+00:00,695216.0,290690.0,169978665.11499172,8436390.177821115,3907764473.017146,67378795.0,2.61911452,1125210.0,66042661586.62448,37.0,,,,
2021-04-25 00:00:00+00:00,585806.0,241041.0,165289598.49112985,5771401.265578174,5690337431.31398,88347286.5,2.54988868,1026103.0,66131158210.6834,31.0,,,,
2021-04-26 00:00:00+00:00,677984.0,240687.0,133638398.78006244,9090410.378321573,6987267570.035969,73948398.5,2.79947785,943203.0,66225347903.22237,27.0,4187.62,111.8109,17.64,1.58
2021-04-27 00:00:00+00:00,748381.0,298109.0,166461865.14709532,8851481.485113187,6828181874.191442,86549662.5,2.84255929,1092574.0,66377234836.12674,50.0,4186.72,111.9097,17.56,1.63
2021-04-28 00:00:00+00:00,728620.0,277126.0,166461865.14709532,7443013.032134759,5400170407.9552355,90565031.5,2.82520447,1113474.0,66882907206.63066,59.0,4183.18,111.7909,17.28,1.63
2021-04-29 00:00:00+00:00,703520.0,259465.0,143016532.0277861,7790812.84611359,7198764177.987766,82470047.5,2.75289848,986056.0,67104300252.08701,52.0,4211.47,111.7464,17.61,1.65
2021-04-30 00:00:00+00:00,738101.0,289389.0,169978665.11499172,8109470.678177836,8038587266.254536,82515380.0,2.9509244,1122022.0,68303341313.60849,51.0,4181.17,112.0839,18.61,1.65
2021-05-01 00:00:00+00:00,677778.0,262991.0,158954589.9843886,6056552.391225515,3347043374.8694096,91515547.5,2.95232813,1040203.0,68341130211.5197,68.0,,,,
2021-05-02 00:00:00+00:00,587240.0,235214.0,189527186.50027975,4835523.6296327105,2991270138.389222,78452527.0,2.88247785,1248724.0,68318332804.587006,66.0,,,,
2021-05-03 00:00:00+00:00,746177.0,287007.0,181331416.27324066,6436473.553799337,5954769584.492453,67192446.0,2.90918692,1268856.0,69288130272.02165,61.0,4192.66,112.005,18.31,1.63
2021-05-04 00:00:00+00:00,772207.0,300824.0,185429301.3867602,5497091.92912356,7698193443.310121,67694248.0,2.72676307,1293836.0,69593769966.85469,68.0,4164.66,112.2896,19.48,1.61
2021-05-05 00:00:00+00:00,808208.0,309774.0,160841990.70564282,5618412.242955813,6381517581.403065,70812031.0,2.90068009,1208973.0,71782146461.16559,48.0,4167.59,112.1514,19.15,1.59
2021-05-06 00:00:00+00:00,843433.0,311380.0,174160117.3245814,6232192.355571224,7566141015.089905,54723668.5,2.845644398322,1228892.0,71804376400.84195,65.0,4201.62,111.8401,18.39,1.58
2021-05-07 00:00:00+00:00,804452.0,307988.0,176209059.88134116,6203291.381208557,9703541846.825617,50010220.5,2.86911512,1187763.0,71877027148.78204,64.0,4232.6,111.0249,16.69,1.6
2021-05-08 00:00:00+00:00,744143.0,274691.0,175184588.60296133,5108566.170966267,4620961715.6818495,76004722.0,2.93389162,1169650.0,72170896377.91647,67.0,,,,
2021-05-09 00:00:00+00:00,690253.0,247866.0,190551657.77865964,4061657.140035584,5388114089.551383,46870544.5,2.90472472,1234486.0,72375034508.16945,73.0,,,,
2021-05-10 00:00:00+00:00,824736.0,303297.0,184404830.1083803,5826701.432634164,8099530690.219605,42892539.0,2.78208874,1315147.0,74423737548.09756,72.0,4188.43,110.7905,19.66,1.63
2021-05-11 00:00:00+00:00,854634.0,312115.0,176209059.88134116,4569327.254052799,6620873679.221073,21912764.5,2.81280636,1258920.0,74494230584.72888,61.0,4152.1,110.8921,21.84,1.64
2021-05-12 00:00:00+00:00,852846.0,300452.0,176209059.88134116,4310769.8944145525,12953414263.347263,39267441.5,2.528710162627,1245595.0,75443194973.51695,68.0,4063.04,111.5636,27.59,1.69
2021-05-13 00:00:00+00:00,806882.0,276472.0,185896531.25400168,3571243.821192496,11355681895.517153,31265925.5,2.4489477,1187747.0,75650624982.34224,31.0,4112.5,111.5955,23.13,1.66
2021-05-14 00:00:00+00:00,752353.0,266055.0,166839065.28467855,3682592.1994276666,7906534590.266755,46412295.0,2.47934018,1066269.0,75964233027.39798,26.0,4173.85,111.1353,18.81,1.63
2021-05-15 00:00:00+00:00,646899.0,232099.0,153143321.1195184,3116945.152075572,4191692549.2390285,42460529.0,2.33381396,953308.0,76123964943.94034,27.0,,,,
2021-05-16 00:00:00+00:00,604353.0,219435.0,164348929.98192218,2465303.782950687,5725518842.773768,27193249.0,2.2838578,971649.0,76129670042.57188,20.0,,,,
2021-05-17 00:00:00+00:00,684281.0,250910.0,150653185.81676203,3372348.388394168,10100167444.649612,52656421.5,2.16428882,962984.0,77465247478.56906,27.0,4163.29,111.079,19.72,1.64
2021-05-18 00:00:00+00:00,619246.0,221018.0,124506765.13781983,2962920.36571643,6401432361.182449,68359865.5,2.13179763,856695.0,77603014822.25397,21.0,4127.83,110.8317,21.34,1.64
2021-05-19 00:00:00+00:00,734818.0,263419.0,155633456.42227483,4895433.900307426,14642615897.19912,80456707.0,1.88892076,1031147.0,78306788524.7181,23.0,4115.68,110.8807,22.18,1.68
2021-05-20 00:00:00+00:00,694786.0,228039.0,139447576.95435822,5275558.551735828,12059107969.11172,80685257.0,2.05205637,943686.0,79159738812.52405,11.0,4159.12,110.8605,20.67,1.63
2021-05-21 00:00:00+00:00,695822.0,226351.0,136957441.6516018,5103904.750231578,7317126300.495066,75571850.0,1.87448768,942736.0,80250062173.76183,19.0,4155.86,111.0576,20.15,1.63
2021-05-22 00:00:00+00:00,603588.0,223800.0,144427847.55987102,3840269.8724246523,5042562364.379068,81879681.0,1.90162942,918673.0,81566846495.16116,12.0,,,,
2021-05-23 00:00:00+00:00,555526.0,194320.0,148163050.51400563,2828084.48155193,4450529580.047133,74624845.0,1.75890282,957018.0,82153688856.1666,14.0,,,,
2021-05-24 00:00:00+00:00,643231.0,234755.0,156878524.07365298,3595913.2879619226,7207897767.577337,65598860.0,1.94867935,975836.0,83433442489.07504,10.0,4197.05,110.9118,18.4,1.61
2021-05-25 00:00:00+00:00,640506.0,233644.0,153143321.1195184,3266233.2319682976,6201345379.021109,85302998.0,1.93329011,968674.0,83608510477.91365,22.0,4188.13,110.842,18.84,1.56
2021-05-26 00:00:00+00:00,641585.0,230753.0,151898253.46814018,3057611.9648879245,5744713581.126872,81292384.0,1.97886373,933622.0,84239083114.97964,22.0,4195.99,110.8677,17.36,1.58
2021-05-27 00:00:00+00:00,602300.0,214035.0,145672915.21124923,2569470.9097811165,4886792807.599231,78534108.5,1.94636165,864432.0,84607366151.03853,27.0,4200.88,110.8688,16.74,1.61
2021-05-28 00:00:00+00:00,616432.0,218311.0,148163050.51400563,2547163.26942885,5453824455.071646,74313534.5,1.80279078,972164.0,85754908711.05627,21.0,4204.11,110.7576,16.76,1.58
2021-05-29 00:00:00+00:00,537305.0,198332.0,144427847.55987102,1672654.4312377414,3534235035.747762,47930335.0,1.75819515,863265.0,85876616169.38348,18.0,,,,
2021-05-30 00:00:00+00:00,476088.0,179795.0,151858199.84334671,1298426.0232431004,2229477248.099227,21154307.0,1.80573948,990443.0,86076636795.36496,10.0,,,,
2021-05-31 00:00:00+00:00,599311.0,226469.0,147526659.02062267,1650478.0467553504,3294970505.355651,28200700.0,1.88939041,977895.0,87271513512.41815,18.0,,,,
2021-06-01 00:00:00+00:00,615006.0,234561.0,148572947.38247102,1727599.80392406,5421714885.342989,22205450.5,1.85490761,914351.0,87268486883.2052,20.0,4202.04,110.5046,17.9,1.62
2021-06-02 00:00:00+00:00,663855.0,250589.0,173683868.0668324,1910085.5239235815,3845016656.313909,5029957.5,1.905098964141,1090605.0,87369100342.32523,23.0,4208.12,110.5799,17.48,1.59
2021-06-03 00:00:00+00:00,692529.0,255621.0,153804389.191713,1920705.763168388,4080204482.2136693,6236492.0,1.9791401,1015474.0,87430228653.17172,24.0,4192.85,111.1782,18.04,1.63
2021-06-04 00:00:00+00:00,632737.0,236672.0,137063775.4021388,1583206.0589285903,3411600139.2564692,406321.0,1.866853639007,907519.0,87437989027.01526,27.0,4229.89,110.7521,16.42,1.56
2021-06-05 00:00:00+00:00,537842.0,194580.0,137063775.4021388,1082501.9358168778,2192085664.632768,206822.0,1.79378368,762659.0,87468486173.00786,24.0,,,,
2021-06-06 00:00:00+00:00,467665.0,185305.0,156943254.27725816,812485.561027935,1550993266.2225916,4981740.5,1.81038933,737174.0,87549684012.70013,17.0,,,,
2021-06-07 00:00:00+00:00,615279.0,235479.0,139156352.12583557,1266620.5811851544,3987593296.6689854,17896172.5,1.71255578,910652.0,87657069475.42143,15.0,4226.52,110.5155,16.42,1.57
2021-06-08 00:00:00+00:00,656191.0,246906.0,155896965.91540977,1156939.76257696,4855389937.573238,4108691.5,1.7042113,998834.0,87746911873.00447,13.0,4227.26,110.649,17.07,1.53
2021-06-09 00:00:00+00:00,581779.0,210911.0,131832333.59289683,1210337.2286366103,4061991299.6894774,23874343.0,1.89766024,817282.0,87865354147.84802,14.0,4219.55,110.5707,17.89,1.5
2021-06-10 00:00:00+00:00,679752.0,252983.0,123462026.69810976,1715939.0850784644,4643427946.043253,22686578.5,1.87120729,948298.0,87802424934.58374,21.0,4239.18,110.5456,16.1,1.45
2021-06-11 00:00:00+00:00,616007.0,216502.0,109860277.9940807,1505578.8821680094,3501716416.1339355,46186261.5,1.88860664,874050.0,88016068628.99077,21.0,4247.44,111.0933,15.65,1.47
2021-06-12 00:00:00+00:00,584529.0,222774.0,138110063.76398718,1278937.849496455,2153678028.595535,3386770.5,1.81254069,1013611.0,88143795388.97897,28.0,,,,
2021-06-13 00:00:00+00:00,480484.0,187098.0,136724465.12868512,849824.279575072,1539743948.2780533,5772073.0,1.976225,799859.0,88226628913.4201,23.0,,,,
2021-06-14 00:00:00+00:00,624698.0,242416.0,133766696.2189013,1524262.6327825463,4973233612.976941,8955497.5,2.04984505,972587.0,88324163421.67886,28.0,4255.15,110.9659,16.39,1.51
2021-06-15 00:00:00+00:00,677276.0,241861.0,129803238.5531561,1557577.83556363,4080041045.1731434,8799180.5,2.03798688,963054.0,88408177325.21367,38.0,4246.59,111.3507,17.02,1.51
2021-06-16 00:00:00+00:00,651528.0,252937.0,121876323.22166562,1538879.3000574247,3918231599.126314,345528.5,1.937890111061,954838.0,88504557671.50153,33.0,4223.7,111.1165,18.15,1.57
2021-06-17 00:00:00+00:00,601894.0,237725.0,128812374.13671976,1210119.7037208944,3458321392.277408,1308233.0,1.927486814795,865333.0,88506013415.71321,26.0,4221.86,112.5772,17.75,1.52
2021-06-18 00:00:00+00:00,567037.0,222918.0,122867187.63810194,1142644.84491354,5151710129.431004,1961415.5,1.812458657444,825241.0,88771428075.26001,25.0,4166.45,113.0408,20.7,1.45
2021-06-19 00:00:00+00:00,489074.0,187042.0,102059034.89293952,880657.4080873234,2186838846.1350193,38869916.5,1.805038478086,688095.0,88901495602.15154,23.0,,,,
2021-06-20 00:00:00+00:00,441204.0,167249.0,104040763.72581212,794364.5851247732,2162759239.6124706,14311967.5,1.807459745287,652470.0,88949136332.40904,21.0,,,,
2021-06-21 00:00:00+00:00,549345.0,205050.0,104040763.72581212,1325747.4307627026,4751842584.489068,19467362.0,1.615498500377,835557.0,89521049888.45737,23.0,4224.79,112.8391,17.89,1.5
2021-06-22 00:00:00+00:00,550948.0,196523.0,90168661.89570382,1529601.8295875858,4882368443.934831,33427446.5,1.651499802307,776432.0,89688747058.42505,10.0,4246.44,112.9174,16.66,1.48
2021-06-23 00:00:00+00:00,598493.0,232704.0,100077306.0600669,1921499.6998474358,4386486291.106102,29029426.5,1.713698226674,847730.0,89973626241.64725,14.0,4241.84,112.3819,16.32,1.5
2021-06-24 00:00:00+00:00,594998.0,233278.0,104040763.72581212,1624791.7610860553,3876348202.4309297,22894610.5,1.766672167447,843836.0,90063902252.47934,22.0,4266.49,112.326,15.97,1.49
2021-06-25 00:00:00+00:00,564091.0,218245.0,108995085.80799364,1467294.4885132674,4356792800.442628,15826134.0,1.630917169218,880813.0,90236641991.92575,27.0,4280.7,111.9655,15.62,1.54
2021-06-26 00:00:00+00:00,490112.0,181628.0,88186933.06283121,926377.4862813442,2331345211.2810645,9225644.5,1.643033945428,715801.0,90307516231.92313,20.0,,,,
2021-06-27 00:00:00+00:00,379066.0,124640.0,58461000.569742054,894563.6187211958,2112213965.6302857,29699360.0,1.776255857109,518219.0,90429305603.94678,22.0,,,,
2021-06-28 00:00:00+00:00,580308.0,217898.0,86205204.22995861,1819158.7098277253,3708117939.5760326,34922434.0,1.769776037417,776365.0,89844993194.48085,25.0,4290.61,112.0248,15.76,1.49
2021-06-29 00:00:00+00:00,566351.0,205616.0,89177797.47926754,1895790.0716161353,3300219147.3776546,45024669.5,1.849675862855,792995.0,89787816092.27496,25.0,4291.8,112.2613,16.02,1.49
2021-06-30 00:00:00+00:00,567655.0,218734.0,88186933.06283121,2176609.7601236287,3725912659.9057236,58107068.0,1.805586334557,790273.0,89681830840.76855,28.0,4297.5,112.5533,15.83,1.45
2021-07-01 00:00:00+00:00,609509.0,230253.0,94132119.56144907,2444115.2429898167,3625272212.8194623,59558147.5,1.727368166727,817115.0,89796112992.64091,28.0,4319.94,112.74,15.48,1.48
2021-07-02 00:00:00+00:00,532456.0,188568.0,89177797.47926754,2064573.7223746127,4454956968.426739,61306379.0,1.746141242195,809016.0,89988647136.58974,21.0,4352.34,112.5425,15.07,1.44
2021-07-03 00:00:00+00:00,583136.0,237463.0,98706076.21227616,2028058.1386466548,1526282960.7179453,26871565.5,1.787452030946,1027108.0,90040804615.97644,24.0,,,,
2021-07-04 00:00:00+00:00,467442.0,171850.0,82108836.0775171,1533082.3198251345,1515363756.6394658,12938065.5,1.8265447061,843475.0,90037135457.8777,27.0,,,,
2021-07-05 00:00:00+00:00,547735.0,223760.0,94246664.01941094,1618457.3412438722,2169927055.3384056,616970.0,1.752492211228,902032.0,90043171545.29886,29.0,,,,
2021-07-06 00:00:00+00:00,579824.0,228279.0,101386562.80876024,1608397.4381320153,2346543660.266684,257850.5,1.763785729615,853332.0,90197503938.78632,20.0,4343.54,112.9516,16.44,1.37
2021-07-07 00:00:00+00:00,568382.0,221227.0,87820755.10899657,1309346.4201905783,2415077701.787478,3604746.0,1.753796589122,811614.0,90319330739.30232,28.0,4358.13,113.1048,16.2,1.33
2021-07-08 00:00:00+00:00,580441.0,230719.0,99244593.17195547,966730.0958412429,3349209076.6624417,889460.5,1.697989573018,802085.0,90448224063.64856,20.0,4320.82,113.0776,19.0,1.3
2021-07-09 00:00:00+00:00,569423.0,227511.0,93532674.14047602,891745.7720978879,2552942232.963585,149127.5,1.754049012631,818441.0,90584264447.82806,20.0,4369.55,112.8375,16.18,1.37
2021-07-10 00:00:00+00:00,485683.0,187263.0,114952370.50852396,646919.5939725555,1104335807.3131185,1511600.5,1.738516988105,726034.0,90610845856.2193,20.0,,,,
2021-07-11 00:00:00+00:00,436977.0,166144.0,89248734.86686642,634137.4887759703,1361224001.4296572,336264.0,1.771750243299,690684.0,90620815451.50433,20.0,,,,
2021-07-12 00:00:00+00:00,560833.0,220269.0,89962724.74580133,975257.973337679,3530030646.398229,172434.0,1.713116506244,838472.0,90900998500.82722,25.0,4384.63,112.7611,16.17,1.38
2021-07-13 00:00:00+00:00,542415.0,229916.0,97102623.53515066,1039050.6574440622,2583990657.5143604,234125.5,1.688811469688,807050.0,91015708275.20804,20.0,4369.21,113.0063,17.12,1.42
2021-07-14 00:00:00+00:00,564753.0,236217.0,121378279.41893831,815940.8357754195,2847291324.211062,135324.5,1.697934967437,817900.0,91220403406.30795,21.0,4374.3,112.8801,16.33,1.37
2021-07-15 00:00:00+00:00,572802.0,226234.0,91390704.50367121,726170.955563693,3546057522.319202,1234247.5,1.643649164372,828844.0,90873460783.09561,20.0,4360.03,113.0041,17.01,1.31
2021-07-16 00:00:00+00:00,552751.0,223466.0,107098481.84023969,549046.4443972324,2855123418.4177036,279000.0,1.63221452573,764392.0,90991836317.76085,22.0,4327.16,113.0428,18.45,1.31
2021-07-17 00:00:00+00:00,458821.0,182047.0,101997588.09440474,398117.9175862612,4054713463.0521975,367676.0,1.630400402935,640355.0,91127349669.73038,15.0,,,,
2021-07-18 00:00:00+00:00,422214.0,161122.0,97872242.08868839,382734.74101993314,1052594971.1817188,2771216.5,1.639258220118,651828.0,91185633398.68094,19.0,,,,
2021-07-19 00:00:00+00:00,552678.0,226803.0,115543619.13247934,590435.3666245714,2991573664.253314,279104.5,1.597725750094,845474.0,91189648610.27216,24.0,4258.49,113.5472,22.5,1.19
2021-07-20 00:00:00+00:00,571829.0,230509.0,82919538.43624988,541599.9859052661,2934190502.6489563,13489347.5,1.540648215719,822257.0,91310387831.12279,19.0,4323.06,113.7502,19.73,1.23
2021-07-21 00:00:00+00:00,571507.0,235680.0,98551910.4365265,451686.5339324978,3408086708.7529273,751154.0,1.661721371109,815589.0,91408247969.11917,10.0,4358.69,113.3926,17.91,1.3
2021-07-22 00:00:00+00:00,571344.0,230282.0,103989257.2192314,462651.58224141743,2584131350.756411,189993.5,1.670492594499,780869.0,91464821085.37018,21.0,4367.48,113.4695,17.69,1.27
2021-07-23 00:00:00+00:00,581850.0,231130.0,91755226.95814537,626145.7922654526,2519917919.132724,1825829.0,1.732406654257,803246.0,91556592461.26125,23.0,4411.79,113.4398,17.2,1.3
2021-07-24 00:00:00+00:00,497255.0,198091.0,104668925.56706952,434318.1405187592,1689884089.6329966,207020.0,1.769606297066,712132.0,91595010829.54088,22.0,,,,
2021-07-25 00:00:00+00:00,440908.0,174535.0,103989257.2192314,334180.79404612485,1824435371.4748766,212634.5,1.81848487747,641796.0,91638175485.19687,27.0,,,,
2021-07-26 00:00:00+00:00,644448.0,261950.0,101950252.17571706,700527.0059988148,8661331075.286484,7286934.0,1.93010945385,958347.0,91680880182.7324,26.0,4422.3,113.2238,17.58,1.29
2021-07-27 00:00:00+00:00,600692.0,255221.0,115543619.13247934,605648.3806176905,7345558779.508659,1012394.5,2.001791162085,903400.0,91757907756.9791,32.0,4401.46,113.2227,19.36,1.25
2021-07-28 00:00:00+00:00,605433.0,251223.0,106707930.61058386,619650.4724596755,6002881501.151431,728676.5,2.033833059073,868607.0,91838724563.65073,50.0,4400.64,113.1807,18.31,1.26
2021-07-29 00:00:00+00:00,620900.0,262612.0,108746935.65409821,602440.4757681953,8710173273.907516,383359.0,2.017407304464,880689.0,91776768537.16437,50.0,4419.15,112.4834,17.7,1.28
2021-07-30 00:00:00+00:00,629903.0,255417.0,112824945.7411269,576905.9281111764,3645326210.342276,307764.0,2.099162197424,841162.0,91873602293.38596,53.0,4395.26,112.6714,18.24,1.24
2021-07-31 00:00:00+00:00,532121.0,207348.0,112465862.12588961,467510.799921637,1924780316.6358085,166634.5,2.098153113059,720022.0,91995188869.73598,60.0,,,,
2021-08-01 00:00:00+00:00,474430.0,185157.0,110975800.79118258,402959.18126019154,1721720041.225241,548387.0,2.006838470091,695892.0,92014698475.83534,60.0,,,,
2021-08-02 00:00:00+00:00,583866.0,239277.0,103048957.87752669,533678.3025228591,3383600749.1596594,1611843.5,1.972933571383,899861.0,92021928525.60527,48.0,4387.16,112.6691,19.46,1.2
2021-08-03 00:00:00+00:00,593856.0,246198.0,121785132.03707698,492729.87890437024,3774291695.6785836,371061.5,1.922865034712,820918.0,92045783630.17625,48.0,4423.15,112.8228,18.04,1.19
2021-08-04 00:00:00+00:00,587149.0,239596.0,98004603.29610927,586176.42127036,4094514095.0958066,176202.0,1.995697932518,842870.0,92118296787.82907,42.0,4402.66,112.8953,17.97,1.19
2021-08-05 00:00:00+00:00,614597.0,246175.0,115299533.28954034,585774.341207098,3189301462.820454,959988.5,2.052274774394,854629.0,91238501486.15115,50.0,4429.1,112.7674,17.28,1.23
2021-08-06 00:00:00+00:00,636514.0,260810.0,114578911.20648071,589380.3074954066,4463338799.731509,223912.5,2.140827816615,894265.0,91174828284.73338,52.0,4436.52,113.3088,16.15,1.31
2021-08-07 00:00:00+00:00,529222.0,212229.0,120343887.87095772,451868.6970920752,2198372699.5776916,190453.0,2.222890074166,724467.0,91299525829.1703,69.0,,,,
2021-08-08 00:00:00+00:00,482998.0,191623.0,113858289.12342106,436279.8171292448,2863365745.2230344,144567.5,2.195821362505,740945.0,92344585962.08075,74.0,,,,
2021-08-09 00:00:00+00:00,611235.0,252660.0,109534556.62506332,610190.9085103582,6121383053.705138,2871476.5,2.303684409546,934412.0,92390880028.44856,65.0,4432.35,113.4521,16.72,1.33
2021-08-10 00:00:00+00:00,626461.0,260968.0,118902643.70483847,643651.1920907345,4488621499.916477,916469.5,2.261488524708,875882.0,92505967510.14874,71.0,4436.75,113.4973,16.79,1.36
2021-08-11 00:00:00+00:00,631031.0,262437.0,105931446.20976518,611796.6325731914,5806136771.043135,2173886.0,2.268172978331,866724.0,92474934900.46057,70.0,4447.7,113.282,16.06,1.35
2021-08-12 00:00:00+00:00,605994.0,250961.0,108813934.5420037,575801.78342867,3433253898.4565864,182009.5,2.20343699514,842547.0,92391185207.5748,70.0,4460.83,113.2691,15.59,1.36
2021-08-13 00:00:00+00:00,639596.0,260624.0,108175319.62792763,1087292.3553841454,3855116852.5439167,232765.0,2.362590119037,917929.0,92379542452.64142,70.0,4468.0,113.0615,15.45,1.29
2021-08-14 00:00:00+00:00,520081.0,209074.0,126820808.5468918,512896.285024436,3157295026.044922,500574.5,2.327809478249,724702.0,92406062440.90877,76.0,,,,
2021-08-15 00:00:00+00:00,474649.0,186239.0,140740165.58252627,451047.5714292612,2430142554.508242,265778.0,2.323985756424,750378.0,93415296504.78012,71.0,,,,
2021-08-16 00:00:00+00:00,628859.0,263529.0,124500915.70761941,764623.3042931516,4336625433.375353,12197941.0,2.268193061802,978773.0,93279680839.45877,72.0,4479.71,113.1698,16.12,1.26
2021-08-17 00:00:00+00:00,618951.0,257766.0,133007189.45161822,722533.1951044699,2915373923.378095,407495.5,2.204708913004,953226.0,93290771655.82324,72.0,4448.08,113.6174,17.91,1.26
2021-08-18 00:00:00+00:00,604474.0,247333.0,104395177.76725851,696294.749213735,4267113160.596617,5712180.5,2.213680687968,876483.0,93303943578.816,73.0,4400.27,113.6959,21.57,1.27
2021-08-19 00:00:00+00:00,613135.0,253447.0,119087832.41598378,583976.3727932619,3132624120.660245,363036.0,2.293129661764,888796.0,93167831363.29413,70.0,4405.8,114.1106,21.67,1.24
2021-08-20 00:00:00+00:00,676861.0,271837.0,123727618.0945286,753800.8117346275,5683508929.504638,6102829.0,2.414499299985,984372.0,93880428960.53423,70.0,4441.67,114.5009,18.56,1.26
2021-08-21 00:00:00+00:00,555440.0,219407.0,131460594.22543663,560978.406618123,4007697514.479291,589777.5,2.403261370099,787645.0,93854050034.38718,78.0,,,,
2021-08-22 00:00:00+00:00,474281.0,190631.0,126820808.5468918,567704.2170355871,1549564156.3142304,702800.0,2.414996575605,715639.0,93834429949.71335,76.0,,,,
2021-08-23 00:00:00+00:00,648964.0,270736.0,152339629.77888831,724341.615285643,5800342005.268154,533201.0,2.420040085444,973417.0,94760744650.22551,79.0,4479.53,113.9418,17.15,1.25
2021-08-24 00:00:00+00:00,637990.0,263984.0,119087832.41598378,736449.8968082938,4160097929.5734167,748621.5,2.33794635096,945668.0,94807461527.02597,79.0,4486.23,113.6795,17.22,1.29
2021-08-25 00:00:00+00:00,636566.0,263009.0,130687447.2547367,619543.254227655,6052791787.804584,480751.0,2.379019545564,867743.0,94841929740.63867,73.0,4496.19,113.6322,16.79,1.35
2021-08-26 00:00:00+00:00,625141.0,258590.0,127844614.11993943,553301.4691781066,5354725344.593736,359756.0,2.287786761638,818959.0,94772731278.3984,75.0,4470.0,113.7883,18.84,1.34
2021-08-27 00:00:00+00:00,619412.0,256813.0,127844614.11993943,569378.3269082,2921974573.376054,253780.0,2.375147501066,864176.0,94947077949.41745,71.0,4509.37,113.3404,16.39,1.31
2021-08-28 00:00:00+00:00,538074.0,218268.0,123466373.91035247,523564.6993283303,1828986483.5579357,782333.0,2.363961726236,726381.0,94929953586.71037,78.0,,,,
2021-08-29 00:00:00+00:00,474721.0,191650.0,136601094.53911337,428835.1490642131,1649218799.6469216,664349.5,2.367277866365,685753.0,94985353447.2194,72.0,,,,
2021-08-30 00:00:00+00:00,591561.0,250955.0,118212485.65884812,603044.8225856082,3839205627.542602,4519561.0,2.277961082403,910173.0,95059544471.97295,73.0,4528.79,113.246,16.19,1.29
2021-08-31 00:00:00+00:00,656399.0,271163.0,126093318.03610466,650089.1504215797,4079243403.9111404,6387231.5,2.280110865221,930055.0,95051373892.84793,73.0,4522.68,113.1076,16.48,1.3
2021-09-01 00:00:00+00:00,682571.0,280865.0,119963781.7426829,847285.3785490517,5449363613.813484,6835567.0,2.346384601556,954959.0,95098215560.62132,71.0,4524.09,112.8732,16.11,1.31
2021-09-02 00:00:00+00:00,714181.0,289900.0,130471558.24569161,992845.1381012617,6517047229.253141,3458151.0,2.375035051723,1026339.0,95236945396.53403,74.0,4536.95,112.7863,16.41,1.29
2021-09-03 00:00:00+00:00,686568.0,283991.0,129595910.20377423,922068.6088154034,4887254784.221797,1169240.0,2.395390356338,1008068.0,96376086833.03458,74.0,4535.43,112.5476,16.41,1.33
2021-09-04 00:00:00+00:00,574763.0,227732.0,135725446.49719596,600833.0571980047,2397543151.0204377,494328.5,2.395772281636,776022.0,96432845876.88309,72.0,,,,
2021-09-05 00:00:00+00:00,506792.0,205066.0,143606278.8744525,528277.0167002352,1996712056.7162685,175888.0,2.480946695916,735688.0,96642763196.4745,73.0,,,,
2021-09-06 00:00:00+00:00,627019.0,268877.0,150611463.20979166,897828.4224801812,4374020789.212579,193107.0,2.51931377876,968860.0,97744117505.90927,79.0,,,,
2021-09-07 00:00:00+00:00,662890.0,276624.0,133974150.41336119,1012393.2442165067,7058595281.0081625,2820988.0,2.245742480847,938525.0,100270419061.35187,79.0,4520.03,112.9795,18.14,1.38
2021-09-08 00:00:00+00:00,653910.0,270483.0,129910433.67934506,680689.8457502944,4580072991.3477335,1244603.0,2.213572688033,907794.0,100967979713.98883,47.0,4514.07,113.2319,17.96,1.35
2021-09-09 00:00:00+00:00,691292.0,274384.0,125412870.36132078,655889.1869755357,5369011441.333743,1737608.5,2.222094260363,937415.0,101303629019.97826,45.0,4493.28,113.043,18.8,1.3
2021-09-10 00:00:00+00:00,640477.0,261371.0,124497447.94992428,647406.7059638859,6739492372.85368,13688544.0,2.142454311237,906178.0,101728312888.80862,46.0,4458.58,112.9425,20.95,1.35
2021-09-11 00:00:00+00:00,552535.0,218445.0,135482516.8866823,491640.79201682215,1962148896.9097497,352424.0,2.157808262825,823454.0,101711203229.22661,31.0,,,,
2021-09-12 00:00:00+00:00,495873.0,192691.0,134567094.4752858,399167.7181541049,1526288179.0431836,419450.0,2.208217016174,705573.0,101738525009.88617,32.0,,,,
2021-09-13 00:00:00+00:00,609049.0,255970.0,145552163.4120438,684460.9594317911,4380249885.695589,227862.0,2.151863481078,908372.0,101724977711.936,44.0,4468.73,113.0341,19.37,1.33
2021-09-14 00:00:00+00:00,646621.0,268127.0,153790965.11461234,689971.4868344534,4477699681.242835,192421.5,2.245175277381,952892.0,101639713198.63617,30.0,4443.05,113.0061,19.46,1.28
2021-09-15 00:00:00+00:00,654103.0,268957.0,129989982.41830327,812826.5218986467,3796133575.7956142,14379690.0,2.293761212961,976201.0,101659114937.57709,49.0,4480.7,112.9773,18.18,1.31
2021-09-16 00:00:00+00:00,673139.0,271223.0,124497447.94992428,802737.9729330437,4153268623.6051164,9832095.0,2.273981867172,1021047.0,101655466403.5936,53.0,4473.75,113.3036,18.69,1.34
2021-09-17 00:00:00+00:00,652602.0,271040.0,134567094.4752858,719183.3582763366,3314093143.0119085,389399.0,2.244949537952,943981.0,101762026685.6196,48.0,4432.99,113.5989,20.81,1.37
2021-09-18 00:00:00+00:00,561878.0,227661.0,141890473.7664578,560600.5965040771,1874207408.5200129,411754.0,2.290426705637,819880.0,101868720348.72955,50.0,,,,
2021-09-19 00:00:00+00:00,501580.0,200516.0,146467585.8234403,393391.65004513063,1797162881.967694,1114777.5,2.242941684172,714326.0,101920650879.91058,53.0,,,,
2021-09-20 00:00:00+00:00,645684.0,270233.0,150129275.4690263,616446.9819186883,5693199638.620351,287891.0,2.040586287582,1014971.0,101985108999.38727,50.0,4357.73,113.9422,25.71,1.31
2021-09-21 00:00:00+00:00,596757.0,244568.0,113928907.44351819,627241.1811767757,3816937965.8233886,8591423.5,1.933233183973,844883.0,102227351082.4193,27.0,4354.19,113.8179,24.36,1.33
2021-09-22 00:00:00+00:00,645903.0,275235.0,126546633.84005067,594535.6534432083,3589501923.128757,955613.0,2.075944471859,888195.0,102620388751.3099,21.0,4395.64,113.6223,20.87,1.32
2021-09-23 00:00:00+00:00,642773.0,268689.0,155822347.6388684,607336.9066005489,3583461959.843438,2104201.0,2.135308888042,918846.0,102854713437.85716,27.0,4448.98,113.513,18.63,1.41
2021-09-24 00:00:00+00:00,679045.0,277565.0,139767923.94274256,693234.6850823488,4656807424.158868,240183.0,2.038939778388,958548.0,103199183898.17305,33.0,4455.48,113.7597,17.75,1.47
2021-09-25 00:00:00+00:00,536442.0,212575.0,135990412.4848306,364042.7042524049,1498517647.7164574,392065.0,2.035666539997,702530.0,103321164445.40955,28.0,,,,
2021-09-26 00:00:00+00:00,494512.0,195560.0,131268523.16244063,362745.7090269653,2604107988.964765,172934.5,2.040529522117,699993.0,103558113698.75,27.0,,,,
2021-09-27 00:00:00+00:00,613346.0,255873.0,146378568.99408844,552078.706935914,3527097521.66913,566807.5,2.010425564687,901586.0,103593773030.59523,26.0,4443.11,113.7432,18.76,1.48
2021-09-28 00:00:00+00:00,620834.0,262292.0,143545435.4006545,571108.558668003,3691508332.4979734,4088431.5,1.951689041262,935822.0,103515215691.99289,25.0,4352.63,114.2469,23.25,1.54
2021-09-29 00:00:00+00:00,589252.0,241991.0,122769122.38213871,472236.7979670709,3012885641.9155345,22767933.5,1.962665363543,830989.0,103740211791.78928,24.0,4359.46,114.7092,22.56,1.55
2021-09-30 00:00:00+00:00,706763.0,293074.0,161488614.82573634,638083.9978280262,4504376486.984763,200350.5,2.069864321133,1059608.0,103905634397.79785,20.0,4307.54,114.6403,23.14,1.52
2021-10-01 00:00:00+00:00,697433.0,277042.0,132212901.02691859,755216.7360033639,4232654754.3083906,16352715.5,2.26565626698,962201.0,104206522051.87846,27.0,4357.04,114.3798,21.15,1.48
2021-10-02 00:00:00+00:00,631501.0,259961.0,177543038.52186212,522838.44019357866,3853142042.5200534,1214016.0,2.248711046277,963528.0,104386696604.07532,54.0,,,,
2021-10-03 00:00:00+00:00,553275.0,218112.0,141656679.6716985,480293.799514592,1994398643.2795122,1010553.0,2.266397740964,808347.0,104494272763.42737,49.0,,,,
2021-10-04 00:00:00+00:00,650133.0,268955.0,147411968.39584854,660229.1505330522,4985789606.153524,590740.0,2.31284262096,1015651.0,104470211486.1573,54.0,4300.46,114.2739,22.96,1.49
2021-10-05 00:00:00+00:00,729159.0,312538.0,162177735.83152118,766280.3773332164,5416025038.27413,545646.0,2.411845063946,1037679.0,104582914680.58972,59.0,4345.72,114.3654,21.3,1.54
2021-10-06 00:00:00+00:00,657752.0,267749.0,129544410.9385932,961095.269037191,6336189181.684711,27309374.0,2.572944325306,914612.0,104545738287.75104,68.0,4363.55,114.7185,21.0,1.53
2021-10-07 00:00:00+00:00,784172.0,325875.0,139433297.2697835,1465935.5181733763,7063813953.370817,13468480.5,2.490026710036,1144142.0,104875872036.43713,76.0,4399.76,114.5044,19.54,1.58
2021-10-08 00:00:00+00:00,689788.0,280028.0,118666635.97428384,1126447.8160073743,6223589466.505166,15363560.5,2.492000787508,978503.0,105110814742.13513,74.0,4391.34,114.5986,18.77,1.61
2021-10-09 00:00:00+00:00,620238.0,246189.0,148333294.9678548,804229.6442341652,2464860372.5671453,3041660.0,2.538238578635,991926.0,105177051005.52144,72.0,,,,
2021-10-10 00:00:00+00:00,536877.0,211506.0,157233292.66592607,703621.2524282538,2347027649.361444,194851.0,2.520123658863,803826.0,105235984446.22032,71.0,,,,
2021-10-11 00:00:00+00:00,676676.0,280184.0,144377740.43537864,1178728.4231323951,5135609835.395792,6570951.5,2.631558646637,1009017.0,105341573631.90431,71.0,4361.19,,20.0,
2021-10-12 00:00:00+00:00,673664.0,274155.0,132511076.83795026,1080831.0958769154,6366837726.366944,9122314.0,2.574418652958,937369.0,105115154144.84714,78.0,4350.65,114.7542,19.85,1.59
2021-10-13 00:00:00+00:00,677323.0,288916.0,167122178.99711636,941607.2368537664,4979962944.730588,187734.5,2.620098281333,975651.0,105111830621.59132,70.0,4363.8,114.4705,18.64,1.56
2021-10-14 00:00:00+00:00,690594.0,282383.0,135477742.7373074,967257.8099765149,5891473872.459068,3994306.0,2.613922367304,1007101.0,105158908062.4831,70.0,4438.26,114.2053,16.86,1.52
2021-10-15 00:00:00+00:00,744869.0,297746.0,139433297.2697835,1232979.4923815802,8109890836.895517,12681228.0,2.783786506255,1017121.0,105057595900.7311,71.0,4471.37,114.0905,16.3,1.59
2021-10-16 00:00:00+00:00,674026.0,270052.0,131522188.20483124,962047.8452179555,4071153200.68119,1090938.5,2.755061819188,937355.0,105066891926.02057,78.0,,,,
2021-10-17 00:00:00+00:00,559522.0,215883.0,158222181.29904512,689819.9144213337,2583118319.7704897,357339.5,2.775039217832,823877.0,105114344027.71013,79.0,,,,
2021-10-18 00:00:00+00:00,693822.0,285368.0,146534419.32302314,978062.2909584112,6507541620.990585,5796819.5,2.778276503838,1003479.0,104959549139.3061,78.0,4486.46,113.9899,16.31,1.59
2021-10-19 00:00:00+00:00,743673.0,312018.0,154737198.72913387,941889.2969801712,7660166168.948563,566785.0,2.86843851115,1077371.0,104574140463.55986,75.0,4519.63,113.647,15.7,1.65
2021-10-20 00:00:00+00:00,713105.0,291813.0,148747371.68155453,1228067.6894583325,8272914781.251759,23644830.5,2.928317326688,977215.0,104726243300.05252,82.0,4536.19,113.5083,15.49,1.65
2021-10-21 00:00:00+00:00,765389.0,320743.0,147749067.17362463,1303056.3483971872,10401915938.665773,2258717.0,2.756592260011,1139133.0,104650328123.04097,84.0,4549.78,113.6188,15.01,1.68
2021-10-22 00:00:00+00:00,693316.0,287550.0,157732112.25292358,1014196.0134359605,6910857031.200808,169083.5,2.683021944048,957015.0,104647783463.82947,75.0,4544.9,113.67,15.43,1.66
2021-10-23 00:00:00+00:00,597144.0,223941.0,144754153.64983496,680881.5972299263,2756385871.7599506,377352.5,2.702488997272,826969.0,104754074845.10365,74.0,,,,
2021-10-24 00:00:00+00:00,554996.0,211220.0,152740589.71327412,544838.4785748839,3236266687.87158,472543.5,2.679080716831,737951.0,104755884478.98366,73.0,,,,
2021-10-25 00:00:00+00:00,704167.0,284680.0,181691420.4432411,880607.2745837299,5639331920.894306,1956201.5,2.761945352578,1079523.0,104867744833.67076,72.0,4566.48,113.605,15.24,1.64
2021-10-26 00:00:00+00:00,715943.0,294029.0,149745676.18948442,855518.596389572,4843465176.665527,3359715.5,2.643400963823,998333.0,104856041826.09714,76.0,4574.79,113.674,15.98,1.63
2021-10-27 00:00:00+00:00,715873.0,292114.0,156733807.7449937,745820.7030768984,6142467781.29035,683555.0,2.563731148388,944035.0,104959604713.97063,73.0,4551.68,113.6218,16.98,1.54
2021-10-28 00:00:00+00:00,749957.0,295558.0,152740589.71327412,784516.8960420062,6817487230.179183,1790658.0,2.64447556709,1055114.0,105074038011.91827,66.0,4596.42,113.4389,16.53,1.57
2021-10-29 00:00:00+00:00,758210.0,305733.0,170710070.85601225,977477.7814022825,9086217833.395288,902429.5,2.709231626512,1014855.0,105281477068.36674,70.0,4605.38,114.1349,16.26,1.55
2021-10-30 00:00:00+00:00,666759.0,252061.0,154737198.72913387,642443.2432570005,3024703684.481092,682592.5,2.6854484387,906672.0,105491571216.52167,73.0,,,,
2021-10-31 00:00:00+00:00,574308.0,217435.0,140175299.14944655,548792.6521585952,3075083985.1806726,2299656.0,2.660031269082,893617.0,105449804019.44293,74.0,,,,
2021-11-01 00:00:00+00:00,732119.0,293282.0,159350397.00608382,939209.3286449456,7239359626.762486,12413695.5,2.639313472843,1053426.0,105391148705.39651,74.0,4613.67,114.2067,16.41,1.58
2021-11-02 00:00:00+00:00,736296.0,297402.0,170117315.72271112,1100556.201966174,8525610065.692273,791007.5,2.705646798155,1035030.0,106574575972.68555,73.0,4630.65,114.2847,16.03,1.56
2021-11-03 00:00:00+00:00,724143.0,288746.0,173347391.33769932,1000518.8371807287,7935879531.750709,3002952.0,2.692667749587,1069212.0,106799697296.53523,76.0,4660.57,114.3593,15.1,1.6
2021-11-04 00:00:00+00:00,729141.0,289141.0,153966937.6477702,1011594.7569464233,4812348605.691654,672345.5,2.624435938698,998917.0,107770093802.54208,73.0,4680.06,114.3558,15.44,1.53
2021-11-05 00:00:00+00:00,721315.0,285946.0,166887240.1077229,1077046.9746556587,6435250914.315516,318823.5,2.601770640962,1037437.0,108178669660.5303,73.0,4697.53,114.0732,16.48,1.45
2021-11-06 00:00:00+00:00,623103.0,236233.0,165810548.2360602,656162.2677601856,2757510648.1908,1185443.0,2.617491647791,825483.0,109436878618.70914,71.0,,,,
2021-11-07 00:00:00+00:00,591980.0,226128.0,164733856.36439747,598976.7077503691,2452500859.5113378,215090.0,2.682304638596,826432.0,109501835577.25435,73.0,,,,
2021-11-08 00:00:00+00:00,707131.0,285806.0,145353402.67446837,1075477.0910903122,7868335326.849565,28703755.0,2.854649564891,1018796.0,111470987481.3828,75.0,4701.7,113.8256,17.22,1.51
2021-11-09 00:00:00+00:00,796734.0,335411.0,163657164.49273473,1573345.9351555482,8511741829.845534,13536279.0,2.82534877502,1195638.0,111778066515.6595,84.0,4685.25,113.762,17.78,1.46
2021-11-10 00:00:00+00:00,743397.0,301025.0,160427088.87774655,1234525.4362760144,6732821875.94763,9306174.0,2.721054645529,1022756.0,111614850894.69722,75.0,4646.71,114.1484,18.73,1.56
2021-11-11 00:00:00+00:00,724206.0,293665.0,170117315.72271112,1011019.5136367482,5229229610.491692,997365.5,2.723236415073,1037951.0,111647623556.19699,77.0,4649.27,,17.66,
2021-11-12 00:00:00+00:00,697196.0,282049.0,152890245.77610743,954324.9149534885,6291969519.770697,903584.0,2.650242500833,975353.0,111436741997.59247,74.0,4682.85,114.5144,16.29,1.58
2021-11-13 00:00:00+00:00,628022.0,238634.0,164733856.36439747,688595.1891287297,2739693247.9953685,1435449.0,2.661045965713,828248.0,111509427029.48347,72.0,,,,
2021-11-14 00:00:00+00:00,582647.0,224016.0,175094161.92837763,566488.6789599948,2187474680.9118695,149790.5,2.684880108371,806451.0,111511617744.30087,74.0,,,,
2021-11-15 00:00:00+00:00,708944.0,288435.0,170197841.36837798,829415.1072599987,5704920149.179018,2290579.0,2.626068388319,1083387.0,111680111890.116,72.0,4682.8,114.5876,16.49,1.63
2021-11-16 00:00:00+00:00,740829.0,301103.0,169070703.34607086,799225.6436486866,10498129183.520773,1683857.5,2.481173720882,1030573.0,112259772011.86101,71.0,4700.9,115.136,16.37,1.63
2021-11-17 00:00:00+00:00,708703.0,290390.0,167943565.3237637,806581.2940457492,7480898358.629728,1370234.5,2.470657927214,993545.0,112325839159.90758,52.0,4688.67,115.0263,17.11,1.6
2021-11-18 00:00:00+00:00,725020.0,293867.0,162307875.21222803,693401.1669025507,10213009488.771072,1181344.0,2.337640428663,990087.0,112583014156.6235,54.0,4704.54,115.0678,17.59,1.59
2021-11-19 00:00:00+00:00,713194.0,284719.0,154417909.05607805,757058.299599361,6049553192.98817,2571978.5,2.386216999692,976682.0,112981016717.44788,34.0,4697.96,115.2187,17.91,1.54
2021-11-20 00:00:00+00:00,634393.0,249652.0,163435013.23453516,759702.2200180126,2884513913.260687,239502.0,2.455017801074,848464.0,113254313373.3489,43.0,,,,
2021-11-21 00:00:00+00:00,586185.0,222949.0,148782218.94454235,549569.8137025137,2590670066.7854753,863859.0,2.424879879847,842004.0,113410883879.94786,49.0,,,,
2021-11-22 00:00:00+00:00,676350.0,279165.0,158926461.1453066,706967.1578943944,7023168183.001444,1593670.0,2.319018826324,947435.0,113649234705.98697,50.0,4682.94,115.6481,19.17,1.63
2021-11-23 00:00:00+00:00,700954.0,283401.0,148782218.94454235,702880.6214443682,6167254618.969019,5713479.0,2.368765838495,909010.0,114060549376.94708,33.0,4690.7,116.0118,19.38,1.67
2021-11-24 00:00:00+00:00,737069.0,298909.0,176960669.50222084,798035.5915525709,5700109165.167301,3862460.5,2.346842971087,1071921.0,114516676154.3547,42.0,4701.46,116.2711,18.58,1.64
2021-11-25 00:00:00+00:00,741152.0,287496.0,146527942.89992806,866947.0898695759,8960165966.469158,6493611.0,2.404923210419,973237.0,114753157185.29935,32.0,,,,
2021-11-26 00:00:00+00:00,742035.0,292645.0,148782218.94454235,809277.5229628414,11684205362.319239,2565324.0,2.198435955413,996141.0,116053924243.05112,47.0,4594.62,116.5103,28.62,1.48
2021-11-27 00:00:00+00:00,619406.0,240759.0,161180737.1899209,461068.8863713552,2469579561.408766,576888.5,2.23272965194,777970.0,116651274930.65656,21.0,,,,
2021-11-28 00:00:00+00:00,560812.0,213768.0,155225116.619112,401760.9536896841,1876057612.1335888,238245.0,2.336711996385,816560.0,116798227708.75122,27.0,,,,
2021-11-29 00:00:00+00:00,727580.0,301297.0,158774565.17985132,641326.4536468608,7530278019.9418335,628016.0,2.35943908323,993217.0,116849665595.68965,33.0,4655.27,116.581,22.96,1.52
2021-11-30 00:00:00+00:00,737531.0,293876.0,148781760.37832215,726361.5481283619,6028906432.161463,12618925.5,2.324578694477,977183.0,115905683743.32979,40.0,4567.0,116.2071,27.19,1.43
2021-12-01 00:00:00+00:00,727357.0,288422.0,152112695.31216523,1181129.1526048603,8653248451.14843,35107402.0,2.324286205718,1057704.0,116138022048.5176,34.0,4513.04,115.889,31.12,1.43
2021-12-02 00:00:00+00:00,781370.0,313261.0,172098304.91522342,1071589.4088630492,7681001473.682921,8212819.5,2.300196624281,1184757.0,116169748828.46268,32.0,4577.1,116.018,27.95,1.44
2021-12-03 00:00:00+00:00,738749.0,290139.0,186532356.29520994,746979.8404386541,5995006290.502215,1191287.5,2.184991514137,1010596.0,116617253096.12613,31.0,4538.43,116.2377,30.67,1.35
2021-12-04 00:00:00+00:00,697287.0,253674.0,172098304.91522342,850159.1807254945,7581447200.454808,5003915.5,2.009166960477,961294.0,118264169975.67218,25.0,,,,
2021-12-05 00:00:00+00:00,588178.0,215213.0,184311733.00598127,1073206.636199261,3421960961.3978696,696624.5,2.016818310956,978899.0,120692739466.94208,18.0,,,,
2021-12-06 00:00:00+00:00,701524.0,284467.0,190973602.87366727,634162.8924632785,7568392055.448132,1412430.5,2.067537537544,1078373.0,120648496131.05933,16.0,4591.67,116.1538,27.18,1.43
2021-12-07 00:00:00+00:00,725368.0,288343.0,170987993.2706091,580986.7060246454,6656838608.239965,424583.5,2.064377234197,983177.0,121684681617.49426,25.0,4686.75,115.8555,21.89,1.48
2021-12-08 00:00:00+00:00,660440.0,266110.0,186532356.29520994,520104.9056730722,6017762761.471306,39788228.5,2.06171865801,927369.0,121791869641.01593,28.0,4701.21,115.4418,19.9,1.52
2021-12-09 00:00:00+00:00,707394.0,282775.0,180980798.07213816,590586.1558632295,7507375135.427462,409519.0,1.960546627964,1123743.0,121755279463.12332,29.0,4667.45,115.7784,21.58,1.49
2021-12-10 00:00:00+00:00,716381.0,271375.0,173208616.55983782,558722.0268532245,4646748174.122106,266332.5,1.941373722658,930831.0,122068674306.73102,24.0,4712.02,115.5732,18.69,1.48
2021-12-11 00:00:00+00:00,599422.0,225733.0,176161777.07292455,383642.81089505035,,558888.5,2.016910635367,805461.0,122294924169.50804,16.0,,,,
2021-12-12 00:00:00+00:00,567489.0,214808.0,168385593.54016247,324338.5323917748,1275484167.4894624,505739.5,2.049751176277,725043.0,122400948327.34552,27.0,,,,
2021-12-13 00:00:00+00:00,690479.0,278211.0,169588347.7797351,630558.8728047144,4853087723.234491,532691.5,1.915299897932,996713.0,122288447704.39255,28.0,4668.97,115.842,20.31,1.42
2021-12-14 00:00:00+00:00,684529.0,278275.0,178007627.4567432,556665.724055777,4698418162.43944,1784057.0,1.974877505476,966596.0,122530560630.3046,21.0,4634.09,116.2397,21.89,1.44
2021-12-15 00:00:00+00:00,707659.0,281103.0,169588347.7797351,562428.3373716127,3686557930.097905,1318137.0,1.995926977652,1058257.0,123491679539.36859,28.0,4709.85,116.4219,19.29,1.47
2021-12-16 00:00:00+00:00,664445.0,256206.0,138316737.55084777,511856.9472550005,4310775515.150582,7910629.0,1.94871973203,873836.0,123597100077.00612,29.0,4668.67,115.7146,20.57,1.44
2021-12-17 00:00:00+00:00,660755.0,263495.0,179210381.69631582,619400.8395199393,4982379395.599065,21256839.0,1.896526938461,979005.0,123693824010.49475,23.0,4620.64,115.791,21.57,1.41
2021-12-18 00:00:00+00:00,616818.0,239170.0,153952542.66529143,405734.9560686475,2953090166.838448,811768.0,1.919525855516,855978.0,123837876305.79086,24.0,,,,
2021-12-19 00:00:00+00:00,557914.0,206719.0,179210381.69631582,328609.28842906776,1192663841.0107796,100813.0,1.918249189772,755797.0,123826074111.45718,29.0,,,,
2021-12-20 00:00:00+00:00,678671.0,266947.0,173196610.49845287,513459.4361324032,5179702380.911862,3096697.0,1.922187343668,1015255.0,123943832069.84192,25.0,4568.02,116.0092,22.87,1.43
2021-12-21 00:00:00+00:00,747663.0,304713.0,193643432.5711869,559874.8816885735,,339652.0,2.007205377658,1009227.0,124190336092.5661,27.0,4649.23,116.1089,21.01,1.48
2021-12-22 00:00:00+00:00,719298.0,288495.0,178007627.4567432,530977.1245440699,4726284070.96699,288053.0,1.990870317874,992589.0,124192816537.81595,45.0,4696.56,115.7485,18.63,1.46
2021-12-23 00:00:00+00:00,744101.0,291799.0,182818644.41503358,535759.812688527,6161478519.5308075,1281625.0,2.070150565572,991240.0,123560092419.26083,34.0,4725.79,115.5337,17.96,1.5
2021-12-24 00:00:00+00:00,678663.0,260565.0,181615890.175461,616961.0598513964,,32560975.5,2.071634649338,974212.0,123545999926.68408,41.0,,,,
2021-12-25 00:00:00+00:00,580922.0,207803.0,177149566.7855162,422897.51788149844,5400013382.068076,140755.0,2.064057745187,866151.0,123564676257.00381,39.0,,,,
2021-12-26 00:00:00+00:00,574433.0,198574.0,161682278.52670813,391321.527965636,1467023519.278454,1077688.0,2.071542317446,774902.0,123525817768.76778,37.0,,,,
2021-12-27 00:00:00+00:00,674082.0,249548.0,178574456.88024485,668498.2282583151,4021079891.0736294,17777523.5,2.070718360007,992531.0,124400194673.08313,40.0,4791.19,115.4684,17.68,1.48
2021-12-28 00:00:00+00:00,729388.0,265422.0,161682278.52670813,905399.0592732136,4649088409.620785,20347703.5,1.945824586517,1051572.0,124460630966.68793,41.0,4786.35,115.4192,17.54,1.49
2021-12-29 00:00:00+00:00,741024.0,276083.0,174954704.37591556,781096.6239478105,6252375351.267551,10411261.0,1.898459995686,1142870.0,124481356199.71596,27.0,4793.06,115.3678,16.95,1.55
2021-12-30 00:00:00+00:00,679386.0,245021.0,143583516.00506175,819304.0129922363,4495058364.967323,22933762.0,1.923609297095,977727.0,124720525717.89084,22.0,4778.73,115.283,17.33,1.52
2021-12-31 00:00:00+00:00,703405.0,269540.0,179781041.0483546,851800.1648818927,8132766321.979922,221418.5,1.893385603418,1093396.0,125629940235.51593,28.0,4766.18,,17.22,1.52
2022-01-01 00:00:00+00:00,512154.0,186834.0,207532476.9148791,430733.7544446214,2251115696.6149817,479472.5,1.941966039424,695722.0,125932851514.86534,21.0,,,,
2022-01-02 00:00:00+00:00,534857.0,196865.0,190640298.56134245,443604.99043735274,1452133098.9064906,685319.0,1.933497096507,734444.0,126056713765.30583,29.0,,,,
2022-01-03 00:00:00+00:00,630932.0,234793.0,168921783.5353667,548479.843864685,2876707531.398016,6844963.0,1.897502355497,948843.0,126062699917.98065,29.0,4796.56,115.4101,16.6,1.63
2022-01-04 00:00:00+00:00,680570.0,274544.0,177367872.71213505,616936.3239997999,6318179076.736239,3312164.5,1.876886228678,971141.0,126022291882.59596,23.0,4793.54,115.3103,16.91,1.66
2022-01-05 00:00:00+00:00,698013.0,272155.0,180987625.21646434,726457.0949894644,4120168493.1743636,3316500.0,1.782277170897,1023484.0,126229464206.84702,24.0,4700.58,115.137,19.73,1.71
2022-01-06 00:00:00+00:00,690161.0,264899.0,176161288.5440253,661724.0712110845,6001701242.969663,1114221.5,1.768057798633,937879.0,126459905973.40463,15.0,4696.05,115.4046,19.61,1.73
2022-01-07 00:00:00+00:00,667941.0,255381.0,168921783.5353667,616752.2014911051,5738802120.501829,452646.0,1.704571291459,961733.0,125857767221.42142,18.0,4677.03,115.0451,18.76,1.76
2022-01-08 00:00:00+00:00,591014.0,223920.0,174242949.24269608,402580.2690598153,1793479669.1852403,527749.0,1.71699299406,823193.0,126094066159.97226,10.0,,,,
2022-01-09 00:00:00+00:00,568134.0,210143.0,170826076.6426718,327921.1001328194,1714179077.4363956,246034.5,1.72082066082,734904.0,126120564239.65175,23.0,,,,
2022-01-10 00:00:00+00:00,672264.0,266743.0,172037609.10113046,479596.7543314187,4284557316.178955,2759885.5,1.718638590786,977953.0,126413646742.0292,23.0,4670.29,115.2216,19.4,1.78
2022-01-11 00:00:00+00:00,694475.0,277698.0,191422128.4364691,490057.5873419699,5047411626.824847,318961.5,1.758039861455,973363.0,126534065230.10403,21.0,4713.07,114.8332,18.41,1.75
2022-01-12 00:00:00+00:00,679922.0,271933.0,168403011.72575447,498173.0036728187,4190460072.2756243,876827.0,1.805597050184,958871.0,126905333744.70044,22.0,4726.35,114.355,17.62,1.74
2022-01-13 00:00:00+00:00,695923.0,274515.0,216864310.0641011,458481.27700764,4128979408.8463817,177365.0,1.752041588022,943218.0,127174457849.70776,21.0,4659.03,114.177,20.31,1.7
2022-01-14 00:00:00+00:00,688859.0,270882.0,192633660.89492777,411390.2439982342,4033611360.8800573,180531.5,1.771675205411,959705.0,127414672192.36484,21.0,4662.85,114.3825,19.19,1.78
2022-01-15 00:00:00+00:00,619262.0,234373.0,201114388.10413846,320162.49041524326,1544258174.202277,246660.5,1.775752274618,819060.0,127441040111.04636,23.0,,,,
2022-01-16 00:00:00+00:00,569876.0,216151.0,212018180.23026645,274702.7716350281,1212228816.9349117,355626.5,1.774015355513,768912.0,127625945523.85544,21.0,,,,
2022-01-17 00:00:00+00:00,638947.0,258141.0,195056725.81184512,391777.9685050356,3617010045.4515376,981303.5,1.73630676024,963405.0,127757898992.68863,22.0,,,,
2022-01-18 00:00:00+00:00,654446.0,265057.0,164768414.35037845,397717.00861687155,3467788987.631183,1370099.0,1.745911520714,906852.0,127945143128.07054,24.0,4577.11,114.7373,22.79,1.87
2022-01-19 00:00:00+00:00,663454.0,270334.0,209595115.3133491,369460.2248711832,6283645420.733321,1621245.5,1.721981468557,940760.0,128206779563.62192,24.0,4532.76,114.6109,23.85,1.83
2022-01-20 00:00:00+00:00,683613.0,271265.0,204748985.47951442,422843.78215575713,4889817377.076394,3607340.5,1.681574639726,944092.0,128436063930.96362,24.0,4482.73,114.4642,25.59,1.83
2022-01-21 00:00:00+00:00,721363.0,272348.0,175442615.30802113,469765.96585874085,9008771354.63786,7673798.0,1.514790775018,1017544.0,129185982520.85576,19.0,4397.94,114.6125,28.85,1.75
2022-01-22 00:00:00+00:00,662382.0,250294.0,177474949.66786668,395812.3290979737,5255522709.505004,244749.0,1.455165902925,980566.0,127505639728.73584,13.0,,,,
2022-01-23 00:00:00+00:00,554355.0,203986.0,186746029.1281284,272452.2158331619,2570198094.106021,1229013.0,1.508378975549,764279.0,127828346865.6513,11.0,,,,
2022-01-24 00:00:00+00:00,668850.0,270712.0,198665988.43417916,410833.1184706008,7041455187.922009,753776.0,1.526343091945,967257.0,128371958886.83763,13.0,4410.13,115.2034,29.9,1.75
2022-01-25 00:00:00+00:00,653685.0,265128.0,201314868.2799682,396816.2069557165,4793129267.316919,784871.5,1.538880544803,892344.0,128779574905.42435,12.0,4356.45,115.1654,31.16,1.78
2022-01-26 00:00:00+00:00,648504.0,261070.0,172177189.9762886,454418.8475476048,4724487375.564173,2155972.5,1.534660000135,872302.0,129280327114.34079,23.0,4349.93,115.0922,31.96,1.85
2022-01-27 00:00:00+00:00,648622.0,255925.0,173501629.89918315,424238.8235914854,5371981515.875196,2768672.5,1.543763850705,894323.0,129690056507.6181,20.0,4326.51,115.978,30.49,1.81
2022-01-28 00:00:00+00:00,680599.0,264609.0,203963748.12575728,464237.69074426667,4157373396.2608657,694833.0,1.576577931046,953545.0,129860484604.78923,24.0,4431.85,116.0393,27.66,1.78
2022-01-29 00:00:00+00:00,595231.0,231038.0,197341548.51128462,466245.43312726234,4795236874.619529,375914.0,1.592485103381,800040.0,129905382616.69492,24.0,,,,
2022-01-30 00:00:00+00:00,553241.0,207173.0,193368228.74260104,400318.0201188851,6463007675.5186,8819743.5,1.589486377439,780477.0,130030776721.78235,29.0,,,,
2022-01-31 00:00:00+00:00,671364.0,263410.0,189394908.97391748,491122.5548320571,4888913631.257135,12919436.5,1.609690053329,993797.0,130184277381.96408,20.0,4515.55,115.566,24.83,1.79
2022-02-01 00:00:00+00:00,687763.0,272984.0,203963748.12575728,567605.692988082,8106321716.426824,7154864.0,1.61452774476,1058396.0,130400458993.1369,26.0,4546.54,115.3685,21.96,1.81
2022-02-02 00:00:00+00:00,680004.0,278985.0,202639308.20286274,467428.7344027657,2772975354.8362947,432985.5,1.539179072383,954043.0,130715637010.74579,28.0,4589.38,115.1538,22.09,1.78
2022-02-03 00:00:00+00:00,664854.0,265344.0,194692668.66549554,396960.8473347109,3817962311.6168633,986960.0,1.544771260316,931571.0,131015078086.40244,20.0,4477.44,114.9065,24.35,1.82
2022-02-04 00:00:00+00:00,651781.0,247946.0,172445464.54596007,547595.124803543,4038621760.862401,29719995.0,1.709053357873,885216.0,131085923535.75108,20.0,4500.53,115.1362,23.22,1.93
2022-02-05 00:00:00+00:00,673249.0,258646.0,157888391.82261464,586963.7038286681,3223821586.2602415,14627134.0,1.726159971835,951087.0,131245422649.7969,33.0,,,,
2022-02-06 00:00:00+00:00,569036.0,219196.0,206979740.54057044,427024.096713652,1779702571.4899006,1085625.0,1.760874145144,891700.0,131284985372.50839,37.0,,,,
2022-02-07 00:00:00+00:00,660755.0,262034.0,180443876.3687024,630731.7058070204,5383799346.894287,8430283.0,1.821609827046,927917.0,131564991014.53247,45.0,4483.87,115.0098,22.86,1.92
2022-02-08 00:00:00+00:00,685310.0,276850.0,204326154.12338364,642541.175522647,5859754859.502207,8940105.0,1.831529736531,1014770.0,131839767128.58107,48.0,4521.54,115.0892,21.44,1.96
2022-02-09 00:00:00+00:00,663348.0,265804.0,185751049.20307598,641981.8150251623,3696031097.5932536,22355979.5,1.840095004198,998247.0,132027674638.90872,54.0,4587.18,114.8232,19.96,1.94
2022-02-10 00:00:00+00:00,673697.0,260813.0,195038601.66322982,870712.2074802539,5445221748.908677,26516673.0,1.806667830508,1029721.0,133182880740.68875,50.0,4504.08,114.5527,23.91,2.03
2022-02-11 00:00:00+00:00,664971.0,258595.0,188404635.6202628,725224.1395554356,6311800630.988444,74337566.5,1.754236923972,987669.0,133320253347.27293,50.0,4418.64,114.8413,27.36,1.92
2022-02-12 00:00:00+00:00,604018.0,228189.0,248110330.00696588,524459.5184883435,2253577642.102851,791702.0,1.745950590083,1060262.0,133416660352.6326,44.0,,,,
2022-02-13 00:00:00+00:00,590527.0,208977.0,209633326.9577572,368932.2935048048,1353922240.451119,236747.5,1.746704565079,829229.0,133444358905.36743,44.0,,,,
2022-02-14 00:00:00+00:00,630477.0,247592.0,202999360.9147902,472127.99024021754,3738130873.146192,3019950.5,1.765131690456,899786.0,133565906769.50284,46.0,4401.67,115.1946,28.33,1.98
2022-02-15 00:00:00+00:00,680501.0,273623.0,232188811.50384504,548132.9325651738,5996275894.199901,1416661.5,1.839746953131,1013694.0,133654131020.10251,46.0,4471.07,114.93,25.7,2.05
2022-02-16 00:00:00+00:00,677777.0,266788.0,206979740.54057044,454833.43757618614,3802128926.759299,1088334.5,1.820760197081,925324.0,133729493124.93784,51.0,4475.01,114.6886,24.29,2.03
2022-02-17 00:00:00+00:00,665429.0,255573.0,213256529.5453799,422986.9745092727,3727008285.934386,3598028.5,1.680750155719,931220.0,133665351519.12125,52.0,4380.26,114.6755,28.11,1.97
2022-02-18 00:00:00+00:00,672505.0,261055.0,186294128.8834766,380448.1095824834,4086558916.785429,2101754.0,1.658393382535,940726.0,133602894447.65775,30.0,4348.87,114.7982,27.75,1.92
2022-02-19 00:00:00+00:00,573700.0,220673.0,207147949.28088072,275560.94028721994,1623004423.9240785,348650.5,1.660632849962,839236.0,133644367393.10425,25.0,,,,
2022-02-20 00:00:00+00:00,549160.0,200535.0,200196675.81507933,222072.99229718684,1468226673.0557508,635083.0,1.597672365828,741534.0,133642900063.58641,27.0,,,,
2022-02-21 00:00:00+00:00,615656.0,237402.0,171001327.25871363,367312.54774210707,4035714191.610417,3455470.5,1.53935959409,886316.0,134669893537.68135,25.0,,,,
2022-02-22 00:00:00+00:00,647191.0,260265.0,211318713.36036152,345412.84784028353,3543912810.2535915,206566.5,1.585255941769,886571.0,134884964333.1945,20.0,4304.76,114.7002,28.81,1.94
2022-02-23 00:00:00+00:00,622682.0,251275.0,208538203.974041,309000.43815510586,3017861449.2149425,300022.5,1.548559725335,859810.0,134986652431.58972,25.0,4225.5,114.6668,31.02,1.99
2022-02-24 00:00:00+00:00,676575.0,254139.0,183513619.49715608,375059.905802131,6195394916.861324,1836224.0,1.589005849792,958866.0,135295100666.92862,23.0,4288.7,115.9419,30.32,1.96
2022-02-25 00:00:00+00:00,687447.0,260340.0,186294128.8834766,447494.83423141885,5331044431.493843,2367178.0,1.632120546767,936543.0,135382759639.87643,27.0,4384.65,115.2577,27.59,1.97
2022-02-26 00:00:00+00:00,582374.0,220423.0,173781836.64503416,288723.44843836746,2407133265.9638343,1437441.0,1.621580052318,818914.0,135417233438.44714,26.0,,,,
2022-02-27 00:00:00+00:00,583361.0,211164.0,189074638.26979718,269531.6386334636,1844114530.6029348,303259.0,1.564733720961,768705.0,135506260586.5497,26.0,,,,
2022-02-28 00:00:00+00:00,702483.0,270918.0,214099222.7466821,370726.8318415056,6046602126.393123,4475543.5,1.785886675274,981066.0,135627474595.67047,20.0,4373.94,115.2224,30.15,1.83
2022-03-01 00:00:00+00:00,722863.0,280634.0,225221260.29196426,850803.8469398128,6893627293.511368,15122308.5,1.831088158538,1065354.0,135662960207.91953,51.0,4306.26,115.7962,33.32,1.72
2022-03-02 00:00:00+00:00,731603.0,288657.0,189074638.26979718,1290686.9334437049,5450897868.437432,5510959.0,1.815856076135,1091796.0,135577551811.95996,52.0,4386.54,115.7623,30.74,1.86
2022-03-03 00:00:00+00:00,701198.0,268244.0,204908164.05639085,873793.4779646767,4573611315.379651,2058478.5,1.753487692697,1011448.0,135459459555.18097,39.0,4363.49,115.9495,30.48,1.86
2022-03-04 00:00:00+00:00,675228.0,262101.0,190365286.64550212,628100.1686782254,5677847228.457849,3750473.0,1.617160596022,949176.0,134971260064.66061,33.0,4328.87,116.6503,31.98,1.74
2022-03-05 00:00:00+00:00,594977.0,225321.0,168452735.66472492,442387.1433294899,1614301923.4661283,278254.0,1.62862859109,801293.0,135007655888.34598,22.0,,,,
2022-03-06 00:00:00+00:00,555454.0,207116.0,179409011.15511352,369366.39118649316,1221415770.8337603,392100.5,1.588284555745,771254.0,134909092322.08754,22.0,,,,
2022-03-07 00:00:00+00:00,648259.0,255441.0,202691096.5721893,432307.82583066483,4567257671.422741,417572.0,1.578754463552,917289.0,135748125596.65308,23.0,4201.09,117.3278,36.45,1.78
2022-03-08 00:00:00+00:00,659214.0,255771.0,202691096.5721893,409089.1882152726,3918673432.2063947,1187293.0,1.603838311539,962840.0,135789147160.55911,21.0,4170.7,117.6176,35.13,1.86
2022-03-09 00:00:00+00:00,702360.0,272805.0,188995752.20920354,469664.5327715821,6199177258.927656,8097680.0,1.735654059064,960901.0,135753652105.41173,22.0,4277.88,116.5961,32.45,1.94
2022-03-10 00:00:00+00:00,687025.0,261553.0,198582493.2632936,462278.059191681,4863647840.941094,276621.5,1.630630592506,993366.0,135938306768.28702,28.0,4259.52,116.7401,30.23,1.98
2022-03-11 00:00:00+00:00,659116.0,252383.0,188995752.20920354,434537.67571674346,5267029596.149032,2660560.5,1.605299073538,903967.0,135827619648.85661,22.0,4204.31,117.0192,30.75,2.0
2022-03-12 00:00:00+00:00,592255.0,225148.0,213647372.0625779,308297.9837097871,1419859005.3521538,314636.5,1.610487025913,787792.0,135798154760.74957,22.0,,,,
2022-03-13 00:00:00+00:00,554544.0,208092.0,206799699.88108504,267569.94397424464,1439995804.8020916,275889.5,1.563583025151,751546.0,135956283857.9255,21.0,,,,
2022-03-14 00:00:00+00:00,658358.0,259592.0,209538768.75368217,400146.42923732474,3127649162.2382407,859121.0,1.638923579978,936153.0,135964238815.96182,23.0,4173.11,117.1506,31.77,2.14
2022-03-15 00:00:00+00:00,679170.0,263178.0,190365286.64550212,383493.33515516063,3536984794.9247446,885725.0,1.62739184969,949102.0,135907839726.72992,21.0,4262.45,117.246,29.83,2.15
2022-03-16 00:00:00+00:00,721364.0,276390.0,212277837.6262793,417927.91971695557,4560772406.06279,3330611.5,1.697348146346,1014991.0,135934213465.64432,24.0,4357.86,116.8073,26.67,2.19
2022-03-17 00:00:00+00:00,743399.0,278800.0,217523034.50856918,430162.48729507584,6626010100.106291,511974.5,1.69308040701,1009859.0,136305658310.38832,27.0,4411.67,116.0467,25.67,2.2
2022-03-18 00:00:00+00:00,700248.0,261318.0,195149454.73662692,433915.27989436965,5901502528.208304,6429804.0,1.727490580808,1004891.0,136401636181.45819,25.0,4463.12,116.1378,23.87,2.14
2022-03-19 00:00:00+00:00,638704.0,242424.0,211525632.75648364,336682.3385095121,2228834886.153519,1453551.0,1.742021306446,864890.0,136436806045.95677,28.0,,,,
2022-03-20 00:00:00+00:00,572086.0,210547.0,210160951.25482893,268817.1844127196,1286402952.1416473,470887.5,1.705071792374,780069.0,136530032732.67917,31.0,,,,
2022-03-21 00:00:00+00:00,663684.0,259912.0,208796269.7531742,390089.6905340012,6292318394.145836,179534.5,1.695351371558,941088.0,136458671560.21024,30.0,4461.18,115.9398,23.53,2.32
2022-03-22 00:00:00+00:00,681184.0,264569.0,203337543.74655527,459040.05012751155,4455877254.227707,8426579.0,1.748109505852,920483.0,136232683486.41913,26.0,4511.61,116.0824,22.94,2.38
2022-03-23 00:00:00+00:00,671738.0,264182.0,197878817.73993632,457830.55923345475,3963031462.550204,1072817.5,1.761428760821,972037.0,137053200876.74675,31.0,4456.24,116.005,23.57,2.32
2022-03-24 00:00:00+00:00,677148.0,262987.0,195149454.73662692,493690.38958595076,4246198423.515624,6391392.0,1.810651634482,966209.0,137190515344.19792,40.0,4520.16,115.9599,21.67,2.34
2022-03-25 00:00:00+00:00,752938.0,290719.0,212890314.25813842,572369.4154510855,7477966817.127207,212402.0,1.816863848057,1068732.0,136834471832.74956,47.0,4543.06,115.7921,20.81,2.48
2022-03-26 00:00:00+00:00,611979.0,231031.0,219713721.76641208,371543.15347827296,1885491261.55507,214620.5,1.823441620909,825356.0,136936738963.99489,51.0,,,,
2022-03-27 00:00:00+00:00,589872.0,218202.0,178773276.7167701,336779.78623698483,4081241680.3127346,1512924.0,1.912928867709,812882.0,137134399062.70987,49.0,,,,
2022-03-28 00:00:00+00:00,720718.0,293304.0,216984358.7631026,512121.78606895666,7054190211.628341,530057.0,1.926069685862,1029256.0,137095390285.74825,60.0,4575.52,116.1911,19.63,2.46
2022-03-29 00:00:00+00:00,706611.0,286940.0,206066906.74986473,473523.789074972,7432137463.165101,521941.0,1.931857269809,972049.0,136876301804.25375,56.0,4631.6,115.5679,18.9,2.41
2022-03-30 00:00:00+00:00,662686.0,272864.0,184232002.723389,527720.2074514593,5223175410.299848,4891582.0,1.916462997871,940234.0,137681631938.5561,55.0,4602.45,115.0818,19.33,2.35
2022-03-31 00:00:00+00:00,711182.0,279210.0,194247387.85170582,771705.0585093071,7725089743.2688265,11248763.0,1.854211355144,979952.0,137449062815.73654,52.0,4530.41,115.2218,20.56,2.32
2022-04-01 00:00:00+00:00,738464.0,284105.0,200371606.28467658,896060.2709578148,6420672356.962391,10159483.0,1.880179566094,1073859.0,137601261953.8624,50.0,4545.86,115.4814,19.63,2.39
2022-04-02 00:00:00+00:00,660755.0,254442.0,191845154.95341378,604007.1537259409,2491811084.6347647,959342.0,1.867666383452,932911.0,137565503354.61597,52.0,,,,
2022-04-03 00:00:00+00:00,585946.0,225564.0,197529455.84092233,483582.33759858896,2061001713.0147858,213115.5,1.886983002157,794992.0,137670545807.11975,48.0,,,,
2022-04-04 00:00:00+00:00,691360.0,275106.0,224529885.05658796,577223.6759349516,4927607024.269423,813392.5,1.894586551764,985718.0,137578263993.43286,52.0,4582.64,115.4112,18.57,2.42
2022-04-05 00:00:00+00:00,692888.0,273430.0,206055907.17218518,505142.47291432694,4109973025.185322,3027289.5,1.855218925189,952254.0,137305098097.70558,53.0,4525.12,115.73,21.03,2.54
2022-04-06 00:00:00+00:00,666088.0,273640.0,213161283.28157085,460508.67923930415,4973307102.4678755,815265.5,1.760916830916,919776.0,136949503555.17969,48.0,4481.15,115.9995,22.1,2.61
2022-04-07 00:00:00+00:00,677721.0,269404.0,196108380.6190452,437457.29797210975,4397281337.2992325,2478984.0,1.771822948566,927811.0,136929293084.87378,34.0,4500.21,116.3512,21.55,2.66
2022-04-08 00:00:00+00:00,685851.0,266805.0,190424079.73153663,499458.83485809556,3214336086.8389087,1456399.5,1.718699748527,929602.0,136882740346.9573,37.0,4488.28,116.4176,21.16,2.72
2022-04-09 00:00:00+00:00,597681.0,232792.0,217424508.94720227,345966.49790440325,2025819116.5886803,369263.5,1.737109234767,786423.0,136944018639.83722,30.0,,,,
2022-04-10 00:00:00+00:00,551596.0,216446.0,198950531.06279945,292248.78681568266,1859650890.1898177,510352.0,1.720498052487,754197.0,136945222397.07202,34.0,,,,
2022-04-11 00:00:00+00:00,684991.0,276623.0,194687305.39716807,431169.1846593595,5145118168.094051,2086985.0,1.612532718343,986075.0,136748029027.31982,32.0,4412.53,116.5401,24.37,2.79
2022-04-12 00:00:00+00:00,683425.0,278839.0,217424508.94720227,428250.1368103731,3550344586.310289,1116665.5,1.633029961572,970523.0,136634165223.61166,20.0,4397.45,116.3866,24.26,2.72
2022-04-13 00:00:00+00:00,682050.0,276968.0,198950531.06279945,481681.47740546364,3702852305.151144,308209.0,1.6754481725,960119.0,136365850939.27011,25.0,4446.59,116.2796,21.82,2.7
2022-04-14 00:00:00+00:00,673582.0,265537.0,194492275.55499536,449183.96189061966,6126220619.5982895,593026.5,1.624100214604,910470.0,136178930289.07336,28.0,4392.59,116.7558,22.7,2.83
2022-04-15 00:00:00+00:00,666824.0,254831.0,221692722.83303383,356587.7931497176,2508777341.1963906,317797.0,1.648615453539,893942.0,136082268293.00345,22.0,,116.7017,,
2022-04-16 00:00:00+00:00,600335.0,225486.0,188017878.85839576,259655.648249227,1777062284.0750253,160697.5,1.645198704281,774863.0,136088703773.17366,28.0,,,,
2022-04-17 00:00:00+00:00,557466.0,207324.0,231514552.3256366,215462.320210229,1246709618.6163137,249258.0,1.615563193564,760823.0,136081538310.92328,28.0,,,,
2022-04-18 00:00:00+00:00,631282.0,246421.0,188017878.85839576,338011.7048952481,3262749299.0192986,1615459.5,1.660587322655,930250.0,136003847332.26138,24.0,4391.69,116.8441,22.17,2.85
2022-04-19 00:00:00+00:00,697163.0,273168.0,173986693.86896327,385051.62665770366,3752455855.7969346,3136794.5,1.68715900189,945444.0,136132035177.61127,27.0,4462.21,117.1324,21.37,2.93
2022-04-20 00:00:00+00:00,703937.0,285655.0,224498959.83092037,369107.24189903797,5390335872.441646,2017445.5,1.683056618589,961981.0,135931500845.66791,27.0,4459.45,116.7306,20.32,2.85
2022-04-21 00:00:00+00:00,710624.0,282438.0,237127026.3214096,454248.36960796954,9221622580.084011,380109.5,1.642192379664,970130.0,135835251981.0546,27.0,4393.66,117.1432,22.68,2.9
2022-04-22 00:00:00+00:00,671463.0,260930.0,189420997.35733905,438976.3134595943,3034892219.620398,7397517.0,1.614479409264,945273.0,135942440405.7131,26.0,4271.78,118.0186,28.21,2.9
2022-04-23 00:00:00+00:00,613940.0,234978.0,228708315.3277501,325604.20467312593,1324626784.014653,1590908.5,1.608260125691,857006.0,135896722818.9729,24.0,,,,
2022-04-24 00:00:00+00:00,581643.0,221992.0,239933263.31929615,266427.553605634,1742817144.3961654,165745.5,1.60550883035,796298.0,135845809456.31001,24.0,,,,
2022-04-25 00:00:00+00:00,680074.0,277417.0,227305196.82880685,501917.1336984146,3754783006.1736846,198240.5,1.644601591866,1003326.0,135811555339.60175,23.0,4296.12,118.6271,27.02,2.81
2022-04-26 00:00:00+00:00,689345.0,273297.0,196436589.85205528,446260.34492692846,4582894825.063292,5633560.0,1.549627067302,965991.0,135658229715.8604,27.0,4175.2,118.9624,33.52,2.77
2022-04-27 00:00:00+00:00,697020.0,287105.0,243130347.43116814,436397.895185316,4169765279.274275,659888.0,1.596095580203,967943.0,135683325085.39583,21.0,4183.96,119.4708,31.6,2.82
2022-04-28 00:00:00+00:00,697124.0,275765.0,195503620.58301136,446967.71677078505,4742383660.078528,11330266.5,1.617507844772,1003139.0,135629335880.71033,24.0,4287.5,120.0675,29.99,2.85
2022-04-29 00:00:00+00:00,729033.0,286563.0,222163205.20796743,531783.9173639663,4937991047.844668,7636199.5,1.572635096383,1059989.0,135538271236.5817,23.0,4131.93,119.4933,33.4,2.89
2022-04-30 00:00:00+00:00,684282.0,261630.0,222163205.20796743,404406.71347888996,1835325492.4708261,645541.5,1.537292898922,944577.0,135463926337.1135,20.0,,,,
2022-05-01 00:00:00+00:00,625556.0,232322.0,247341701.7982037,297673.85532669764,1690042804.5955749,367273.0,1.567381909459,834397.0,135388164896.92757,22.0,,,,
2022-05-02 00:00:00+00:00,687096.0,272206.0,236974085.55516526,411650.2619025106,4705106674.739815,623179.5,1.573983130319,966035.0,135368266531.72354,28.0,4155.38,119.8825,32.34,2.99
2022-05-03 00:00:00+00:00,692327.0,277895.0,222163205.20796743,369854.98308693967,5567418515.404906,238150.5,1.540983434257,956710.0,135105715821.56932,27.0,4175.48,119.7043,29.25,2.97
2022-05-04 00:00:00+00:00,615048.0,233045.0,216238853.06908828,493003.52460934914,5527403781.564573,42708568.5,1.618770611892,862312.0,134846761349.99683,21.0,4300.17,119.5592,25.42,2.93
2022-05-05 00:00:00+00:00,778504.0,315759.0,232530821.4510059,859558.0557520121,7042747167.161246,15114570.5,1.493350506698,1189734.0,134928984921.16354,27.0,4146.87,120.0068,31.2,3.05
2022-05-06 00:00:00+00:00,723743.0,286887.0,210314500.93020916,619675.209493574,6460559731.289358,241422.0,1.476077962977,1086467.0,134654978431.5224,22.0,4123.34,119.8577,30.19,3.12
2022-05-07 00:00:00+00:00,609656.0,231623.0,211795588.96492898,494605.2525576668,2176974949.927244,4739654.5,1.454866736249,837217.0,134644075691.75682,23.0,,,,
2022-05-08 00:00:00+00:00,597305.0,233892.0,229568645.3815663,423641.7421571922,4391326158.686935,455188.5,1.397053307677,813799.0,134713237782.55835,18.0,,,,
2022-05-09 00:00:00+00:00,705421.0,279511.0,229568645.3815663,640161.5426679689,14932580725.771221,1142322.5,1.25746370058,1067791.0,135486785596.98076,11.0,3991.24,120.4972,34.75,3.05
2022-05-10 00:00:00+00:00,714602.0,279658.0,226823707.2333046,547206.5418752511,10996659378.460312,374695.5,1.282199871846,978190.0,135369398522.05505,10.0,4001.05,120.7742,32.99,2.99
2022-05-11 00:00:00+00:00,694927.0,262683.0,225257597.8912952,656026.4448307564,12212415420.468674,113652585.5,1.198898869373,981424.0,135495968449.4486,12.0,3935.18,120.3925,32.56,2.91
2022-05-12 00:00:00+00:00,730516.0,274204.0,209722591.14017138,846229.3069386982,12591985211.029484,104382013.0,1.211574517788,1058679.0,133561756382.08234,12.0,3930.08,121.2796,31.77,2.84
2022-05-13 00:00:00+00:00,727914.0,269880.0,236132102.61708185,954119.5451986154,6761962664.73493,89155829.5,1.224580870454,1028898.0,134474931206.74573,10.0,4023.89,120.8442,28.87,2.93
2022-05-14 00:00:00+00:00,725013.0,290225.0,219043595.19084564,753133.97631563,4499178550.730882,82262167.5,1.254528110725,1101356.0,130822343747.74516,9.0,,,,
2022-05-15 00:00:00+00:00,599841.0,235433.0,189527082.3637104,497423.08568060235,2364626051.315557,59727682.5,1.301371234936,1016251.0,130878590481.87292,10.0,,,,
2022-05-16 00:00:00+00:00,663779.0,272134.0,254774110.71843037,631061.4501854493,5806992357.103736,20062000.0,1.248816594441,1094147.0,131710033523.12257,14.0,4008.01,120.6881,27.47,2.88
2022-05-17 00:00:00+00:00,683798.0,278496.0,228364599.24151993,572064.9129480371,5663926191.593393,918660.5,1.272635339124,1029420.0,131936373822.18405,8.0,4088.85,119.8871,26.1,2.98
2022-05-18 00:00:00+00:00,646333.0,262907.0,208169090.46505895,488480.73674115003,4686908961.0082655,345679.5,1.204897921252,902599.0,132058159061.54245,12.0,3923.68,120.0274,30.96,2.89
2022-05-19 00:00:00+00:00,662000.0,262479.0,189527082.3637104,509156.93422987656,5002474733.237197,10987167.0,1.268265640482,897588.0,132392627215.9754,13.0,3900.79,119.4278,29.35,2.84
2022-05-20 00:00:00+00:00,668605.0,267034.0,198848086.4143847,508929.18210354605,4929623686.819292,1899100.0,1.226785298597,949339.0,132583992569.40063,13.0,3901.36,119.3677,29.43,2.78
2022-05-21 00:00:00+00:00,579268.0,225225.0,209722591.14017138,354255.3055632383,1464248134.8857608,1385711.5,1.235285942059,758937.0,132685809322.69583,13.0,,,,
2022-05-22 00:00:00+00:00,535873.0,209047.0,189527082.3637104,347350.8940209647,1693623105.0447593,1706600.0,1.273331088604,749577.0,132768715878.79309,14.0,,,,
2022-05-23 00:00:00+00:00,638912.0,265106.0,248560108.0179809,476734.05656783783,4939484942.570603,897727.5,1.22293867204,939531.0,132938627607.26862,10.0,3973.75,118.7169,28.48,2.86
2022-05-24 00:00:00+00:00,600094.0,235866.0,186420081.01348567,473585.8570269164,4517108862.027523,11653763.5,1.246431579256,841611.0,133005172618.26703,12.0,3941.48,118.6245,29.45,2.76
2022-05-25 00:00:00+00:00,700322.0,288842.0,219801139.27751222,578977.5103376547,3514350504.7282414,760493.5,1.244237310755,1016156.0,133037863892.31903,11.0,3978.73,118.9598,28.37,2.75
2022-05-26 00:00:00+00:00,653373.0,262367.0,209555369.85718095,518485.7530548972,4044772416.690988,509962.0,1.235100855496,894042.0,133045753024.99153,12.0,4057.84,118.7687,27.5,2.75
2022-05-27 00:00:00+00:00,688580.0,270453.0,205096744.96660265,503865.5220887096,4870838399.668383,1894753.0,1.20688817198,942679.0,133376602062.24681,12.0,4158.24,118.2834,25.72,2.74
2022-05-28 00:00:00+00:00,576357.0,226794.0,219958827.93519703,341522.878702429,1523894827.3321545,2149461.5,1.225163407756,783393.0,133530144532.67049,13.0,,,,
2022-05-29 00:00:00+00:00,530365.0,207859.0,221445036.23205647,290515.6768581042,1417152774.2209327,1071631.5,1.241234457517,751185.0,133536297038.18912,14.0,,,,
2022-05-30 00:00:00+00:00,644720.0,271819.0,228876077.71635368,408487.6440610746,3565732409.560262,472861.0,1.337557348648,925404.0,133595444221.03497,10.0,,,26.54,
2022-05-31 00:00:00+00:00,685567.0,276273.0,216986411.34147817,435064.61974593904,5263021003.393884,2992242.5,1.340327318645,998795.0,133800551101.04468,16.0,4132.15,118.0704,26.19,2.85
2022-06-01 00:00:00+00:00,683372.0,272165.0,202124328.37288374,582585.3977147688,6314626333.189133,6887654.0,1.258203816602,962754.0,133873187293.82597,17.0,4101.23,118.6954,25.69,2.94
2022-06-02 00:00:00+00:00,664442.0,264901.0,185776037.10742992,587634.9052523779,3618792850.8776355,4588515.5,1.289506254729,945705.0,133857371500.6735,13.0,4176.82,118.0658,24.72,2.92
2022-06-03 00:00:00+00:00,678027.0,267517.0,212527786.45089987,541594.6421637671,4251283075.0981903,2369033.0,1.255277674265,932672.0,133816821916.63965,10.0,4108.54,118.2153,24.79,2.96
2022-06-04 00:00:00+00:00,569230.0,218629.0,206582953.2634621,374215.60924172506,1757094779.0007696,833428.5,1.261962571345,776053.0,133818747263.92624,14.0,,,,
2022-06-05 00:00:00+00:00,538083.0,201341.0,216986411.34147817,282134.554208358,1540123226.9928355,640146.0,1.26746929363,721815.0,133866128557.54349,10.0,,,,
2022-06-06 00:00:00+00:00,652057.0,268921.0,222931244.5289159,404733.27444309177,5095285503.61707,319528.0,1.32794694055,952859.0,133547153078.60944,13.0,4121.43,118.3081,25.07,3.04
2022-06-07 00:00:00+00:00,648390.0,263641.0,240765744.0912292,354685.45004411275,4259209247.746276,2037042.0,1.322740859864,941706.0,133612586673.99579,15.0,4160.68,118.4414,24.02,2.98
2022-06-08 00:00:00+00:00,656376.0,261597.0,266405768.7361438,330221.24378673674,3082029799.7370043,660774.0,1.283418736198,888118.0,133572678651.23773,17.0,4115.77,118.3951,23.96,3.03
2022-06-09 00:00:00+00:00,661923.0,262105.0,219787040.37955952,304847.75321190007,4372610134.024386,565663.0,1.278193263932,914304.0,133586608326.27747,11.0,4017.82,118.9226,26.09,3.04
2022-06-10 00:00:00+00:00,669839.0,261856.0,221292431.06709072,400568.7534864544,4046793102.939683,2396201.0,1.237117043464,900195.0,133658049895.47812,13.0,3900.86,119.9981,27.75,3.15
2022-06-11 00:00:00+00:00,589547.0,230002.0,231830165.87980935,325582.52740843437,2694837263.3840175,248590.5,1.208249128114,831309.0,133711147601.65811,12.0,,,,
2022-06-12 00:00:00+00:00,557721.0,215473.0,191184617.31646615,271033.2229649318,3659361988.8007083,1275439.5,1.144614146671,762985.0,133868618888.46997,14.0,,,,
2022-06-13 00:00:00+00:00,708381.0,272503.0,200216961.44165352,679037.9438483684,12462579881.445564,27165348.5,0.962386955567,1011323.0,134158780600.06406,11.0,3749.63,121.1523,34.02,3.43
2022-06-14 00:00:00+00:00,717234.0,283231.0,219787040.37955952,577049.1482222665,10990569683.083328,13002440.5,0.958749419408,1075994.0,134066339336.5706,8.0,3735.48,121.6669,32.69,3.49
2022-06-15 00:00:00+00:00,732637.0,296312.0,248389463.44265285,550303.303617682,9897143640.083742,218607.0,0.982571637347,1063571.0,134275430425.25867,7.0,3789.99,121.6403,29.62,3.33
2022-06-16 00:00:00+00:00,662185.0,251253.0,179141491.81621632,498304.11232649424,7109991512.203534,1425029.5,0.89010384052,911369.0,134632076461.95244,7.0,3666.77,120.6714,32.95,3.28
2022-06-17 00:00:00+00:00,663831.0,251574.0,162582194.2533728,450829.60617677245,7921356377.946116,5671566.0,0.900449527228,876153.0,135185068574.10342,9.0,3674.84,121.2369,31.13,3.25
2022-06-18 00:00:00+00:00,654430.0,247890.0,234840947.25487182,402940.15164546005,8496328973.902106,576019.0,0.839761069586,924686.0,135407889476.57268,6.0,,,,
2022-06-19 00:00:00+00:00,548972.0,199777.0,200216961.44165352,248938.44359071122,3068667429.006106,2020088.5,0.905122908176,733337.0,135866524721.19154,6.0,,,,
2022-06-20 00:00:00+00:00,605998.0,236636.0,198711570.75412232,314275.24717312714,3817198453.166467,5601648.0,0.909413901996,833932.0,124612770098.24619,9.0,,,31.03,
2022-06-21 00:00:00+00:00,647716.0,254438.0,225808603.12968442,343328.59049285343,4422516356.572248,1065858.0,0.916201262025,927938.0,124794319192.8388,9.0,3764.79,120.6427,30.19,3.31
2022-06-22 00:00:00+00:00,639691.0,255472.0,193273708.26929793,343753.0714500896,4390329667.811968,1168645.5,0.887627935977,859651.0,124849341720.5605,11.0,3759.89,120.5197,28.95,3.16
2022-06-23 00:00:00+00:00,633984.0,255213.0,223431040.49785998,306209.88899138826,3082609509.484813,141350.5,0.936392381423,866807.0,124659779413.70335,11.0,3795.73,120.7622,29.05,3.09
2022-06-24 00:00:00+00:00,650157.0,254348.0,189622396.21199957,341750.8269213575,4160260072.480788,1814103.0,0.946260674502,869532.0,124737151805.91986,11.0,3911.74,120.4853,27.23,3.13
2022-06-25 00:00:00+00:00,557791.0,218017.0,221961099.44195303,284219.0589100665,1389427160.3704894,24299282.5,0.953541799671,742895.0,124866584062.09851,14.0,,,,
2022-06-26 00:00:00+00:00,528289.0,206755.0,202851865.7151624,272579.86785660125,858032632.7980883,22637991.5,0.93595363596,734812.0,124871257248.86542,14.0,,,,
2022-06-27 00:00:00+00:00,621986.0,258883.0,199911983.60334843,302402.9144408091,4634269413.105559,8499353.0,0.92317584654,953524.0,124639883558.94893,12.0,3900.11,120.1736,26.95,3.2
2022-06-28 00:00:00+00:00,624229.0,248080.0,214611394.16241816,298253.1590447816,2917809496.024267,7960442.5,0.902427057507,922274.0,124541386525.08092,10.0,3821.55,120.62,28.36,3.2
2022-06-29 00:00:00+00:00,654949.0,265079.0,221961099.44195303,271386.8025987848,4029772477.0700636,1515045.5,0.895265183982,899514.0,124582545482.6778,13.0,3818.83,120.9616,28.16,3.1
2022-06-30 00:00:00+00:00,699397.0,271213.0,251359920.5600925,318384.6255127118,4201108881.3462367,232275.0,0.865015984997,967680.0,124700410977.32167,11.0,3785.38,120.9652,28.71,2.98
2022-07-01 00:00:00+00:00,714094.0,271874.0,196972101.49153444,352932.1935140361,4546355473.617748,4951402.5,0.866810006703,946760.0,124619657420.57658,11.0,3825.33,121.5058,26.7,2.88
2022-07-02 00:00:00+00:00,614214.0,235096.0,202851865.7151624,255815.02017086363,1297140271.5816472,716502.0,0.862322030966,844916.0,124665649118.28665,14.0,,,,
2022-07-03 00:00:00+00:00,548190.0,206333.0,227840863.6655809,191712.56073333576,1321981862.8392267,121807.0,0.864908319377,701943.0,124236961281.741,11.0,,,,
2022-07-04 00:00:00+00:00,610225.0,240385.0,210201570.99469727,265535.32030536997,1972142139.0050864,593392.0,0.907445950743,883632.0,124384923614.85255,14.0,,,27.53,
2022-07-05 00:00:00+00:00,616343.0,245829.0,173453044.59702292,393356.5447666223,2225404516.1830726,9520306.0,0.906388103368,864471.0,124308046825.18991,19.0,3831.39,122.6203,27.54,2.82
2022-07-06 00:00:00+00:00,687966.0,267118.0,186682514.1001857,499818.9157688096,3265960864.0146112,9404837.5,0.924592307191,969280.0,124060840345.04555,18.0,3845.08,123.0073,26.73,2.93
2022-07-07 00:00:00+00:00,691644.0,281435.0,227544125.37384427,508154.0345468441,3226941641.1462502,426721.5,0.973646516264,1007259.0,123893908235.58057,18.0,3902.62,122.7257,26.08,3.01
2022-07-08 00:00:00+00:00,682201.0,268331.0,214480636.40419686,496173.3772984678,3453731278.2904954,773605.5,0.981374953634,936111.0,123917869455.32579,20.0,3899.38,122.4662,24.64,3.09
2022-07-09 00:00:00+00:00,576270.0,220708.0,194191927.5551512,348228.7241509212,2217461123.425512,840664.0,0.97256585657,773277.0,123956390645.10887,24.0,,,,
2022-07-10 00:00:00+00:00,523353.0,199369.0,221726603.8502846,271061.58837328653,1077713609.741559,730093.0,0.938937826789,705622.0,123978719189.86646,24.0,,,,
2022-07-11 00:00:00+00:00,590261.0,229482.0,178250799.1737582,314036.0686056183,3083629594.6453485,10363062.5,0.903257154365,839927.0,124004764651.67293,22.0,3854.43,123.2974,26.17,2.99
2022-07-12 00:00:00+00:00,657668.0,275378.0,218828216.87184954,349067.6594000765,2693606547.083132,322719.0,0.875464077465,943773.0,123820452286.65463,16.0,3818.8,123.4524,27.29,2.96
2022-07-13 00:00:00+00:00,597185.0,222657.0,159411283.8139301,451918.31838336453,2383177233.7305536,20969040.5,0.91248166822,815549.0,123881197175.67209,15.0,3801.78,123.2834,26.82,2.91
2022-07-14 00:00:00+00:00,685931.0,286894.0,179699992.6629758,637108.448284131,3350075175.695963,8397724.0,0.931267482062,983744.0,123748577659.15253,18.0,3790.38,124.0622,26.4,2.96
2022-07-15 00:00:00+00:00,661194.0,269269.0,205785475.4688916,542463.7053770409,3883871138.0040417,3484793.5,0.947404727073,943171.0,123359382032.8895,15.0,3863.16,123.4765,24.23,2.93
2022-07-16 00:00:00+00:00,577967.0,226638.0,214480636.40419686,381764.44899656996,1392874214.3324618,339193.0,0.963942951894,771028.0,123339917440.01312,21.0,,,,
2022-07-17 00:00:00+00:00,519659.0,202157.0,179699992.6629758,346081.88142208324,1903059654.775057,808131.5,0.947388315858,723539.0,123310977808.53568,24.0,,,,
2022-07-18 00:00:00+00:00,611990.0,247895.0,189844347.0874986,488794.157542295,3392335964.2140756,9655686.0,1.014380417157,887138.0,123330616666.11617,20.0,3830.85,122.7727,25.3,2.96
2022-07-19 00:00:00+00:00,682638.0,279950.0,199988701.51202142,600587.1298141697,4686873167.751223,1348352.5,1.064015965884,994059.0,123279911587.71603,30.0,3936.69,122.4819,24.5,3.01
2022-07-20 00:00:00+00:00,642244.0,260195.0,182598379.64141086,605317.4314049842,3376687092.8781495,11465570.0,1.059545792317,905497.0,123347009483.7391,31.0,3959.9,122.5997,23.88,3.04
2022-07-21 00:00:00+00:00,686329.0,273976.0,199187652.45519632,554844.6492554334,6542475947.197538,435645.0,1.055572042956,964460.0,123490641371.53244,34.0,3998.95,122.9032,23.11,2.91
2022-07-22 00:00:00+00:00,650694.0,263276.0,181711862.6387281,503340.0015334537,2968088068.9026737,3990082.5,1.037202359622,848578.0,123527055653.60526,33.0,3961.63,122.451,23.03,2.77
2022-07-23 00:00:00+00:00,572761.0,223744.0,211997173.07851613,302210.73167154164,1605649425.5929158,501125.0,1.027767986307,755495.0,123613954290.97647,31.0,,,,
2022-07-24 00:00:00+00:00,531268.0,199919.0,216126988.13848722,241651.79719834562,986955946.3014323,322183.5,1.035693112787,736224.0,123627606730.74281,30.0,,,,
2022-07-25 00:00:00+00:00,629329.0,253417.0,195477912.83863172,280184.4897517384,2240841200.856595,715915.5,0.984744106523,892636.0,123574793039.09239,30.0,3966.84,122.4594,23.36,2.81
2022-07-26 00:00:00+00:00,655695.0,264861.0,220256803.19845834,305962.4367819519,2529268854.929778,439550.0,0.970493939661,945582.0,123633037009.98178,26.0,3921.05,122.7581,24.69,2.81
2022-07-27 00:00:00+00:00,644191.0,255930.0,227139828.29841012,263174.8581732884,2043786368.01846,6687187.5,1.048530886503,916926.0,123597414192.43683,28.0,4023.61,122.8169,23.24,2.78
2022-07-28 00:00:00+00:00,697022.0,287254.0,194101307.8186414,379886.94895668235,3762271329.7370615,620544.5,1.090974652069,1008866.0,123250951777.47409,32.0,4072.43,122.1161,22.33,2.68
2022-07-29 00:00:00+00:00,708268.0,281608.0,200984332.91859323,362410.66641707026,3110903345.229869,782153.0,1.096121570662,945142.0,123116178752.40887,39.0,4130.29,121.7678,21.33,2.67
2022-07-30 00:00:00+00:00,601643.0,232696.0,177582047.57875702,300782.8526798365,1279164246.4561443,2315472.5,1.08119685014,785742.0,123021104864.26448,42.0,,,,
2022-07-31 00:00:00+00:00,561055.0,209042.0,209243963.0385354,259810.11782821547,1438862646.8271215,955988.0,1.06930792552,787873.0,123068564591.79189,39.0,,,,
2022-08-01 00:00:00+00:00,635502.0,249610.0,187218282.71868956,335278.0420737481,2648018548.7209826,771236.0,1.068081818605,907238.0,122931722946.0872,33.0,4118.63,121.4109,22.84,2.6
2022-08-02 00:00:00+00:00,663588.0,266968.0,213373778.09850645,349221.78893697076,2412379200.6057954,6251488.0,1.054827227962,946865.0,122929483368.89713,31.0,4091.19,121.9486,23.93,2.75
2022-08-03 00:00:00+00:00,693063.0,282037.0,199607727.89860287,361541.9814315851,2835680869.9736896,6597040.5,1.044976588452,977386.0,123834725702.18234,34.0,4155.17,122.3888,21.95,2.73
2022-08-04 00:00:00+00:00,695558.0,279707.0,183173748.80206442,400519.49785891466,2162588110.938917,3878064.0,1.037537603272,948545.0,123726658642.77461,30.0,4151.94,121.8333,21.44,2.68
2022-08-05 00:00:00+00:00,687443.0,268463.0,210085555.03954557,450978.7836735004,2233455342.127898,7045014.0,1.065899475533,944004.0,123813398032.77939,31.0,4145.19,122.321,21.15,2.83
2022-08-06 00:00:00+00:00,610889.0,237677.0,225491829.07577893,314177.3512031741,861842752.5742803,242554.5,1.054367720796,856759.0,123816907675.2606,31.0,,,,
2022-08-07 00:00:00+00:00,522072.0,196161.0,222690688.3419183,258239.43886215353,1123561072.3019845,1079256.0,1.061585802404,716918.0,123796925055.09943,30.0,,,,
2022-08-08 00:00:00+00:00,652517.0,256582.0,201682132.83796376,379249.734736686,2294099110.488635,7184213.5,1.091208903728,918162.0,123707783483.29184,30.0,4140.06,121.8783,21.29,2.77
2022-08-09 00:00:00+00:00,646055.0,256233.0,200281562.47103348,535152.9695838011,2572928084.4797115,7040330.0,1.064322658536,941249.0,123576437675.82892,42.0,4122.47,121.8614,21.77,2.8
2022-08-10 00:00:00+00:00,663480.0,264566.0,207284414.30568495,446888.147411391,3582463514.5152545,7902150.0,1.097349862382,1035793.0,123521923517.89117,31.0,4210.24,120.7543,19.74,2.78
2022-08-11 00:00:00+00:00,725127.0,287356.0,196079851.3702425,454876.1931731092,2882199944.2436247,2028425.0,1.098103095757,1002846.0,123407232408.78136,41.0,4207.27,120.7163,20.2,2.87
2022-08-12 00:00:00+00:00,703328.0,273661.0,215687836.5072668,414181.11669189855,2439184815.0623903,257178.0,1.118913448413,948381.0,123437005141.56165,42.0,4280.15,121.018,19.53,2.84
2022-08-13 00:00:00+00:00,613804.0,233308.0,194679281.00331223,283729.529100843,1386200465.2578113,1392796.5,1.120303000575,834925.0,123399176247.45877,46.0,,,,
2022-08-14 00:00:00+00:00,551189.0,205350.0,186275858.8017304,194465.7082841325,982849307.8036118,1418856.5,1.1152866103,811197.0,123218281303.99728,47.0,,,,
2022-08-15 00:00:00+00:00,620533.0,241934.0,203082703.20489404,254584.43260306685,2486543315.2726755,6471331.0,1.105125221321,922140.0,123086582408.47577,45.0,4297.14,121.4315,19.95,2.79
2022-08-16 00:00:00+00:00,677726.0,273896.0,207284414.30568495,282486.7297925103,2698602541.9688473,2612393.0,1.095336349684,1020819.0,123082859350.54819,44.0,4305.2,121.6807,19.69,2.82
2022-08-17 00:00:00+00:00,648642.0,256127.0,180673577.33400917,359841.95768733684,2992025085.7634916,8808463.0,1.071575714816,915870.0,122794200753.05066,41.0,4274.04,122.0711,19.9,2.89
2022-08-18 00:00:00+00:00,685923.0,291921.0,202403376.03316846,349957.3746241123,2417721838.724551,836286.0,1.066480347068,1009836.0,122450315745.58324,30.0,4283.74,122.3627,19.56,2.88
2022-08-19 00:00:00+00:00,736405.0,279910.0,250867150.78611156,301084.4999925575,3627489929.5612745,394692.0,0.962223516455,982140.0,122025580394.3529,33.0,4228.48,123.0501,20.6,2.98
2022-08-20 00:00:00+00:00,597278.0,222722.0,209995536.33219454,191269.75759162643,946263990.6468556,1938459.0,0.97348633387,841648.0,122018015935.03696,29.0,,,,
2022-08-21 00:00:00+00:00,549247.0,205435.0,205767438.2852376,169408.6050414546,729684429.3867123,369401.0,0.99226378976,753797.0,122105379166.03195,27.0,,,,
2022-08-22 00:00:00+00:00,629040.0,250534.0,204358072.2695853,230613.75702464877,2363547456.2653685,2185434.5,0.981225385052,880923.0,121887878757.05194,29.0,4137.99,123.605,23.8,3.03
2022-08-23 00:00:00+00:00,641154.0,256928.0,242410954.69219768,246063.06548807133,1933412558.3110597,595797.0,0.992293505064,930754.0,121978112848.93451,28.0,4128.73,123.0547,24.11,3.05
2022-08-24 00:00:00+00:00,649399.0,256606.0,205767438.2852376,210063.13066510804,1805257439.5020328,2143838.0,0.987637310218,930584.0,121869538034.09126,25.0,4140.77,123.109,22.82,3.11
2022-08-25 00:00:00+00:00,656808.0,260460.0,224089196.48871768,235407.54522066904,2158452625.428465,333303.0,0.995543286361,898274.0,121742777678.6539,25.0,4199.12,123.0586,21.78,3.03
2022-08-26 00:00:00+00:00,686060.0,262722.0,248048418.754807,239324.6099841017,2261441431.608619,187065.5,0.934524032452,937226.0,121853139479.44948,27.0,4057.66,123.0656,25.56,3.04
2022-08-27 00:00:00+00:00,605125.0,225420.0,204358072.2695853,176919.33598622086,1378816166.8416512,407668.5,0.925756657439,830874.0,121881116828.73218,28.0,,,,
2022-08-28 00:00:00+00:00,547812.0,202109.0,226907928.52002233,151466.72935182546,846944690.4889036,285010.5,0.908751979889,776186.0,121840156929.16594,28.0,,,,
2022-08-29 00:00:00+00:00,641513.0,252235.0,221270464.45741308,220399.98335149765,2049485398.2473187,1331490.5,0.936300029003,939245.0,121941012820.83453,24.0,4030.61,123.4686,26.21,3.12
2022-08-30 00:00:00+00:00,660170.0,262445.0,228317294.5356746,244433.2354160939,3088297716.030527,447146.5,0.91691540216,951380.0,122012272064.51086,27.0,3986.16,123.6848,26.21,3.11
2022-08-31 00:00:00+00:00,652024.0,260425.0,219862688.89188153,266117.53509303636,3158897967.281669,1277747.0,0.926540201628,916812.0,121996436428.49013,23.0,3955.0,123.535,25.87,3.15
2022-09-01 00:00:00+00:00,685449.0,268022.0,212503108.15739748,293638.01849510486,2826592301.64455,5429364.0,0.930819103606,969786.0,121751366938.83887,20.0,3966.85,124.4006,25.56,3.26
2022-09-02 00:00:00+00:00,710783.0,270588.0,198644209.79930627,367305.401443854,2841992710.129957,14131665.5,0.924346524698,996822.0,121636900190.00699,25.0,3924.26,123.7743,25.47,3.2
2022-09-03 00:00:00+00:00,641511.0,242597.0,226362006.5154886,288197.36390521494,879894659.7350975,419962.0,0.917781321543,916603.0,121657983812.06346,21.0,,,,
2022-09-04 00:00:00+00:00,541540.0,204538.0,258699436.01770127,207291.49201646016,1061944387.4621817,387183.5,0.924996509034,774639.0,121678975814.49335,20.0,,,,
2022-09-05 00:00:00+00:00,628765.0,250179.0,235601272.08754936,278168.07828852045,2108564796.6818683,182815.5,0.917682178845,942780.0,121657653871.70566,23.0,,,25.99,
2022-09-06 00:00:00+00:00,657784.0,268125.0,218662618.53877124,298845.81167768803,3297609881.85563,2554883.5,0.874858544608,927513.0,121410037506.05893,22.0,3908.19,124.767,26.91,3.33
2022-09-07 00:00:00+00:00,676262.0,265239.0,224822128.92014512,279472.62615492824,2541455673.941922,319133.0,0.895970446823,951645.0,121481374958.43103,24.0,3979.87,124.8408,24.64,3.27
2022-09-08 00:00:00+00:00,685564.0,262863.0,195564454.60861945,296371.467703303,2474305281.4342155,809748.0,0.897686434169,947648.0,121497532402.60724,20.0,4006.18,124.578,23.61,3.29
2022-09-09 00:00:00+00:00,753468.0,290849.0,226362006.5154886,364026.87145324476,3189528071.2113605,3350674.5,0.991990113442,1021884.0,121538977386.86981,22.0,4067.36,123.7874,22.79,3.33
2022-09-10 00:00:00+00:00,646199.0,241936.0,241760782.46892318,265602.99716557213,1198401082.0638466,1959149.0,1.008276774233,873305.0,121490558403.20854,28.0,,,,
2022-09-11 00:00:00+00:00,607174.0,220361.0,281797599.94785315,220881.0827417805,1050210815.9310844,821920.5,1.00926214108,871675.0,121417517102.43011,26.0,,,,
2022-09-12 00:00:00+00:00,665425.0,268971.0,235601272.08754936,287768.8613900755,2667188471.304402,941949.0,1.038445934441,989815.0,121267442204.67435,25.0,4110.41,123.3332,23.87,3.37
2022-09-13 00:00:00+00:00,663498.0,260108.0,211972242.0735515,332316.77241553384,3305786865.7575417,7589584.5,0.939370352409,948189.0,121226212321.15323,34.0,3932.69,124.4242,27.27,3.42
2022-09-14 00:00:00+00:00,687667.0,270309.0,202308899.97494468,346134.913844618,2626909249.0787134,2118442.5,0.944134275318,977568.0,120877506684.03622,27.0,3946.01,124.4509,26.16,3.41
2022-09-15 00:00:00+00:00,700513.0,277041.0,234168569.26233754,345949.6760470888,2092789197.2823946,1380962.0,0.919794265144,953771.0,121546776883.00848,28.0,3901.35,124.8843,26.27,3.45
2022-09-16 00:00:00+00:00,706574.0,261361.0,203901883.4393143,375752.4052169082,1962561324.819881,10019486.0,0.922172305414,933213.0,121453078223.02563,20.0,3873.33,124.8794,26.3,3.45
2022-09-17 00:00:00+00:00,641808.0,247863.0,270807188.94283926,340257.47020678606,1089606552.5209684,140866.0,0.939999035144,918990.0,121419501436.4595,22.0,,,,
2022-09-18 00:00:00+00:00,556563.0,212396.0,245319453.51292506,242258.61860095646,807694674.9715831,431380.0,0.907953496893,775872.0,121380387729.76584,27.0,,,,
2022-09-19 00:00:00+00:00,631537.0,253795.0,207087850.36805362,251549.24734533613,2970259317.4220386,4257923.0,0.914684111914,912328.0,121305902304.3709,21.0,3899.89,125.0104,25.76,3.49
2022-09-20 00:00:00+00:00,650202.0,269773.0,242133486.58418575,282540.5117903557,2717351706.3375545,771984.5,0.88338246827,952698.0,121573592632.29337,23.0,3855.93,125.1248,27.16,3.57
2022-09-21 00:00:00+00:00,632611.0,260924.0,224610668.47611964,267330.1929291123,2239450838.1861763,3802796.5,0.86699153682,918372.0,121371651951.39462,23.0,3789.93,125.7399,27.99,3.51
2022-09-22 00:00:00+00:00,614742.0,245794.0,203901883.4393143,245619.48590052914,2210473679.6390266,8975511.5,0.909510592046,860577.0,121288906703.3324,22.0,3757.99,126.1667,27.35,3.7
2022-09-23 00:00:00+00:00,689899.0,281419.0,215052767.68990183,299663.80186264624,2446313226.405114,906254.5,0.90563544045,968636.0,121152167711.85025,20.0,3693.23,127.2853,29.92,3.69
2022-09-24 00:00:00+00:00,588364.0,228040.0,232575585.79796788,214129.92439950415,699317517.3886788,791197.0,0.886975013788,799441.0,121252397486.21873,24.0,,,,
2022-09-25 00:00:00+00:00,574037.0,212009.0,234168569.26233754,201420.1496474172,817600603.2540488,411800.5,0.881057004179,781165.0,121131276948.84344,24.0,,,,
2022-09-26 00:00:00+00:00,614435.0,259311.0,238947519.65544644,276539.3053854019,1851841537.4975586,452775.5,0.900322536822,938059.0,120849080437.97565,21.0,3655.04,128.4539,32.26,3.88
2022-09-27 00:00:00+00:00,648681.0,271117.0,205494866.90368393,334954.83466625144,3180479746.765458,1015472.0,0.896561719809,966074.0,120736263975.46683,20.0,3647.29,128.4386,32.6,3.97
2022-09-28 00:00:00+00:00,620268.0,264048.0,234283743.87934902,268851.819714818,2710524700.147913,621680.5,0.913487552122,849979.0,120401936756.32858,20.0,3719.04,128.0884,30.18,3.72
2022-09-29 00:00:00+00:00,652313.0,267342.0,222928606.67506388,288328.4430977519,4122653170.856393,275928.5,0.917870607279,874705.0,120128993535.34839,22.0,3640.47,127.5437,31.84,3.76
2022-09-30 00:00:00+00:00,717755.0,286672.0,263461080.61598453,324479.70042707416,3332833908.4582715,186035.0,0.91356153704,1005499.0,118817302372.74512,21.0,3585.62,127.5148,31.62,3.83
2022-10-01 00:00:00+00:00,627906.0,241993.0,282168376.2810249,238647.35216568067,1129631640.2910287,292816.5,0.907912672634,867330.0,118810582118.74509,20.0,,,,
2022-10-02 00:00:00+00:00,570649.0,213646.0,244753784.95094424,173738.54860556967,798931959.4859155,291965.5,0.894190083633,852250.0,118910814609.96973,24.0,,,,
2022-10-03 00:00:00+00:00,656236.0,273820.0,240076961.03468415,222185.6990233273,2248298045.0180764,768343.0,0.923308111571,964012.0,118781715300.20879,24.0,3678.43,127.0813,30.1,3.67
2022-10-04 00:00:00+00:00,655477.0,278744.0,254107432.78346437,204803.09273770748,2313129003.749914,400678.5,0.956568501176,932869.0,118579180685.72064,20.0,3790.93,126.1819,29.07,3.62
2022-10-05 00:00:00+00:00,644568.0,267021.0,272814728.44850475,185366.49775952988,2788889389.9968886,1008438.0,0.948163366006,891063.0,118496135538.0531,25.0,3783.28,126.8616,28.55,3.76
2022-10-06 00:00:00+00:00,677796.0,278204.0,247871667.56178424,204919.91509227967,2029020482.26716,411107.0,0.938866609583,930050.0,118511882461.86826,26.0,3744.52,127.2493,30.52,3.83
2022-10-07 00:00:00+00:00,675013.0,270191.0,266578963.2268246,209185.35294800834,2979008361.5673966,376955.0,0.919983246052,936123.0,118649180180.32639,23.0,3639.66,127.3111,31.36,3.89
2022-10-08 00:00:00+00:00,610636.0,235498.0,272814728.44850475,130650.73916480702,891595342.2797585,359663.0,0.914595870208,815047.0,118618666733.28181,24.0,,,,
2022-10-09 00:00:00+00:00,553851.0,211238.0,246312726.25636423,116395.60101539147,700741117.6826907,860248.5,0.915262738221,787417.0,118610016330.67781,22.0,,,,
2022-10-10 00:00:00+00:00,619704.0,258286.0,281762541.4868823,156355.74082471232,1310563231.2162657,260289.0,0.902773565181,896218.0,118542013485.72086,22.0,3612.39,,32.45,
2022-10-11 00:00:00+00:00,635320.0,266451.0,277924882.20287925,169311.50873222944,2173820182.1836033,332706.0,0.897697758664,916599.0,118484480820.90045,24.0,3588.84,127.6641,33.63,3.93
2022-10-12 00:00:00+00:00,646003.0,261196.0,242520438.6101558,180260.26231606383,2086811717.5881875,4529661.0,0.904197086018,871140.0,118449112541.8667,20.0,3577.03,128.1481,33.57,3.91
2022-10-13 00:00:00+00:00,691476.0,281093.0,253141771.68797284,281487.92034946993,2403635798.2811112,744504.0,0.915299590894,933599.0,118065066075.1849,20.0,3669.91,127.7286,31.94,3.97
2022-10-14 00:00:00+00:00,694651.0,284648.0,276154660.02324307,292262.39580576,2335762972.911618,2494705.5,0.905697877908,984001.0,117669454891.80586,24.0,3583.07,128.3325,32.02,4.0
2022-10-15 00:00:00+00:00,612380.0,241758.0,269073771.3046984,178198.48147403006,946841174.6741695,464495.5,0.900728724487,838678.0,117654821042.65762,24.0,,,,
2022-10-16 00:00:00+00:00,558957.0,212919.0,254911993.867609,158771.05159825002,699358774.9119637,335183.5,0.909910910294,769067.0,117647772579.68555,24.0,,,,
2022-10-17 00:00:00+00:00,613662.0,260471.0,265533326.94542602,253749.47488420998,2043650927.987136,1104921.0,0.924678135264,870371.0,117402335236.50278,20.0,3677.95,127.6448,31.37,4.02
2022-10-18 00:00:00+00:00,615413.0,257694.0,251371549.5083366,325396.9735797401,2990446419.475771,11639075.5,0.91398573907,887194.0,117205937442.03525,22.0,3719.98,127.9153,30.5,4.01
2022-10-19 00:00:00+00:00,612805.0,263517.0,267303549.1250622,327041.1449918101,2197621700.887798,2462993.0,0.904610705933,923688.0,117009040876.42851,23.0,3695.16,128.3968,30.76,4.14
2022-10-20 00:00:00+00:00,633545.0,263986.0,256682216.04724517,244905.0111552099,1790440267.6969275,1322143.5,0.900242542303,893489.0,116575792169.88528,23.0,3665.78,128.0052,29.98,4.24
2022-10-21 00:00:00+00:00,671089.0,270741.0,276154660.02324307,225041.12509550003,1556397811.0604718,2557098.0,0.907143363442,913925.0,116493564009.34644,23.0,3752.75,127.6735,29.69,4.21
2022-10-22 00:00:00+00:00,598580.0,233097.0,240750216.43051958,178006.63267194008,986726492.5600873,185183.5,0.909318069409,817446.0,116545825797.5,20.0,,,,
2022-10-23 00:00:00+00:00,582380.0,217872.0,274506216.9071191,149734.14919422998,863875132.0819519,204005.0,0.926261633178,803523.0,116547077357.52057,23.0,,,,
2022-10-24 00:00:00+00:00,629949.0,264486.0,249031192.74934924,231456.75423753003,1942021342.2147148,1663308.5,0.915784798173,922514.0,117420498630.86708,22.0,3797.34,128.0304,29.85,4.25
2022-10-25 00:00:00+00:00,601629.0,248540.0,223395628.7898574,332949.2130373399,2029922329.8604708,14182889.5,0.951195313284,829386.0,117499553989.32587,20.0,3859.11,127.3771,28.46,4.1
2022-10-26 00:00:00+00:00,683262.0,306069.0,283822315.2658024,483968.7471567702,4840001389.030845,245499.0,0.983939477562,1051950.0,117619850283.90617,33.0,3830.6,126.4723,27.28,4.04
2022-10-27 00:00:00+00:00,648360.0,267995.0,247200081.03795698,358123.2221378599,2744026771.3671246,663661.5,0.959624512348,895161.0,117664147485.32169,32.0,3807.3,126.7028,27.39,3.96
2022-10-28 00:00:00+00:00,679257.0,283035.0,291146762.1113715,382498.81249143,2120803275.9058766,269939.0,0.975004031923,925522.0,117478704974.07712,30.0,3901.06,127.2135,25.75,4.02
2022-10-29 00:00:00+00:00,668004.0,252661.0,261848974.7290952,305071.30493723997,1370810442.8355875,598679.0,0.98443454901,871729.0,117438108551.03859,34.0,,,,
2022-10-30 00:00:00+00:00,594597.0,222138.0,247200081.03795698,264021.37503985,862100447.192454,248411.0,0.975832100659,830676.0,117419074576.6931,34.0,,,,
2022-10-31 00:00:00+00:00,667561.0,284125.0,316782326.0708633,316121.33494646003,2733690209.9784727,1452855.0,0.97009674747,980614.0,118102413672.43732,31.0,3871.98,127.6219,25.88,4.1
2022-11-01 00:00:00+00:00,666319.0,276192.0,263680086.4404874,311511.4902281199,2591653015.966983,1625241.5,0.970049689813,955117.0,117684181042.45248,30.0,3856.1,127.3987,25.81,4.07
2022-11-02 00:00:00+00:00,630399.0,257467.0,223395628.7898574,341102.59599713,2385280093.312358,11491082.0,0.954490976446,869056.0,117219196191.50499,30.0,3759.69,127.3115,25.86,4.1
2022-11-03 00:00:00+00:00,716406.0,297039.0,300302320.6683329,389736.73394773,2064861958.308632,2389637.5,0.956986021054,1009478.0,116805029888.84995,30.0,3719.89,128.1743,25.3,4.14
2022-11-04 00:00:00+00:00,689430.0,281515.0,236213410.7696033,408210.53911213,4952741205.334531,8239484.0,1.000981821699,939102.0,116802891758.29666,30.0,3770.55,127.1468,24.55,4.17
2022-11-05 00:00:00+00:00,648416.0,257198.0,276497868.4202333,341897.7453401101,1405293791.173831,2129173.0,1.007111287598,916525.0,116705635698.92432,38.0,,,,
2022-11-06 00:00:00+00:00,577334.0,223404.0,250862304.46074155,292387.24848373997,1500762814.556163,397227.5,0.991409279364,811578.0,116935653107.63055,40.0,,,,
2022-11-07 00:00:00+00:00,643216.0,264869.0,263186945.48747677,329833.19726433,3854033179.2232313,5604914.5,0.976088727485,920253.0,117725735394.42455,33.0,3806.8,126.3062,24.35,4.22
2022-11-08 00:00:00+00:00,719305.0,295778.0,297875786.9173795,427418.5838380298,5247264405.265705,411015.5,0.880744871078,1051006.0,118693579882.69595,31.0,3828.11,125.633,25.54,4.14
2022-11-09 00:00:00+00:00,754032.0,292265.0,272291363.5011629,431710.6548974302,6268866124.602172,6745046.0,0.753958696179,1076579.0,118598875410.59586,29.0,3748.57,125.9861,26.09,4.12
2022-11-10 00:00:00+00:00,774942.0,292831.0,268636445.8702748,413709.52419244003,5450942995.332227,1837599.0,0.839903712816,1056871.0,119234126674.26085,22.0,3956.37,124.7044,23.53,3.82
2022-11-11 00:00:00+00:00,747386.0,284467.0,244879481.2695022,383140.3856843002,5098440479.49329,251053.5,0.811340136624,964454.0,119596010321.5123,25.0,3992.93,,22.52,
2022-11-12 00:00:00+00:00,677645.0,239254.0,305185622.17915577,272917.7866327701,2961978333.8520007,645214.0,0.806378353685,942728.0,120044057994.2685,21.0,,,,
2022-11-13 00:00:00+00:00,656286.0,227644.0,235742187.19228196,272584.6368909699,1494812299.9661403,4072832.0,0.785273663056,895185.0,120010445640.39343,22.0,,,,
2022-11-14 00:00:00+00:00,661596.0,242416.0,224777434.2996177,384274.86507163994,4115043713.8673615,135937879.0,0.801361740695,954601.0,120128565299.9989,24.0,3957.25,123.4277,23.73,3.88
2022-11-15 00:00:00+00:00,703644.0,283090.0,283256116.39382714,611626.9137847103,2979130079.220169,139168272.0,0.81368542899,986709.0,120425182452.41899,22.0,3991.73,123.039,24.54,3.8
2022-11-16 00:00:00+00:00,670368.0,268373.0,274118822.31660694,592252.3599293804,3591834000.308391,103777273.5,0.806089820633,944275.0,120416260376.52255,23.0,3958.79,123.2817,24.11,3.67
2022-11-17 00:00:00+00:00,636467.0,248465.0,252189316.5312784,579379.5183785602,3913955462.5747924,85608406.0,0.81024033294,902258.0,120156297689.99075,20.0,3946.56,123.977,23.93,3.77
2022-11-18 00:00:00+00:00,697975.0,282091.0,254016775.34672245,731362.3703910299,6403239141.743098,65468160.5,0.818509642211,955851.0,120286332221.6938,23.0,3965.34,123.8524,23.12,3.82
2022-11-19 00:00:00+00:00,647807.0,260694.0,268636445.8702748,450051.67524987995,1261281057.6791189,18908264.5,0.820610369081,1113245.0,120428277542.54875,23.0,,,,
2022-11-20 00:00:00+00:00,595776.0,229923.0,272375605.3694332,323331.2659983299,1331263228.0854974,684480.0,0.799184425512,1013890.0,120456724275.99554,24.0,,,,
2022-11-21 00:00:00+00:00,661220.0,270779.0,236949653.97082296,407939.0101726298,2601329025.735664,3576707.0,0.777592696604,974239.0,120105728403.07693,21.0,3949.94,124.7009,22.36,3.83
2022-11-22 00:00:00+00:00,623451.0,253235.0,231439196.90173405,427587.4038721899,2641080662.9541574,9645460.0,0.79805211183,931145.0,120132002283.33347,22.0,4003.58,124.2365,21.29,3.76
2022-11-23 00:00:00+00:00,696412.0,273997.0,258991482.2471786,482435.4912530701,3366476108.1194096,19915572.5,0.817451445016,1057775.0,120025059735.1315,22.0,4027.26,123.7574,20.35,3.71
2022-11-24 00:00:00+00:00,642832.0,254639.0,236949653.97082296,464256.4483063699,1701790442.6046393,12352587.0,0.81837142484,988182.0,120310047227.83365,20.0,,,20.42,
2022-11-25 00:00:00+00:00,640008.0,258341.0,225928739.83264518,446212.1409055501,2167501567.0760984,15762200.5,0.816011276502,981465.0,120291632911.11186,20.0,4026.12,123.3386,20.5,3.68
2022-11-26 00:00:00+00:00,598183.0,229735.0,200213273.51023027,391693.2662286002,1207868138.6460793,6748160.5,0.812740435671,892687.0,120514407231.16635,22.0,,,,
2022-11-27 00:00:00+00:00,568789.0,222672.0,249807387.13203046,294217.1232479599,928264619.5263703,1041411.0,0.812332752733,855437.0,120663156965.49414,26.0,,,,
2022-11-28 00:00:00+00:00,630827.0,262636.0,255317844.20111936,378268.63563531014,1617313064.3047447,1812942.5,0.802349876662,931505.0,120161309938.6406,28.0,3963.94,123.6032,22.21,3.69
2022-11-29 00:00:00+00:00,658815.0,271512.0,240623292.0168823,381745.01734791993,2334673188.7997,4484455.5,0.814147810046,955669.0,119774850588.64749,26.0,3957.63,123.6615,21.89,3.75
2022-11-30 00:00:00+00:00,656181.0,271416.0,253481025.1780897,458719.22575721,2125827290.735983,8296983.5,0.850801464317,946754.0,119721889479.41577,29.0,4080.11,123.5175,20.58,3.68
2022-12-01 00:00:00+00:00,704310.0,285467.0,281033310.52353424,504250.42443010997,2626041872.0538573,6802031.5,0.840529289057,1030232.0,119605460824.23343,27.0,4076.57,122.0045,19.84,3.53
2022-12-02 00:00:00+00:00,686664.0,271725.0,229602377.87870446,488290.5890384203,2203356246.456967,12016313.0,0.84670015577,970221.0,119746787346.30896,27.0,4071.7,122.0102,19.06,3.51
2022-12-03 00:00:00+00:00,650867.0,250951.0,240623292.0168823,392144.2925222201,856618706.9077111,4682121.0,0.838232388894,938854.0,119849265576.8764,27.0,,,,
2022-12-04 00:00:00+00:00,570337.0,219810.0,257154663.22414896,287665.83329164004,808868574.8486406,419742.5,0.84968361727,842351.0,119977503073.34131,26.0,,,,
2022-12-05 00:00:00+00:00,654949.0,274064.0,268175577.36232677,366490.97540701996,1873420426.626942,894506.5,0.84468600446,960563.0,119723092247.72708,26.0,3998.84,122.6384,20.75,3.6
2022-12-06 00:00:00+00:00,637825.0,262438.0,231289584.01772717,382345.7351993802,2437620395.867009,5116521.5,0.850384196971,941978.0,119609453995.87866,25.0,3941.26,123.0191,22.17,3.51
2022-12-07 00:00:00+00:00,652144.0,272328.0,292794732.7377177,309554.7451012301,1442576449.6238878,301455.0,0.839503933452,899850.0,119406639405.9447,29.0,3933.92,122.7608,22.68,3.42
2022-12-08 00:00:00+00:00,646079.0,263838.0,284283257.94883054,252211.61542058983,1933366648.3883827,261193.5,0.858945882155,905789.0,119357745205.04037,25.0,3963.51,122.4152,22.29,3.48
2022-12-09 00:00:00+00:00,662365.0,265668.0,258748833.58216918,237910.7972007599,1768889805.8646967,48879049.5,0.854978591377,946767.0,119307903784.13246,26.0,3934.38,122.4201,22.83,3.57
2022-12-10 00:00:00+00:00,617455.0,241668.0,262153423.49772403,217025.69540671995,967835995.7450731,228991.5,0.854415449082,909506.0,119340824078.5409,27.0,,,,
2022-12-11 00:00:00+00:00,570664.0,217788.0,250237358.793282,140659.93983896,751257988.4152089,347650.0,0.853211507586,781176.0,119351640695.93286,26.0,,,,
2022-12-12 00:00:00+00:00,639530.0,262646.0,243428178.96217236,214873.47536277998,1766437843.065244,461421.5,0.858539391858,905428.0,119149745658.63885,27.0,3990.56,122.7714,25.0,3.61
2022-12-13 00:00:00+00:00,710573.0,287224.0,280878668.0332757,231727.10256393006,3045350290.4675856,526704.0,0.887729303381,974065.0,121715652533.05136,27.0,4019.65,121.8493,22.55,3.51
2022-12-14 00:00:00+00:00,673994.0,276441.0,251939653.75105944,270655.85079434013,2247571820.514079,956844.0,0.890254354657,930586.0,121876814075.58047,30.0,3995.32,121.8226,21.14,3.49
2022-12-15 00:00:00+00:00,691792.0,276713.0,236618999.1310626,358085.82263420045,2424485872.2193856,161913.0,0.86728278142,897844.0,121792691076.79097,31.0,3895.75,122.5519,22.83,3.44
2022-12-16 00:00:00+00:00,675745.0,254176.0,221298344.51106575,284866.27777775994,2247197492.0637503,13612137.0,0.830992951979,893040.0,121595149734.80075,29.0,3852.36,122.6505,22.62,3.48
2022-12-17 00:00:00+00:00,675840.0,263200.0,234916704.1732852,307468.05532591994,1383928648.5549052,219785.0,0.839657772493,967830.0,121648897780.05496,28.0,,,,
2022-12-18 00:00:00+00:00,559608.0,212673.0,246832768.87772718,193904.84579528996,812377663.8671454,88924.0,0.839875774864,783263.0,121682378771.05266,26.0,,,,
2022-12-19 00:00:00+00:00,625817.0,259096.0,233961255.1644386,301441.47372128983,1929149952.876581,654101.0,0.823536056851,971140.0,121290468073.51318,29.0,3817.66,122.5275,22.42,3.57
2022-12-20 00:00:00+00:00,653824.0,268893.0,246114015.1556391,304645.1261645301,2059242011.6362782,2076958.5,0.847633081501,950486.0,121167834751.55536,29.0,3821.62,122.1357,21.48,3.69
2022-12-21 00:00:00+00:00,653064.0,272491.0,251387886.90897432,278346.7094494699,2448023330.9510784,484917.0,0.843195618816,905699.0,121011884573.9042,26.0,3878.44,122.2828,20.07,3.68
2022-12-22 00:00:00+00:00,665463.0,271181.0,237324228.90008065,287541.23821089993,1859348909.4230971,928338.5,0.844194325117,908585.0,120902783757.00827,28.0,3822.39,122.2419,21.97,3.67
2022-12-23 00:00:00+00:00,680283.0,273926.0,232050357.14674553,292761.73058063,1998836224.0876124,5323903.0,0.842886604017,891725.0,120867260910.92,27.0,3844.82,121.9743,20.87,3.75
2022-12-24 00:00:00+00:00,562534.0,213339.0,156458195.34894204,301698.49795383995,1026982505.2744995,9955654.0,0.84590101132,758680.0,120947101016.6745,29.0,,,,
2022-12-25 00:00:00+00:00,522307.0,205314.0,247871972.40675086,230836.6897766801,567704284.870407,949298.5,0.845706555551,731599.0,121067745401.57832,29.0,,,,
2022-12-26 00:00:00+00:00,548937.0,223504.0,226776485.39341035,296889.79629261006,833385537.6962621,275476.5,0.848591013908,787672.0,121184943129.45836,28.0,,,,
2022-12-27 00:00:00+00:00,593337.0,239359.0,202165083.87784645,400541.0668842698,1240817057.9641438,6335194.5,0.8399359586,867369.0,120890543709.99728,27.0,3829.25,121.7539,21.65,3.84
2022-12-28 00:00:00+00:00,661225.0,272949.0,295336818.18676704,344406.47947443015,1926197296.2123392,1070645.5,0.83299277844,904203.0,121066219420.33937,28.0,3783.22,122.0075,22.14,3.88
2022-12-29 00:00:00+00:00,668338.0,265955.0,247871972.40675086,341839.7383941,2178953228.9292884,5571272.5,0.838526883526,945186.0,121046620211.61609,28.0,3849.28,121.6577,21.44,3.83
2022-12-30 00:00:00+00:00,726125.0,291015.0,277757245.6756499,360706.96262844995,3109838853.3793426,398068.5,0.836965256607,1050756.0,121211648530.80054,28.0,3839.5,121.4256,21.67,3.88
2022-12-31 00:00:00+00:00,618594.0,242325.0,274241331.1734265,202082.96767387,1461649789.6553886,1045238.0,0.835246001939,839910.0,121241960236.55663,25.0,,,,
2023-01-01 00:00:00+00:00,509337.0,187516.0,272483373.92231476,117878.59659179999,960387891.2186182,396799.5,0.839542831106,719716.0,121302935213.71039,26.0,,,,
2023-01-02 00:00:00+00:00,575250.0,229347.0,274241331.1734265,147534.49462474993,1181257420.6759183,2626258.5,0.843780085391,842261.0,121427063455.90959,27.0,,,,
2023-01-03 00:00:00+00:00,645565.0,272055.0,261883481.8059322,214074.29408492998,1935284430.5764203,1383337.0,0.843211245785,985169.0,120903479860.09161,26.0,3824.14,122.0905,22.9,3.79
2023-01-04 00:00:00+00:00,652878.0,277936.0,242356482.01087618,249884.05315118996,2477218555.0847707,3292815.0,0.852695347503,922281.0,120885333191.66306,29.0,3852.97,121.5008,22.01,3.69
2023-01-05 00:00:00+00:00,682119.0,279391.0,266083690.039913,242153.00793760997,2113239373.4579191,822872.5,0.851818124476,922508.0,120471508888.73218,29.0,3808.1,122.1017,22.46,3.71
2023-01-06 00:00:00+00:00,685990.0,276071.0,305064103.23047346,227037.36570185996,1512276042.4880793,215428.0,0.858998530318,932794.0,120430924284.9152,26.0,3895.08,121.0852,21.13,3.55
2023-01-07 00:00:00+00:00,601071.0,246679.0,260999288.3194051,142863.89320487995,1008767780.0807396,1411057.0,0.858446501208,809225.0,120545744204.3223,25.0,,,,
2023-01-08 00:00:00+00:00,565595.0,228488.0,259304487.74590245,115008.44625642001,748656711.8773363,442634.5,0.864443193289,755503.0,120684788912.8942,25.0,,,,
2023-01-09 00:00:00+00:00,662916.0,287347.0,257609687.17239982,187503.11014068004,1764693546.2864401,35297048.5,0.870777665108,981056.0,120490221169.83359,25.0,3892.09,120.1508,21.97,3.53
2023-01-10 00:00:00+00:00,695664.0,302809.0,286421296.9219445,193856.16839924,1816231045.0111103,1159280.0,0.883951640903,1146540.0,120453939235.55014,26.0,3919.25,120.2483,20.58,3.61
2023-01-11 00:00:00+00:00,661284.0,287494.0,249135684.30488667,216833.22177786002,1618746438.8268888,12871062.0,0.904886150128,944957.0,120649220046.6377,26.0,3969.61,120.1614,21.09,3.54
2023-01-12 00:00:00+00:00,717816.0,315980.0,255914886.59889722,304524.1287219099,2247438243.6297073,2645985.0,0.956915395927,1034292.0,120734714379.98343,30.0,3983.17,119.4218,18.83,3.43
2023-01-13 00:00:00+00:00,743545.0,316549.0,269473291.1869182,317572.3034121199,2463264992.3621755,413970.0,1.006737285894,1072059.0,120242297924.39194,31.0,3999.09,119.1673,18.35,3.49
2023-01-14 00:00:00+00:00,725858.0,309880.0,289810898.0689498,291613.5690333599,2449748173.7110066,181393.5,1.063923229924,965948.0,120528635401.45462,46.0,,,,
2023-01-15 00:00:00+00:00,605147.0,252086.0,280250606.7848099,165977.44711004992,1106496482.9809735,453128.0,1.056945343653,807742.0,120691296036.98431,52.0,,,,
2023-01-16 00:00:00+00:00,677371.0,302804.0,274688843.2470833,216970.65352844997,2044631859.525559,2484367.0,1.071886746547,966312.0,120641339620.8265,45.0,,,19.49,
2023-01-17 00:00:00+00:00,680259.0,308715.0,291506527.527517,274867.64546698995,2680237409.611653,852283.5,1.071274656024,988775.0,120348695037.16225,51.0,3990.97,119.2121,19.36,3.53
2023-01-18 00:00:00+00:00,681758.0,300045.0,261608422.14007932,346401.90355646,2419845787.872617,11433586.5,1.047738862359,942079.0,119870000403.79669,52.0,3928.86,119.0755,20.34,3.37
2023-01-19 00:00:00+00:00,684950.0,298919.0,270951580.07365364,338519.46710288,2617650724.123632,239970.0,1.066296173366,926693.0,119897828383.0653,45.0,3898.85,119.6107,20.52,3.39
2023-01-20 00:00:00+00:00,702080.0,295822.0,246659369.44636056,427979.9043053702,2589324902.4440293,3930065.5,1.145445917644,933005.0,119920404258.55353,51.0,3972.61,119.3486,19.85,3.48
2023-01-21 00:00:00+00:00,676478.0,287860.0,257871158.96664968,373161.09932507994,2449265693.2777076,3184630.5,1.152147571819,906764.0,120121489283.70827,53.0,,,,
2023-01-22 00:00:00+00:00,610248.0,250760.0,282163369.59394276,313453.69420077,1318419080.5905483,954431.0,1.147415859687,863236.0,120242923929.71921,53.0,,,,
2023-01-23 00:00:00+00:00,651866.0,293709.0,295243790.7009466,340683.95794656005,2335670388.5762277,391356.0,1.157946337765,933346.0,120224268571.80168,50.0,4019.81,119.1434,19.81,3.52
2023-01-24 00:00:00+00:00,660507.0,292970.0,241053474.68621597,388796.75491401023,2028801894.4644117,1217513.0,1.14168583391,908199.0,120440930849.97917,52.0,4016.95,119.0958,19.2,3.46
2023-01-25 00:00:00+00:00,687864.0,306681.0,327010527.67509925,298079.86340148014,2989378581.9675274,494158.0,1.166238508234,912032.0,120332374913.2942,51.0,4016.22,118.9686,19.08,3.46
2023-01-26 00:00:00+00:00,669489.0,296263.0,289637895.9408021,278771.70565508,2388161254.0606427,1549991.5,1.161820741319,892287.0,120120405627.62906,54.0,4060.43,119.021,18.73,3.49
2023-01-27 00:00:00+00:00,699439.0,303179.0,287769264.3540873,329186.65180187,2520965287.8745837,2640638.0,1.165635900125,929064.0,119893383597.83517,55.0,4070.56,118.9223,18.51,3.52
2023-01-28 00:00:00+00:00,637939.0,268849.0,313930106.5680952,267398.2512378299,1122025102.4368668,1139871.0,1.162375118008,857014.0,119928042867.12624,52.0,,,,
2023-01-29 00:00:00+00:00,616633.0,258583.0,311001352.7915209,198420.13893433995,1006418714.940687,219495.5,1.200618353218,829895.0,119904414372.78345,55.0,,,,
2023-01-30 00:00:00+00:00,667280.0,309909.0,269948142.5149194,261711.42321815,2569567382.907553,3537141.0,1.15137768201,957363.0,119512095276.10895,61.0,4017.77,118.8953,19.94,3.55
2023-01-31 00:00:00+00:00,709466.0,313500.0,224956785.42909947,428281.35266910004,2972667489.42258,8727497.0,1.167609671158,944348.0,119211088780.63101,51.0,4076.6,118.9802,19.4,3.52
2023-02-01 00:00:00+00:00,745886.0,345561.0,267991996.55466637,511609.4270867998,2871126484.8757524,2816341.0,1.196241930423,1050528.0,119112530041.84079,56.0,4119.21,118.6259,17.87,3.39
2023-02-02 00:00:00+00:00,752262.0,340169.0,283641164.23669064,520481.86704688007,2350568892.687534,1322386.5,1.184795889398,983946.0,119251880540.09839,60.0,4179.76,118.3421,18.73,3.4
2023-02-03 00:00:00+00:00,738211.0,315951.0,260167412.7136542,582030.8130412302,2856768763.049713,12292834.0,1.181415746292,988867.0,118829227824.12474,60.0,4136.48,119.5095,18.33,3.53
2023-02-04 00:00:00+00:00,691143.0,304495.0,266035850.5944133,476163.88465611,1574648243.2848904,2584367.5,1.176437733184,961115.0,118765446126.18855,58.0,,,,
2023-02-05 00:00:00+00:00,594717.0,254113.0,297334185.95846194,323460.02974042,893021547.4156011,8277508.5,1.156408398602,802171.0,118851513452.58841,58.0,,,,
2023-02-06 00:00:00+00:00,663760.0,301977.0,289509602.11744976,422385.87148690986,1897844366.3147411,29878545.0,1.145679319019,920525.0,118630799832.52435,56.0,4111.08,120.541,19.43,3.63
2023-02-07 00:00:00+00:00,688379.0,300429.0,277772726.3559315,512088.87323075,2043971490.014132,44016199.5,1.171652534251,944049.0,116564970726.2529,54.0,4164.0,120.3475,18.66,3.67
2023-02-08 00:00:00+00:00,682912.0,316963.0,269948142.5149194,424694.8835081301,2023212584.0370593,49800520.5,1.154986688723,942153.0,116317471136.16614,58.0,4117.86,120.1436,19.63,3.63
2023-02-09 00:00:00+00:00,783722.0,369499.0,316895645.5609923,485946.64710400044,2624133093.6917434,55471972.0,1.099040577212,1056974.0,116277863757.09738,55.0,4081.5,119.9781,20.71,3.67
2023-02-10 00:00:00+00:00,700869.0,300092.0,287553456.1571967,583885.5012333099,2821715858.049523,58806952.5,1.089446116412,923753.0,116179116876.74065,48.0,4090.46,120.1419,20.53,3.74
2023-02-11 00:00:00+00:00,654726.0,280319.0,291465748.0777028,490186.31190135004,1616291509.3106585,69952991.0,1.101770368949,896301.0,116116568848.20029,49.0,,,,
2023-02-12 00:00:00+00:00,617837.0,259642.0,313943411.7760057,411481.01416915,898974041.6036167,57873617.0,1.097210551986,861493.0,116033574940.87492,50.0,,,,
2023-02-13 00:00:00+00:00,666916.0,299329.0,303650131.9290037,525699.4142483402,2245943774.469708,67278085.0,1.09866674955,957593.0,117817210974.54764,48.0,4137.29,119.9828,20.34,3.72
2023-02-14 00:00:00+00:00,675701.0,302653.0,299757181.5196575,566478.9006881601,2556253417.1765366,68288184.0,1.119923157609,913570.0,117801744386.55386,50.0,4136.13,119.9229,18.91,3.77
2023-02-15 00:00:00+00:00,723537.0,325460.0,317275458.3617154,801902.7758068796,2898459337.461837,65315296.5,1.22364317031,993456.0,118153749019.57887,53.0,4147.6,120.4557,18.23,3.81
2023-02-16 00:00:00+00:00,759215.0,344711.0,348419061.63648504,769736.47294442,3465947360.3289113,59296977.5,1.195012046683,1118226.0,118358214448.9971,62.0,4090.41,120.4651,20.17,3.86
2023-02-17 00:00:00+00:00,716489.0,321260.0,321168408.7710616,643443.67522734,2700502695.7131515,51296405.5,1.237767811543,1050009.0,118692964799.47806,61.0,4079.09,120.5526,20.02,3.82
2023-02-18 00:00:00+00:00,656568.0,276798.0,327007834.38508093,491165.8894959701,1377296531.3723257,36868006.0,1.239058645614,1046593.0,118670082430.51654,60.0,,,,
2023-02-19 00:00:00+00:00,569883.0,240406.0,315328983.1570423,381216.49748233,1095518513.5468009,13619530.5,1.225347760367,928713.0,118713607276.89609,60.0,,,,
2023-02-20 00:00:00+00:00,615969.0,270081.0,286131855.0869458,468425.61118263996,1732893145.332651,18892532.5,1.246658143379,908106.0,118757723196.98404,58.0,,,21.23,
2023-02-21 00:00:00+00:00,654981.0,290457.0,325061359.18040776,431453.01103933976,2243262464.0773,22395989.5,1.226544841574,1012926.0,118968127683.50449,60.0,3997.34,120.6256,22.87,3.95
2023-02-22 00:00:00+00:00,660490.0,282319.0,272506528.65423405,442795.57905320986,2537535479.447003,17968937.0,1.214898364016,931144.0,119789815050.1499,59.0,3991.05,120.8389,22.29,3.93
2023-02-23 00:00:00+00:00,693262.0,290728.0,332847259.9991002,460300.6050843199,2319568505.898318,4743542.5,1.20196788302,1071298.0,119931531367.66422,56.0,4012.32,121.0896,21.14,3.88
2023-02-24 00:00:00+00:00,695824.0,294562.0,262774152.6308686,437292.95495214994,3264100602.063476,11955030.5,1.165447448567,964247.0,120212178885.61954,53.0,3970.04,121.5681,21.67,3.95
2023-02-25 00:00:00+00:00,626600.0,258413.0,227840889.77873334,373242.65403232997,1260295667.7524452,16659335.0,1.164771417267,811239.0,120307377000.77301,52.0,,,,
2023-02-26 00:00:00+00:00,628404.0,277103.0,359556658.1833338,350562.9690279199,829030192.9549239,941316.5,1.183865293006,905055.0,120397794779.98349,51.0,,,,
2023-02-27 00:00:00+00:00,644967.0,292748.0,299630548.4861114,536701.2131351097,2772708720.756993,21992962.0,1.181751158136,982682.0,120394805232.93112,50.0,3982.24,121.3941,20.95,3.92
2023-02-28 00:00:00+00:00,731797.0,332358.0,293209893.8756949,603782.2707730898,3303380064.905549,19562463.0,1.165088210397,983627.0,120312673596.24637,53.0,3970.15,121.3341,20.7,3.92
2023-03-01 00:00:00+00:00,826824.0,381932.0,363837094.5902782,614328.8338118796,3301347256.8235106,27197685.5,1.188892073095,1076257.0,120426334351.7205,50.0,3951.39,120.6347,20.58,4.01
2023-03-02 00:00:00+00:00,726383.0,330047.0,308191421.3000004,560736.2281539602,2086533468.9466226,58658636.0,1.181929202448,939444.0,121023025815.56534,51.0,3981.35,121.1302,19.59,4.08
2023-03-03 00:00:00+00:00,807383.0,355273.0,359556658.1833338,626254.6810657501,2615790472.42038,55740388.0,1.126016843463,1086253.0,121440620169.04596,50.0,4045.64,120.7742,18.49,3.97
2023-03-04 00:00:00+00:00,678996.0,306300.0,325313166.92777824,452361.9804699801,1387147095.1107905,39272127.5,1.125231451633,905589.0,123672366196.65413,50.0,,,,
2023-03-05 00:00:00+00:00,630099.0,286638.0,331733821.53819484,394378.3145821898,1446601446.787563,30866276.5,1.130220819242,995537.0,123869703922.77562,47.0,,,,
2023-03-06 00:00:00+00:00,671836.0,316016.0,282508802.8583337,539809.1165314703,2174309951.733324,46318268.5,1.130223291427,931807.0,123624617306.09665,48.0,4048.42,120.485,18.61,3.98
2023-03-07 00:00:00+00:00,771846.0,362082.0,353136003.57291716,572685.2245025501,3374322168.0047064,36765897.0,1.122035533533,1063023.0,123352334767.84927,49.0,3986.37,121.4623,19.59,3.97
2023-03-08 00:00:00+00:00,656385.0,292493.0,284649021.0618059,579385.60012384,3388596597.8769383,68117711.0,1.098460296734,885079.0,123337515578.11938,50.0,3992.01,121.4511,19.11,3.98
2023-03-09 00:00:00+00:00,700965.0,336854.0,288929457.4687504,958146.1438953496,3196734601.933024,62191506.0,1.031092147146,929904.0,123317138970.93098,44.0,3918.32,121.4458,22.61,3.93
2023-03-10 00:00:00+00:00,762121.0,329334.0,291564668.6842239,879028.5698881898,3145620928.4517913,64580508.0,1.026171253096,979055.0,122486745598.54686,34.0,3861.59,121.2421,24.8,3.7
2023-03-11 00:00:00+00:00,721567.0,319707.0,357219695.9219277,552974.0342969402,2656253787.621122,63075543.5,1.043781214381,982511.0,120105165840.327,33.0,,,,
2023-03-12 00:00:00+00:00,621363.0,265555.0,348559824.50563854,441215.24970483984,1616901383.7018845,70219800.5,1.118453254664,886609.0,120823071490.71887,33.0,,,,
2023-03-13 00:00:00+00:00,725571.0,333107.0,339899953.08934945,602960.2307499597,4722952043.929702,62906707.0,1.222477139001,999918.0,119747023567.92111,49.0,3855.76,120.8897,26.52,3.55
2023-03-14 00:00:00+00:00,728811.0,327892.0,316085306.6945542,945607.8013802001,5174879852.243775,64534839.5,1.252017069531,1024780.0,120694443089.7283,56.0,3919.29,121.0141,23.73,3.64
2023-03-15 00:00:00+00:00,750215.0,345059.0,318250274.5486265,829303.8942761003,3832195528.104545,60647142.0,1.233259096934,1006730.0,119884812972.82176,50.0,3891.93,122.1079,26.14,3.51
2023-03-16 00:00:00+00:00,687640.0,295049.0,290105692.4456867,826660.6846077396,3822620889.8653975,58545416.0,1.264318230866,879957.0,120126226008.22809,52.0,3960.28,121.7221,22.99,3.56
2023-03-17 00:00:00+00:00,768841.0,338823.0,318250274.5486265,1121727.55249625,5161878711.656648,59828696.5,1.381709504388,1085422.0,119536101634.19737,51.0,3916.64,121.5643,25.51,3.39
2023-03-18 00:00:00+00:00,691597.0,296890.0,350724792.3597108,954794.5912275799,2228054547.197853,67246853.5,1.357927080335,955447.0,119533254567.29099,64.0,,,,
2023-03-19 00:00:00+00:00,619482.0,269131.0,320415242.4026988,800366.2196468897,2375622526.910426,68325583.5,1.41718434858,845573.0,119511222543.38443,63.0,,,,
2023-03-20 00:00:00+00:00,725399.0,341288.0,333405049.5271326,826286.1163280801,4411638891.790383,64633013.5,1.398348824456,1014355.0,119667165513.21515,66.0,3951.57,121.0141,24.15,3.47
2023-03-21 00:00:00+00:00,708659.0,327932.0,313920338.84048194,821883.6147907301,2864598879.584065,64703673.5,1.413889214116,990544.0,120527712507.72525,68.0,4002.87,120.8958,21.38,3.59
2023-03-22 00:00:00+00:00,688658.0,297575.0,344229888.79749393,1001060.4196809003,4085982036.0350213,68687309.0,1.371700451034,940276.0,119982300075.15344,62.0,3936.97,120.6217,22.26,3.48
2023-03-23 00:00:00+00:00,677191.0,295245.0,398152679.74955547,1128390.589714199,4021952026.6598744,68647955.0,1.421886913625,902932.0,120643155346.26808,57.0,3948.72,119.7587,22.61,3.38
2023-03-24 00:00:00+00:00,683787.0,292095.0,377232885.49311894,1238315.7662495696,3241169630.8757415,62274835.5,1.375231386162,893101.0,121080260740.27078,61.0,3970.99,120.4598,21.74,3.38
2023-03-25 00:00:00+00:00,659846.0,290197.0,337646718.49692744,841297.0285355006,1550482121.7267482,54489053.5,1.376280144651,898042.0,121049101999.02382,64.0,,,,
2023-03-26 00:00:00+00:00,594775.0,261243.0,335318120.4383279,606321.7779807397,984037172.6584415,60924988.5,1.403671575252,851151.0,121015531200.55026,64.0,,,,
2023-03-27 00:00:00+00:00,668827.0,296557.0,344632512.6727259,637136.7356429495,2566202032.425585,67866391.5,1.357098415255,1057595.0,120573127692.15388,64.0,3977.53,120.2541,20.6,3.53
2023-03-28 00:00:00+00:00,684623.0,316281.0,312032139.85233283,757392.4650173996,2928743459.536357,71822202.5,1.363066939643,982699.0,120407367576.01213,59.0,3971.27,119.7138,19.97,3.55
2023-03-29 00:00:00+00:00,727221.0,334637.0,342303914.6141264,774437.2832669906,3259547576.2807436,62191272.5,1.417071461284,977852.0,120363150226.39609,57.0,4027.81,119.7258,19.12,3.57
2023-03-30 00:00:00+00:00,727172.0,326347.0,360932699.0829224,785727.6905809497,5441832858.287578,61807660.5,1.420441511641,1021839.0,119924994239.13887,60.0,4050.83,119.4078,19.02,3.55
2023-03-31 00:00:00+00:00,732643.0,308386.0,328332326.2625294,920019.6897308397,3688566063.994466,69030366.5,1.443820674085,1043754.0,119622139345.43793,63.0,4109.31,119.3602,18.7,3.48
2023-04-01 00:00:00+00:00,702374.0,319646.0,326003728.2039299,896685.7464901599,1343707941.9349802,69910137.5,1.442211549223,1038858.0,119637694658.00851,61.0,,,,
2023-04-02 00:00:00+00:00,659613.0,341622.0,346961110.73132545,696571.0734314099,956580471.194993,63257647.5,1.425206305097,1012005.0,119629388218.4153,63.0,,,,
2023-04-03 00:00:00+00:00,681747.0,332870.0,305046345.6765345,775412.1455161201,2427314471.3794074,71137465.0,1.409099995135,985157.0,119720254148.2092,63.0,4124.51,119.3204,18.55,3.43
2023-04-04 00:00:00+00:00,809319.0,421130.0,377232885.49311894,955351.6302441999,3009364817.0053983,65248887.5,1.4219430768,1108155.0,119770473021.86707,62.0,4100.6,119.142,19.0,3.35
2023-04-05 00:00:00+00:00,719774.0,346885.0,323675130.1453304,907818.0695906399,3909874646.81429,64456627.0,1.424960408187,964688.0,119693917767.49184,62.0,4090.38,119.2953,19.08,3.3
2023-04-06 00:00:00+00:00,740308.0,354019.0,375327217.1632722,956706.9356895998,2750821198.0916862,67419981.5,1.41726242259,1022873.0,119847225421.9574,63.0,4105.02,119.3072,18.4,3.3
2023-04-07 00:00:00+00:00,739977.0,355031.0,338032942.16648775,758818.3460450297,1658809071.6178896,61451444.5,1.411891341659,956362.0,119739879514.21588,64.0,,119.3547,,3.39
2023-04-08 00:00:00+00:00,661759.0,318505.0,349935510.5526316,615696.2827003198,904857861.1541716,58785177.5,1.413111240664,885739.0,119730705441.69847,61.0,,,,
2023-04-09 00:00:00+00:00,570129.0,278404.0,347554996.87540287,473109.9627858202,786257013.0006487,70695665.0,1.432780320048,936112.0,119743739214.23772,61.0,,,,
2023-04-10 00:00:00+00:00,633252.0,289625.0,292803182.2991408,622984.92849652,3111868332.091016,70630568.0,1.498410626119,947327.0,119551711747.5271,62.0,4109.11,119.7948,18.97,3.41
2023-04-11 00:00:00+00:00,793340.0,385002.0,366599106.2932332,951293.1338509904,5538417633.702715,65158824.5,1.524007596955,1146146.0,119570428197.45279,68.0,4108.94,119.5248,19.1,3.43
2023-04-12 00:00:00+00:00,714277.0,338102.0,380882188.3566059,737969.7088734803,5793871314.410771,76664476.5,1.506773205338,1056542.0,119210596108.72299,65.0,4091.95,119.003,19.09,3.41
2023-04-13 00:00:00+00:00,720191.0,332042.0,338032942.16648775,784076.7072112296,3142733102.7223654,58601184.0,1.528589539867,1009669.0,119150040871.78442,61.0,4146.22,118.3915,17.8,3.45
2023-04-14 00:00:00+00:00,729076.0,315959.0,333271914.81203014,848602.4405606199,3725625623.497133,61809426.5,1.531450017782,1016042.0,120021775742.75311,68.0,4137.64,118.8567,17.07,3.52
2023-04-15 00:00:00+00:00,644020.0,276185.0,376121161.0021483,653210.8332441002,1462605812.374483,69693041.0,1.525286478334,1045660.0,120013413096.02625,68.0,,,,
2023-04-16 00:00:00+00:00,558992.0,232268.0,295183695.97636956,483124.45486133016,1063225848.1656959,69883346.5,1.523487449103,840992.0,120001106334.82764,68.0,,,,
2023-04-17 00:00:00+00:00,665181.0,316193.0,368979619.9704619,620756.6633733102,3697555658.5764194,51458492.5,1.481199761253,984242.0,119802612648.11394,69.0,4151.32,119.2787,16.95,3.6
2023-04-18 00:00:00+00:00,680093.0,312522.0,395165270.4199787,610251.6375700602,2422892168.755929,17071989.0,1.524898878521,1149264.0,119509437490.94373,58.0,4154.87,119.1049,16.83,3.58
2023-04-19 00:00:00+00:00,680099.0,301722.0,330891401.13480145,617230.7998209299,2806672447.3950105,19259880.0,1.445557031038,985732.0,119394260137.80447,63.0,4154.52,119.303,16.46,3.6
2023-04-20 00:00:00+00:00,675813.0,296683.0,319313867.4340018,607694.9629699596,4050944568.9312954,10370036.0,1.418296444501,951443.0,120132119937.81107,52.0,4129.79,119.1199,17.17,3.54
2023-04-21 00:00:00+00:00,771581.0,352218.0,351118490.9644334,673592.26176896,3574778822.6395483,13760149.5,1.370138666353,1015546.0,119911544932.45026,50.0,4133.52,119.3117,16.77,3.57
2023-04-22 00:00:00+00:00,652782.0,354752.0,360804518.3013832,449452.0391676201,1388897603.2660651,2295099.0,1.396814023725,914896.0,119923056572.1338,53.0,,,,
2023-04-23 00:00:00+00:00,604273.0,432760.0,355961504.6329083,377430.8909660697,1135637672.6980305,5063612.5,1.385375480736,840711.0,119943100091.67116,56.0,,,,
2023-04-24 00:00:00+00:00,634746.0,360173.0,341432463.6274834,573245.16860912,2117557490.949825,10688877.5,1.381178300296,998948.0,119897199344.68329,53.0,4137.04,119.2039,16.89,3.52
2023-04-25 00:00:00+00:00,663868.0,369843.0,302688354.2796839,735508.61633085,2588478713.9496126,19925800.0,1.420027669157,895988.0,119835180161.31192,53.0,4071.63,119.613,18.76,3.4
2023-04-26 00:00:00+00:00,668682.0,436461.0,314795888.4508713,957979.6287221899,2963529477.807014,26765803.5,1.423548393886,893248.0,119926787308.83904,56.0,4055.99,119.3228,18.84,3.43
2023-04-27 00:00:00+00:00,673213.0,418912.0,314795888.4508713,1229872.1622151798,2759095405.121972,7667164.5,1.477024680925,892914.0,119682969809.29855,59.0,4135.35,119.4298,17.03,3.53
2023-04-28 00:00:00+00:00,725813.0,483522.0,355961504.6329083,1345019.88306382,2242009223.6435246,39195096.5,1.470212541775,957827.0,119690568113.77489,64.0,4169.48,119.2248,15.78,3.44
2023-04-29 00:00:00+00:00,628996.0,486031.0,331746436.2905336,1255139.9042404792,1392685430.2644625,14804058.5,1.463534273428,803633.0,119702454322.68503,64.0,,,,
2023-04-30 00:00:00+00:00,612597.0,568516.0,358383011.4671458,1399370.7270513396,930842814.8253765,17337326.5,1.470402257877,767567.0,119686914945.69023,60.0,,,,
2023-05-01 00:00:00+00:00,697731.0,682281.0,440714243.83121973,2014627.3519840294,2578412163.433788,5712188.0,1.408272273073,929691.0,119549615643.07431,63.0,4167.87,119.4435,16.08,3.59
2023-05-02 00:00:00+00:00,620729.0,457708.0,312374381.6166337,3273981.298662669,2767795701.6050014,7314320.5,1.436592482997,820724.0,119439608149.87985,55.0,4119.58,119.6105,17.78,3.44
2023-05-03 00:00:00+00:00,728440.0,489559.0,341432463.6274834,3544855.872158977,2422988601.261196,29031904.5,1.45181633614,953701.0,119334475883.87743,64.0,4090.75,119.1233,18.34,3.38
2023-05-04 00:00:00+00:00,680011.0,491123.0,351888475.1483047,3288495.792185752,2761594919.1768866,44567777.0,1.442232154866,914598.0,119409166892.48068,64.0,4061.22,119.0465,20.09,3.37
2023-05-05 00:00:00+00:00,652054.0,411429.0,283977798.47865146,3957854.1247759885,2510385337.6027164,23191150.5,1.476466635695,822037.0,119615379867.42828,61.0,4136.25,118.5548,17.19,3.44
2023-05-06 00:00:00+00:00,619770.0,601134.0,355568840.1119249,5314480.410668421,1400151899.5226257,17564259.0,1.443843173393,764917.0,119804617307.8123,60.0,,,,
2023-05-07 00:00:00+00:00,482095.0,607883.0,331705159.5675005,11680119.899578568,6275070589.277977,14414132.5,1.429877064919,549932.0,119717679839.31473,64.0,,,,
2023-05-08 00:00:00+00:00,552358.0,575051.0,326932423.4586156,17774953.31709868,2648208726.2818136,7252890.5,1.378067479397,696710.0,120723931233.57214,60.0,4138.12,118.5759,16.98,3.52
2023-05-09 00:00:00+00:00,586519.0,598256.0,360341576.2208098,12170055.628140097,2281077965.487694,30969904.5,1.374090435543,772112.0,120418576069.42876,51.0,4119.17,118.8239,17.71,3.53
2023-05-10 00:00:00+00:00,686423.0,671668.0,405682569.25521636,9436638.187675247,3137536935.1872473,86719829.5,1.374436923429,891517.0,120358057990.9271,52.0,4137.64,118.5864,16.94,3.43
2023-05-11 00:00:00+00:00,596717.0,546549.0,360341576.2208098,5303642.76717087,2770395978.8569636,102758771.5,1.341912915639,831417.0,120146175018.31291,52.0,4130.62,119.0303,16.93,3.39
2023-05-12 00:00:00+00:00,604937.0,509159.0,336477895.6763853,4591339.496966119,3169630069.189967,122713642.5,1.331264514159,809188.0,120125442417.53246,49.0,4124.08,119.3671,17.03,3.46
2023-05-13 00:00:00+00:00,553742.0,575640.0,346023367.89415514,2919802.9555745185,991289460.9544855,131973318.0,1.334669775407,705679.0,120134551104.94777,48.0,,,,
2023-05-14 00:00:00+00:00,565005.0,631677.0,415228041.47298616,2376958.255630781,1215289911.1348636,115481430.5,1.338338944895,835319.0,120118650021.75748,48.0,,,,
2023-05-15 00:00:00+00:00,579485.0,526379.0,350796104.00303996,2459702.1499540703,2763003238.264736,127498318.0,1.352469393563,817441.0,119964296869.87811,50.0,4136.28,119.1608,17.12,3.5
2023-05-16 00:00:00+00:00,625496.0,566462.0,365114312.32969475,3185687.8099852973,3008826127.943103,132420976.0,1.341803499909,814467.0,119802891070.86166,54.0,4109.9,119.1743,17.99,3.54
2023-05-17 00:00:00+00:00,627113.0,583454.0,381818888.7107919,2517216.525743751,2465971974.3540215,144474549.0,1.360182926857,841652.0,119640543707.1282,50.0,4158.77,119.607,16.87,3.57
2023-05-18 00:00:00+00:00,603811.0,476704.0,344768089.144806,2898574.68459141,2512673144.6409097,153024825.5,1.332798511609,814709.0,119716891080.04703,51.0,4198.05,120.0886,16.05,3.65
2023-05-19 00:00:00+00:00,664491.0,515474.0,369469365.7613961,3191230.8702033595,2554604959.7346253,151932493.0,1.335285312277,904374.0,119692165526.027,48.0,4191.98,119.7751,16.81,3.7
2023-05-20 00:00:00+00:00,559902.0,423736.0,322669912.76495266,2296090.6400337,920228012.2649299,153584137.0,1.345668504663,719434.0,119690901010.28198,48.0,,,,
2023-05-21 00:00:00+00:00,542208.0,486625.0,371932494.8664721,1929304.2231961,791504500.9000938,152585179.5,1.329584607553,775828.0,119689746219.27261,52.0,,,,
2023-05-22 00:00:00+00:00,604303.0,499281.0,354690591.1309403,1905304.2514427297,2534089158.369676,165262520.5,1.331796174941,817592.0,119562409689.4196,49.0,4192.63,120.0875,17.21,3.72
2023-05-23 00:00:00+00:00,636984.0,519870.0,379321882.1817001,1901087.2464642893,3180993164.421833,171511570.0,1.349756710174,859507.0,119395205018.20724,50.0,4145.58,120.3204,18.53,3.7
2023-05-24 00:00:00+00:00,617027.0,405521.0,347301203.81571233,1726076.06159614,2711288352.175955,174205633.0,1.306148991112,859470.0,119239498504.3245,50.0,4115.24,120.4752,20.03,3.73
2023-05-25 00:00:00+00:00,689359.0,460167.0,371932494.8664721,2417525.79884069,3373192745.053606,173190320.0,1.312302574122,923963.0,119170714070.01872,51.0,4151.28,120.8413,19.14,3.83
2023-05-26 00:00:00+00:00,738629.0,532373.0,376858753.07662404,2600148.4276554207,2636344924.8529816,169703168.0,1.323951129649,963216.0,119214507380.49873,49.0,4205.45,120.6304,17.95,3.8
2023-05-27 00:00:00+00:00,672783.0,471633.0,357153720.2360163,1660329.9149689998,1428456846.3702302,162162819.5,1.330559181986,877266.0,119204012317.40521,48.0,,,,
2023-05-28 00:00:00+00:00,647993.0,496158.0,394100656.8121559,1709329.7794751807,1186204873.240664,161923423.0,1.391560954233,863880.0,119184529865.7275,50.0,,,,
2023-05-29 00:00:00+00:00,664954.0,550324.0,399026915.0223079,2004263.8429945009,2564600223.940437,171144858.5,1.374801000798,912071.0,119158071940.72624,52.0,,,17.46,
2023-05-30 00:00:00+00:00,713954.0,515246.0,379321882.1817001,2221252.24263577,2717578997.3582397,106146576.5,1.371662586882,959148.0,119090839503.76416,51.0,4205.52,120.5546,17.46,3.69
2023-05-31 00:00:00+00:00,709100.0,421579.0,349729770.9452385,1867484.5722658292,3431301491.791069,131730664.5,1.347122513076,925966.0,119007474388.22664,51.0,4179.83,120.9662,17.94,3.64
2023-06-01 00:00:00+00:00,678136.0,355986.0,336187209.4940784,1915515.1286641199,3687459597.7234793,128142247.0,1.32755818548,919298.0,119076703936.15567,52.0,4221.02,120.0491,15.65,3.61
2023-06-02 00:00:00+00:00,721266.0,479437.0,417687139.0684004,2059113.6352657694,3105301689.675224,139281951.5,1.348499664123,982760.0,119060707015.10638,50.0,4282.37,120.0049,14.6,3.69
2023-06-03 00:00:00+00:00,635282.0,381453.0,331093463.8956832,1214418.4026787204,2070061018.0407546,137266876.5,1.339845350422,873884.0,119052278010.04004,53.0,,,,
2023-06-04 00:00:00+00:00,588801.0,364020.0,376937174.2812394,1045713.2425836503,1576273013.616206,123885552.0,1.343716524322,879948.0,119034704164.84973,52.0,,,,
2023-06-05 00:00:00+00:00,610475.0,359254.0,351468446.2892638,1522231.5883981395,3039689264.928618,135080271.0,1.276417765634,884289.0,118949715943.99283,53.0,4273.79,120.0048,14.73,3.69
2023-06-06 00:00:00+00:00,763100.0,462072.0,384577792.6788321,2181112.22832712,3081878129.935029,145644860.5,1.3462357416,1032895.0,118791962345.57515,44.0,4283.85,119.9718,13.96,3.7
2023-06-07 00:00:00+00:00,734954.0,433781.0,343827827.89167106,2607709.1837335806,2879720193.2929277,143716098.0,1.303228127244,1004588.0,118676292173.70782,53.0,4267.52,119.859,13.94,3.79
2023-06-08 00:00:00+00:00,682296.0,407006.0,392218411.07642484,1856163.71881531,2955188802.9258275,131919549.0,1.312170481703,964762.0,118592778727.3232,50.0,4293.93,119.5712,13.65,3.73
2023-06-09 00:00:00+00:00,676835.0,387084.0,430421503.0643882,1969653.5156060592,2312552076.438471,123765499.5,1.309627647538,1020140.0,118464375035.97946,50.0,4298.86,119.4322,13.83,3.75
2023-06-10 00:00:00+00:00,643676.0,365369.0,392218411.07642484,1283971.0230670702,2299022634.963496,101391561.5,1.279906228962,943047.0,118538666640.98618,49.0,,,,
2023-06-11 00:00:00+00:00,561469.0,399201.0,415140266.2692028,907591.6299787499,1835728223.472706,133267804.0,1.282204028842,872589.0,118552695308.47165,47.0,,,,
2023-06-12 00:00:00+00:00,617352.0,370634.0,399859029.4740175,1100687.3778561798,3092719402.655595,139894698.0,1.282415132209,985947.0,119453046916.09872,47.0,4338.93,119.6376,15.01,3.73
2023-06-13 00:00:00+00:00,682607.0,410483.0,374390301.4820418,968434.5116241899,3067091259.736594,146543712.0,1.281288526881,933842.0,119302182905.28677,45.0,4369.01,119.1899,14.61,3.84
2023-06-14 00:00:00+00:00,633244.0,330658.0,312388214.96659184,1041957.7224874699,3287955132.691958,150383120.5,1.242758133707,828183.0,119194229770.96683,46.0,4372.59,118.776,13.88,3.83
2023-06-15 00:00:00+00:00,689182.0,423069.0,385148460.1631553,1031344.1899307905,4099477121.1399755,159254898.0,1.265794710232,919869.0,119508647315.87921,41.0,4425.84,118.5521,14.5,3.72
2023-06-16 00:00:00+00:00,765014.0,512202.0,398160232.4659646,1178722.01658558,3776668075.9031157,165091928.0,1.303742036635,958674.0,120908095420.5267,47.0,4409.59,118.4184,13.54,3.77
2023-06-17 00:00:00+00:00,662278.0,475252.0,364329624.47866035,1070141.2933438001,2175325693.612937,168083698.5,1.312806147734,863600.0,120933406040.12004,47.0,,,,
2023-06-18 00:00:00+00:00,661930.0,439868.0,392955523.5448409,809692.0627775899,1950479880.7942493,90175783.0,1.304485514887,883864.0,120960488885.73616,49.0,,,,
2023-06-19 00:00:00+00:00,614017.0,415604.0,369534333.3997841,828508.9406678702,5228204127.288318,110120490.0,1.326002267293,920552.0,121057205320.32721,47.0,,,14.19,
2023-06-20 00:00:00+00:00,746599.0,447715.0,353920206.636413,1025565.0275356398,3897871059.861629,124295961.0,1.401058308786,951926.0,121442418769.50056,49.0,4388.71,118.938,13.88,3.74
2023-06-21 00:00:00+00:00,693078.0,363280.0,314884889.72798514,1290853.9043715296,5891685868.367508,146560612.5,1.487688159529,920555.0,118259019936.6327,59.0,4365.69,118.727,13.2,3.72
2023-06-22 00:00:00+00:00,722789.0,392041.0,356522561.09697485,1338870.5265184091,4476871257.393661,136651244.0,1.479224774259,1000988.0,118284655864.75378,65.0,4381.89,118.7552,12.91,3.8
2023-06-23 00:00:00+00:00,707501.0,374001.0,325294307.5702325,1245927.31619046,4295642711.518616,148565782.0,1.511461032551,948738.0,118255517125.90135,65.0,4348.33,119.152,13.44,3.74
2023-06-24 00:00:00+00:00,683837.0,361437.0,379943751.2420316,1034349.60490763,2769810821.7608957,130791173.0,1.506266238891,1011110.0,118270392551.07007,62.0,,,,
2023-06-25 00:00:00+00:00,656558.0,382769.0,398160232.4659646,900286.6005073703,2222325691.744992,129644474.0,1.501725462895,944147.0,118244518949.70935,64.0,,,,
2023-06-26 00:00:00+00:00,692095.0,403979.0,379943751.2420316,991023.2264099098,3515517320.6694574,133319191.5,1.490477217783,998904.0,118144412451.28546,55.0,4328.82,119.0761,14.25,3.72
2023-06-27 00:00:00+00:00,707936.0,434858.0,364329624.47866035,967788.69705815,3548784761.5759306,136957598.0,1.508993136561,978594.0,117997401479.99182,59.0,4378.41,118.8949,13.74,3.77
2023-06-28 00:00:00+00:00,627350.0,331278.0,280545974.4417444,905240.35699098,3880455108.003227,140064572.0,1.480047953676,826245.0,117900335029.95221,62.0,4376.86,119.3382,13.43,3.71
2023-06-29 00:00:00+00:00,726305.0,438193.0,367574940.3012432,1127727.0496004599,5186493187.03279,145175651.0,1.4974352167,970467.0,117716894570.89542,54.0,4396.44,119.527,13.54,3.85
2023-06-30 00:00:00+00:00,753791.0,445197.0,397786579.2301125,1060715.17243026,5253587194.577619,140590367.0,1.497404119431,1067040.0,117138365201.61844,56.0,4450.38,119.3606,13.59,3.81
2023-07-01 00:00:00+00:00,622117.0,324274.0,334845664.7949681,776814.7325710095,3141739113.8542585,133962417.0,1.500071404388,918349.0,117177156230.05734,59.0,,,,
2023-07-02 00:00:00+00:00,534333.0,309920.0,430515854.7363876,732885.0984814803,1946218416.8312912,87978137.5,1.500295120753,997177.0,117157213462.47289,63.0,,,,
2023-07-03 00:00:00+00:00,655439.0,328114.0,344916211.10459125,802784.6599183199,3558028612.12794,73861766.0,1.525922363387,977874.0,117443695119.51816,62.0,4455.59,119.2119,13.57,3.86
2023-07-04 00:00:00+00:00,645583.0,378556.0,357504393.99162006,726610.04593082,3086147729.6531544,69895451.0,1.509148391226,963366.0,117497787773.74672,64.0,,,13.7,
2023-07-05 00:00:00+00:00,716586.0,493478.0,390233669.4978951,646677.3801569203,3050116810.1210318,74217733.5,1.494037535141,964759.0,117447130290.81796,61.0,4446.82,119.3483,14.18,3.95
2023-07-06 00:00:00+00:00,709055.0,392688.0,349951484.25940275,602469.3927140698,5006659381.325101,77415368.0,1.470491737414,973154.0,117292094260.21378,56.0,4411.59,119.8193,15.44,4.05
2023-07-07 00:00:00+00:00,773326.0,556014.0,440586401.04601073,585105.2010590497,3087879872.8603077,69162839.0,1.487208780434,1021136.0,117290731903.58153,55.0,4398.95,119.0761,14.83,4.06
2023-07-08 00:00:00+00:00,695972.0,573697.0,448139310.7782279,446059.1523509899,1730543820.382496,64970179.5,1.483788128844,1009931.0,117300482945.61795,58.0,,,,
2023-07-09 00:00:00+00:00,732590.0,594265.0,425480581.581576,411104.62886326003,1716596079.8795733,66786553.0,1.478660537861,978223.0,117291402003.39276,55.0,,,,
2023-07-10 00:00:00+00:00,679425.0,507115.0,387716032.92048943,492438.0918832598,3569416296.334092,78110532.0,1.489525354536,925790.0,117190190542.26393,56.0,4409.53,118.9548,15.07,4.01
2023-07-11 00:00:00+00:00,686922.0,432293.0,339880937.9497796,521035.80855868995,3194618002.5341296,83822915.0,1.499536522954,937945.0,117156077802.77838,57.0,4439.26,118.7344,14.84,3.99
2023-07-12 00:00:00+00:00,752660.0,478320.0,382989765.58074266,596712.8742350803,3887422552.2014422,88993167.5,1.487755265888,942309.0,118022449787.40369,64.0,4472.16,117.6385,13.54,3.86
2023-07-13 00:00:00+00:00,678891.0,375859.0,321592673.51184636,606473.3024433196,5521099980.437031,101696246.5,1.538500113181,874515.0,118187295354.02203,57.0,4510.04,117.1831,13.61,3.76
2023-07-14 00:00:00+00:00,760021.0,421666.0,369831574.5386234,705028.8375851401,,98011735.0,1.483457241083,996373.0,118114851654.32915,60.0,4505.42,117.0463,13.34,3.83
2023-07-15 00:00:00+00:00,732135.0,484980.0,369831574.5386234,513979.4183142798,1748986507.8810234,100810509.0,1.482403144167,914738.0,118090685100.72318,56.0,,,,
2023-07-16 00:00:00+00:00,732664.0,595145.0,415390536.6194682,467969.0652976,1455153738.1824064,102261956.5,1.480253300626,927843.0,118095665529.62915,57.0,,,,
2023-07-17 00:00:00+00:00,703876.0,428612.0,364471696.6467593,520021.05308894964,3277687845.728592,104445762.0,1.475399676867,931087.0,117870003787.57735,54.0,4522.79,117.1267,13.48,3.81
2023-07-18 00:00:00+00:00,775244.0,582684.0,434150109.2409926,576157.3302160001,3782011843.9368477,110283840.5,1.45985580542,1028951.0,117785520570.61154,56.0,4554.98,117.0264,13.3,3.8
2023-07-19 00:00:00+00:00,745057.0,480249.0,396630963.9979439,545352.7524661602,3888838289.880678,113878804.0,1.463037215762,969285.0,117750336935.95018,50.0,4565.72,117.3462,13.76,3.75
2023-07-20 00:00:00+00:00,685150.0,400400.0,343032185.0793028,682999.6029407899,3231336979.0233197,119419187.0,1.457534391178,901211.0,117675043164.69559,56.0,4534.87,117.5947,13.99,3.85
2023-07-21 00:00:00+00:00,657357.0,323847.0,300153161.94439,685440.6140914999,3344069486.298063,123102724.5,1.463442609814,855163.0,117624628753.83716,50.0,4536.34,117.9418,13.6,3.84
2023-07-22 00:00:00+00:00,556589.0,288750.0,359111818.75489503,1374134.4787475297,1233142619.4203317,71348662.0,1.453936935337,923147.0,117626404605.38895,52.0,,,,
2023-07-23 00:00:00+00:00,691587.0,559624.0,393951025.0520118,765865.8191383997,1331395491.4045653,65860065.0,1.470319604139,894084.0,117600702228.68051,54.0,,,,
2023-07-24 00:00:00+00:00,704020.0,529923.0,401990841.889808,779256.7509442404,3158620784.6818676,67668322.0,1.427138509577,938461.0,117451214029.95297,55.0,4554.64,117.8124,13.91,3.86
2023-07-25 00:00:00+00:00,734826.0,462586.0,369831574.5386234,521730.75357458,2621711162.0469837,76366730.0,1.42923855151,940528.0,117381613219.191,50.0,4567.46,117.8565,13.86,3.91
2023-07-26 00:00:00+00:00,737067.0,452746.0,381190141.57452464,551760.1911323402,2649786000.868548,80882023.0,1.436080716187,1015337.0,117335505043.57764,51.0,4566.75,117.76,13.19,3.86
2023-07-27 00:00:00+00:00,713630.0,413038.0,358973121.2673339,619524.7689891699,3329621508.9562607,77962311.0,1.429632064392,943734.0,117308391117.5499,51.0,4537.41,117.8938,14.41,4.01
2023-07-28 00:00:00+00:00,720574.0,449225.0,364175630.2712082,596803.1088001599,2970637148.34522,80508170.0,1.440164978549,948590.0,117299512983.1319,52.0,4582.23,117.788,13.33,3.96
2023-07-29 00:00:00+00:00,694496.0,423119.0,343365594.25571066,474147.6927360801,1601998854.3885682,87215700.5,1.442211649973,889450.0,117305383034.08757,52.0,,,,
2023-07-30 00:00:00+00:00,800500.0,645854.0,437010756.32545,509661.28302062984,1385049778.4566677,74376602.0,1.437384415792,1010937.0,117291461965.71164,52.0,,,,
2023-07-31 00:00:00+00:00,677346.0,445666.0,366776884.7731455,504653.1091625999,2707674657.111269,86336807.0,1.435482408871,922082.0,117228516601.86276,50.0,4588.96,117.8241,13.63,3.97
2023-08-01 00:00:00+00:00,734323.0,412219.0,361574375.76927114,543687.0464931802,3311090305.861862,93718725.0,1.449024030947,983005.0,116982870985.48521,53.0,4576.73,118.5738,13.93,4.05
2023-08-02 00:00:00+00:00,698941.0,390768.0,400593193.2983291,621913.57821487,3452200381.968956,86273047.0,1.432048628755,1069904.0,116877802685.38794,53.0,4513.39,119.1268,16.09,4.08
2023-08-03 00:00:00+00:00,716303.0,476007.0,392789429.79251754,679188.0539155197,2401529886.0064983,88038252.5,1.434367776395,1030326.0,116782650519.15475,52.0,4501.89,119.3963,15.92,4.2
2023-08-04 00:00:00+00:00,641787.0,318486.0,314751794.7344015,662303.6668448502,2095710323.8027322,91185001.0,1.427652983063,912508.0,116671229586.39728,54.0,4478.03,118.821,17.1,4.05
2023-08-05 00:00:00+00:00,729623.0,500723.0,400593193.2983291,613628.0467265598,1458134945.4924161,77432212.0,1.427408392655,992041.0,116710253027.69049,50.0,,,,
2023-08-06 00:00:00+00:00,771973.0,607275.0,426605738.3177011,491584.11209772003,1225095930.1023917,66263883.0,1.427044043698,973822.0,116649765652.09001,49.0,,,,
2023-08-07 00:00:00+00:00,676210.0,427534.0,379783157.2828315,659895.7476211804,2995072045.870703,86488627.0,1.432710437146,952272.0,116780943921.08812,49.0,4518.44,119.0809,15.77,4.09
2023-08-08 00:00:00+00:00,616643.0,331194.0,325156812.74215025,859783.7197578701,3023308596.4169707,95340167.0,1.46267267691,874562.0,117015941976.49937,54.0,4499.38,119.6407,15.99,4.02
2023-08-09 00:00:00+00:00,735662.0,506746.0,421650114.697692,805270.9060143899,2775748042.4313436,93212622.0,1.452750656477,1057273.0,116978104325.47762,50.0,4467.71,119.476,15.96,4.0
2023-08-10 00:00:00+00:00,711323.0,358039.0,330756213.4390739,726954.6633749199,3177865892.3686566,78762847.0,1.445222004734,947623.0,116815625192.43906,53.0,4468.83,119.1581,15.85,4.09
2023-08-11 00:00:00+00:00,733810.0,506538.0,393261324.6401588,690365.9361147803,2809095913.5786595,99063942.0,1.443460117805,954168.0,116772693764.25479,51.0,4464.05,119.6268,14.84,4.16
2023-08-12 00:00:00+00:00,703004.0,503934.0,434931398.7742153,571693.40651835,1359189797.0128813,55765628.5,1.444002195989,926800.0,116862522283.07663,54.0,,,,
2023-08-13 00:00:00+00:00,650366.0,497112.0,351591250.5061022,401312.89478491986,1306994332.9157224,88080237.5,1.437480909277,860881.0,116863689854.55232,54.0,,,,
2023-08-14 00:00:00+00:00,723900.0,568517.0,445348917.3077294,539304.0027444703,3301793396.5727725,93117353.0,1.443311936754,1007719.0,116685905925.59846,50.0,4489.72,120.0725,14.82,4.19
2023-08-15 00:00:00+00:00,786113.0,583063.0,445348917.3077294,536032.4157409102,2891347381.9467826,75332529.0,1.43140313407,1073564.0,116698546715.51143,53.0,4437.86,120.2127,16.46,4.21
2023-08-16 00:00:00+00:00,669749.0,566878.0,424513880.24070114,530443.7310647202,2674220840.0809736,97919170.0,1.411251226179,947796.0,116711645617.03256,52.0,4404.33,120.3551,16.78,4.28
2023-08-17 00:00:00+00:00,769086.0,502274.0,406283222.8070514,538982.2054433601,4488093404.198382,97257677.0,1.309597789983,1050502.0,116916809077.23227,50.0,4370.36,120.5242,17.89,4.3
2023-08-18 00:00:00+00:00,783855.0,423207.0,362008769.0396163,578088.17233566,3939445599.5442023,104948228.0,1.279955274829,1016460.0,116680352792.84004,37.0,4369.71,120.4321,17.3,4.26
2023-08-19 00:00:00+00:00,628343.0,519780.0,364613148.6729948,434805.3640933001,1189729725.0193284,32000094.5,1.282875825078,878361.0,116713982484.9887,39.0,,,,
2023-08-20 00:00:00+00:00,691316.0,612461.0,421909500.6073226,395205.1794981401,1116745349.641239,62764527.0,1.287026193244,929724.0,116722944052.2933,37.0,,,,
2023-08-21 00:00:00+00:00,739287.0,550074.0,429722639.5074582,432459.7017496101,2438814198.6056805,9120835.0,1.285209423972,1002377.0,116738796457.24342,38.0,4399.77,120.4627,17.13,4.34
2023-08-22 00:00:00+00:00,633631.0,420857.0,380936887.22817194,492337.1684195199,2805355085.877931,80709850.0,1.278234400958,922178.0,115464787882.12381,37.0,4387.55,120.3554,16.97,4.34
2023-08-23 00:00:00+00:00,652036.0,417822.0,392623891.9211836,506433.38540224003,4105797823.468731,103972752.0,1.301640510691,937656.0,115571972280.74977,37.0,4436.01,120.0307,15.98,4.19
2023-08-24 00:00:00+00:00,660102.0,399151.0,384329020.9651023,459297.74293949,2313068104.144735,99250285.0,1.286264498958,946410.0,115455208106.78293,41.0,4376.31,120.2354,17.2,4.23
2023-08-25 00:00:00+00:00,706946.0,425192.0,373269193.0236605,470208.9759916699,2858717862.4006195,104398099.5,1.282530939849,922155.0,115523453917.52771,39.0,4405.71,120.5137,15.68,4.25
2023-08-26 00:00:00+00:00,747932.0,497513.0,378799106.9943814,424553.39895877003,1073303915.6180044,76623987.0,1.280910484603,917123.0,115580844652.95001,38.0,,,,
2023-08-27 00:00:00+00:00,606069.0,413594.0,320735010.301812,351591.99383388006,1002187515.6825591,84812835.5,1.284719699038,808508.0,115604240628.27509,38.0,,,,
2023-08-28 00:00:00+00:00,636935.0,331345.0,326264924.27253294,442503.6996883699,2246551929.4792953,110377704.0,1.285785965076,873786.0,115587180898.68892,39.0,4433.31,120.3155,15.08,4.2
2023-08-29 00:00:00+00:00,767879.0,500301.0,436863203.68695074,566738.2880677797,3820977847.2997947,15377052.0,1.3631929159,1060996.0,115787712354.77629,39.0,4497.63,120.2669,14.45,4.12
2023-08-30 00:00:00+00:00,665354.0,408001.0,348384580.1554164,525994.53738522,3567436419.2072315,38976948.0,1.344866297954,877649.0,115755391287.74287,49.0,4514.87,119.7937,13.88,4.12
2023-08-31 00:00:00+00:00,742110.0,437435.0,398153805.89190453,714501.30441303,3250990938.659285,64182884.5,1.279294333561,968985.0,115762130229.28804,52.0,4507.66,120.225,13.57,4.09
2023-09-01 00:00:00+00:00,769950.0,419548.0,417508504.7894277,677157.41081459,3524505655.3517632,81175401.0,1.272142442172,1051172.0,115699976611.94955,40.0,4515.77,120.759,13.09,4.18
2023-09-02 00:00:00+00:00,774348.0,539748.0,420273461.77478814,601043.6772890501,1174633058.1708584,88497185.0,1.275429178013,955720.0,115758173263.51025,39.0,,,,
2023-09-03 00:00:00+00:00,696368.0,625257.0,436863203.68695074,515578.89871567,1051592645.0544313,84732536.0,1.280178738226,864433.0,115797625559.59683,40.0,,,,
2023-09-04 00:00:00+00:00,730142.0,573196.0,411978590.8187068,585972.1907027501,1552988196.9131672,61683624.0,1.272295663234,920027.0,115633255272.76936,40.0,,,13.82,
2023-09-05 00:00:00+00:00,753968.0,462093.0,342854666.18469554,647906.2749351101,2284752211.240822,98376476.0,1.271797475869,940913.0,115620162981.67845,40.0,4496.83,121.4345,14.01,4.27
2023-09-06 00:00:00+00:00,757286.0,485357.0,364419397.2930779,778879.0261874996,2224002154.793908,134968752.0,1.270666304167,1001123.0,115655994807.38629,42.0,4465.48,121.8671,14.45,4.3
2023-09-07 00:00:00+00:00,785059.0,537939.0,393005453.9397736,815951.9871593197,2196838787.047706,116411381.0,1.293153415402,1003310.0,115575273673.6618,41.0,4451.14,121.9528,14.4,4.27
2023-09-08 00:00:00+00:00,694292.0,414799.0,358011817.6300677,932527.7123294603,1920704828.3515227,132062892.0,1.278230950625,986937.0,115691707169.15495,46.0,4457.49,121.9475,13.84,4.26
2023-09-09 00:00:00+00:00,927787.0,597409.0,406464544.828122,842027.8183391296,1234753985.3551366,134267642.0,1.277871761676,1116330.0,115719518304.10068,41.0,,,,
2023-09-10 00:00:00+00:00,847065.0,558395.0,395697272.1174433,1215028.3064123201,1002287878.9629397,137633879.0,1.274805713565,1049360.0,115750079981.50137,40.0,,,,
2023-09-11 00:00:00+00:00,719793.0,459132.0,427999090.2494795,833347.0647997893,2325306660.6254573,137970175.0,1.240998802155,1120614.0,115641711592.13208,40.0,4487.46,121.3386,13.8,4.29
2023-09-12 00:00:00+00:00,784703.0,462328.0,379546363.0514252,803868.8615358694,2684061967.895002,147293942.0,1.276849786407,1042537.0,115807143261.44827,30.0,4461.9,121.2913,14.23,4.27
2023-09-13 00:00:00+00:00,802393.0,512446.0,395697272.1174433,812508.6562856596,1902557899.098183,141988036.5,1.294929881704,1049105.0,115845294681.092,41.0,4467.44,121.0549,13.48,4.25
2023-09-14 00:00:00+00:00,875176.0,576215.0,436074544.7824885,817717.3845058096,2117764128.1239772,142672771.0,1.31072461763,1131002.0,115788625740.35272,45.0,4505.1,121.2395,12.82,4.29
2023-09-15 00:00:00+00:00,1017545.0,703692.0,506061817.40190023,865177.5639479401,2619179658.315388,147194018.0,1.316247721823,1234300.0,115731736233.23154,45.0,4450.32,121.199,13.79,4.33
2023-09-16 00:00:00+00:00,876224.0,593144.0,417231817.5388007,709814.49322596,1401576877.966871,139614874.0,1.31045230781,1053706.0,115799055086.48657,43.0,,,,
2023-09-17 00:00:00+00:00,854606.0,611220.0,401080908.4727827,751600.7306175398,887334572.3782663,145030121.0,1.30778359727,1039207.0,115779367544.67097,46.0,,,,
2023-09-18 00:00:00+00:00,852484.0,635845.0,419923635.7164705,1269166.0610904002,2336439935.5773525,96173414.0,1.320321096515,1125172.0,115727786240.82295,46.0,4453.53,121.1938,14.0,4.32
2023-09-19 00:00:00+00:00,741822.0,493887.0,385677556.7313763,1282769.1705125095,2555774449.0871058,109347787.5,1.341491282124,1035954.0,116617467756.12442,46.0,4443.95,121.1645,14.11,4.37
2023-09-20 00:00:00+00:00,823616.0,551783.0,414558853.7494199,1286584.8901955702,2181950203.0414214,118158292.5,1.337531751739,1062056.0,116556287038.81242,47.0,4402.2,120.9648,15.14,4.35
2023-09-21 00:00:00+00:00,763149.0,431540.0,391843300.11931473,1268364.4516942997,2534569070.076726,125598511.0,1.310046276386,1078476.0,116367997798.98048,47.0,4330.0,121.5528,17.54,4.49
2023-09-22 00:00:00+00:00,757791.0,441679.0,366288302.28544635,1225302.5668229705,2068161118.5960553,134830480.0,1.310529519075,978848.0,116344320487.17982,43.0,4320.06,121.5306,17.2,4.44
2023-09-23 00:00:00+00:00,882768.0,629617.0,442953295.78705144,1391183.92267295,1538409212.8550396,132699150.0,1.310250960634,1090192.0,116376041728.198,47.0,,,,
2023-09-24 00:00:00+00:00,685778.0,441181.0,414558853.7494199,986874.13255643,1366636587.094463,119046658.0,1.296058458113,1061159.0,116382692753.8699,44.0,,,,
2023-09-25 00:00:00+00:00,635909.0,285750.0,411719409.5456568,875681.9807084701,2772928955.5269485,120477147.5,1.296187807462,1104115.0,116214017797.1336,47.0,4337.44,122.1143,16.9,4.55
2023-09-26 00:00:00+00:00,624716.0,309789.0,386164411.7117884,726267.7587412199,2486736225.1323237,116422959.5,1.291644411828,1027673.0,116136599940.85931,46.0,4273.53,122.4742,18.94,4.56
2023-09-27 00:00:00+00:00,621414.0,337265.0,445792739.99081457,836279.0744760602,2596845119.6675167,98815011.5,1.298711354638,1072094.0,116016545622.23637,44.0,4274.51,122.9895,18.22,4.61
2023-09-28 00:00:00+00:00,639899.0,378975.0,414558853.7494199,784363.69191775,3339343687.4450903,94932270.5,1.332826815107,1045920.0,116181791149.85478,46.0,4299.7,122.5342,17.34,4.59
2023-09-29 00:00:00+00:00,713902.0,330269.0,417398297.95318305,803871.9129717598,3181198877.881475,73056716.5,1.326653306014,1050872.0,115643268559.42117,48.0,4288.05,122.3077,17.52,4.59
2023-09-30 00:00:00+00:00,625600.0,275474.0,391843300.11931473,581738.0561022301,2222128127.2710333,50962074.5,1.329742814001,1019753.0,115717005528.2781,47.0,,,,
2023-10-01 00:00:00+00:00,613394.0,320516.0,400361632.7306042,513913.23104651016,1345571689.3055787,29567007.0,1.377331393995,921731.0,115738951423.45708,48.0,,,,
2023-10-02 00:00:00+00:00,691873.0,344263.0,445792739.99081457,766135.6436241902,3977522375.347073,21245879.0,1.35843524556,1027085.0,115951706115.65106,50.0,4288.39,123.0545,17.61,4.69
2023-10-03 00:00:00+00:00,676161.0,310664.0,466751379.41330886,799362.4867928701,2624422331.3614283,53000337.5,1.351957092666,1077556.0,115911624441.75082,50.0,4229.45,123.7848,19.78,4.81
2023-10-04 00:00:00+00:00,638418.0,287430.0,373280259.4846018,725184.23347839,3581678809.9866757,62832091.0,1.369035570095,904067.0,115854886189.59982,49.0,4263.75,123.5946,18.58,4.73
2023-10-05 00:00:00+00:00,687363.0,319310.0,401774935.7811363,738393.7089219806,2623391572.8526564,66160376.0,1.350981968888,946720.0,115842827885.46121,48.0,4258.19,123.8993,18.49,4.72
2023-10-06 00:00:00+00:00,679001.0,298650.0,455914820.74455184,1179180.9229271107,2403218204.4736915,64546229.0,1.37581058469,915218.0,116355380074.96387,50.0,4308.5,123.3563,17.45,4.78
2023-10-07 00:00:00+00:00,596825.0,244567.0,487258964.67073977,1159098.6591194503,1755532318.6164157,56692156.0,1.376921632645,853582.0,116398804961.93042,49.0,,,,
2023-10-08 00:00:00+00:00,557949.0,242440.0,421721209.1887104,435144.3200519101,1218999802.9064631,69567778.5,1.375035048808,786381.0,116405189039.42874,50.0,,,,
2023-10-09 00:00:00+00:00,599404.0,283648.0,444516950.225938,549770.58965036,2158065358.8911233,61908590.5,1.357643501831,942188.0,116319273497.44981,50.0,4335.66,,17.7,
2023-10-10 00:00:00+00:00,629505.0,285060.0,461613756.0038587,480418.4427267402,3821910974.1787443,63293366.0,1.349224905545,903210.0,116187153074.85857,50.0,4358.24,122.9282,17.03,4.66
2023-10-11 00:00:00+00:00,607097.0,264600.0,455914820.74455184,583495.6422748301,3864035732.27036,78706283.0,1.320267435058,867301.0,116018998642.07632,47.0,4376.95,122.7697,16.09,4.58
2023-10-12 00:00:00+00:00,624747.0,267090.0,470162158.89281905,663658.9418237499,2728907717.9103484,79960421.0,1.316151935393,911879.0,115901444303.9044,45.0,4349.61,123.2101,16.69,4.7
2023-10-13 00:00:00+00:00,662518.0,279518.0,393226532.892176,601309.9929452903,2421619646.7398853,78818525.5,1.321220609655,917035.0,115959455672.24728,44.0,4327.78,123.5954,19.32,4.63
2023-10-14 00:00:00+00:00,612783.0,265220.0,416022273.9294035,370813.02604314993,1560413913.392043,72572272.5,1.321559699731,806946.0,115991547718.57144,47.0,,,,
2023-10-15 00:00:00+00:00,571061.0,251923.0,475861094.15212595,307164.4247046501,1303123391.7132046,68170377.5,1.334644980263,795940.0,116116134392.6893,45.0,,,,
2023-10-16 00:00:00+00:00,652765.0,299782.0,416156889.9191482,578636.84010881,3676992091.010696,81258575.5,1.401484702482,1018543.0,116175859167.16658,47.0,4373.63,123.3185,17.21,4.71
2023-10-17 00:00:00+00:00,645537.0,294257.0,491483968.444345,574955.6118326,4274499054.430531,74260426.5,1.397569787083,917408.0,116212641746.89848,52.0,4373.2,123.1202,17.88,4.83
2023-10-18 00:00:00+00:00,613906.0,271345.0,439908490.27425945,542282.50654424,4475389717.184453,79166279.5,1.392147247637,932487.0,116238468915.25145,50.0,4314.6,123.8148,19.22,4.91
2023-10-19 00:00:00+00:00,649723.0,282007.0,424739231.98894006,534443.3920246499,3055653663.573434,94442533.5,1.410163206398,918882.0,117378350049.12408,52.0,4278.0,123.798,21.4,4.98
2023-10-20 00:00:00+00:00,705226.0,295888.0,406536122.04655695,597861.3048217302,5040684944.306745,91877532.5,1.458847579295,952627.0,117423139862.96533,53.0,4224.16,123.612,21.71,4.93
2023-10-21 00:00:00+00:00,640544.0,270621.0,455077748.5595787,482497.72229157004,1723876211.3422394,95911604.0,1.469157536053,871252.0,117446705156.56187,63.0,,,,
2023-10-22 00:00:00+00:00,577606.0,252457.0,464179303.53077024,370247.48366905027,1590687841.5072508,90763973.5,1.471860430263,795000.0,117421628350.26425,53.0,,,,
2023-10-23 00:00:00+00:00,660705.0,301780.0,476314710.1590258,527966.2050347703,5176316933.82226,98037337.0,1.613500605985,1071672.0,117352931855.01718,53.0,4217.04,123.2846,20.37,4.86
2023-10-24 00:00:00+00:00,755204.0,373854.0,382265308.79004604,1311476.4240467504,8364035569.8361225,121091167.0,1.654397557736,1021188.0,116915839989.51117,66.0,4247.68,123.6416,18.97,4.83
2023-10-25 00:00:00+00:00,812853.0,476549.0,436874638.6171956,1422449.076216971,5410058415.255335,115806873.5,1.681601781377,1090466.0,117031686875.2738,72.0,4186.77,123.7871,20.19,4.95
2023-10-26 00:00:00+00:00,778594.0,431256.0,455077748.5595787,999888.7329971694,5226498896.27219,104855138.0,1.663662918099,1099370.0,116952452702.6518,71.0,4137.23,124.0064,20.68,4.86
2023-10-27 00:00:00+00:00,801082.0,452816.0,467213155.18783414,883836.3007042103,5100484102.689385,118122321.5,1.648793504518,1052994.0,116846165902.77261,70.0,4117.37,123.62,21.27,4.84
2023-10-28 00:00:00+00:00,819540.0,564383.0,485416265.1302173,662883.2656486501,2870949243.580532,122324666.0,1.65738945553,1018571.0,116837688639.24825,65.0,,,,
2023-10-29 00:00:00+00:00,672955.0,410290.0,415637677.0177486,471664.63938548986,1726351388.5867956,110605003.0,1.679987904494,909920.0,116900918447.65454,72.0,,,,
2023-10-30 00:00:00+00:00,779588.0,463202.0,482540025.495944,631253.57893792,4478036357.562357,117381774.0,1.674700476949,1097494.0,116789831581.94377,68.0,4166.82,123.4076,19.75,4.88
2023-10-31 00:00:00+00:00,782062.0,433751.0,481286782.8761844,627895.2517683898,3801042794.6634893,93448964.5,1.679986208289,1044499.0,116596217011.03809,66.0,4193.8,123.8364,18.14,4.88
2023-11-01 00:00:00+00:00,796206.0,463644.0,462656326.7648482,743380.9077709196,4737884154.795067,121305414.0,1.715331297044,1053031.0,116587809749.48526,66.0,4237.86,123.7922,16.87,4.77
2023-11-02 00:00:00+00:00,806444.0,403541.0,447130946.6720681,831899.3828354297,4431468530.768458,121980113.0,1.687432786238,1062991.0,116303915695.00261,72.0,4317.78,122.8818,15.66,4.67
2023-11-03 00:00:00+00:00,789502.0,452354.0,422290338.52361983,1142717.3073377097,4845318003.346834,160868514.5,1.677473281454,990903.0,117355933996.96,65.0,4358.34,121.7564,14.91,4.57
2023-11-04 00:00:00+00:00,957847.0,698917.0,521652771.1174128,2833807.009584391,1702192684.1513855,171028973.0,1.695198047921,1118816.0,117447225161.89728,68.0,,,,
2023-11-05 00:00:00+00:00,891683.0,673375.0,506127391.02463263,2500866.781283201,1792951507.3764021,161598390.0,1.69531363252,1144443.0,117467774222.5234,70.0,,,,
2023-11-06 00:00:00+00:00,725183.0,439319.0,394344654.35661566,2609000.31464776,3548525600.407826,169193559.5,1.690062847822,993108.0,117287069141.01848,74.0,4365.98,121.6484,14.89,4.67
2023-11-07 00:00:00+00:00,737771.0,450371.0,412975110.4679518,3086316.2971357615,3993548211.335103,172582302.5,1.707693280842,961106.0,117255779052.65051,68.0,4378.38,122.0777,14.81,4.58
2023-11-08 00:00:00+00:00,837044.0,583201.0,462656326.7648482,4180094.6028309595,5080135349.873515,189118396.5,1.724477503,1004807.0,117120205328.16891,66.0,4382.78,122.0926,14.45,4.49
2023-11-09 00:00:00+00:00,832393.0,573466.0,444025870.65351206,9218557.788143672,6287696612.251723,183723416.0,1.762200964364,989778.0,117942208831.12868,69.0,4347.35,122.1281,15.29,4.62
2023-11-10 00:00:00+00:00,848433.0,523831.0,478181706.85762835,6043066.355783893,5561958753.50992,181647755.0,1.792853668717,1127201.0,118959536968.6187,70.0,4415.24,,14.17,4.61
2023-11-11 00:00:00+00:00,894325.0,627529.0,496812162.9689646,4284424.64069208,2477252247.2700353,190478592.0,1.773581111946,1073475.0,119031624922.53891,70.0,,,,
2023-11-12 00:00:00+00:00,880975.0,703327.0,506083624.1310116,4545267.992356922,1674082856.514645,216718357.0,1.776498366314,1008655.0,119035340505.75354,73.0,,,,
2023-11-13 00:00:00+00:00,670301.0,428507.0,389037994.7160368,3973442.3857146194,3848545070.89366,232555667.0,1.751221714879,963722.0,118785931760.02832,72.0,4411.55,122.4264,14.76,4.63
2023-11-14 00:00:00+00:00,745056.0,523422.0,443696225.37862045,3673149.7301187394,,237399358.0,1.705402061503,957065.0,118622216391.93848,69.0,4495.7,121.35,14.16,4.44
2023-11-15 00:00:00+00:00,770577.0,561942.0,475848125.7683755,4931668.6306018885,4102614220.8767323,245783194.5,1.810152914492,961281.0,118906804119.42758,60.0,4502.88,121.0749,14.18,4.53
2023-11-16 00:00:00+00:00,813390.0,628426.0,475848125.7683755,11745134.957687715,4524130270.562707,46274454.5,1.729237075753,933700.0,118898615833.28502,70.0,4508.24,121.1754,14.32,4.45
2023-11-17 00:00:00+00:00,760684.0,536644.0,482278505.8463265,9122450.620760903,4171500786.0435615,134614105.0,1.747806543208,1014052.0,119146729385.27867,63.0,4514.02,120.8477,13.8,4.44
2023-11-18 00:00:00+00:00,748237.0,629266.0,479063315.80735093,11748409.47486679,1616474690.918638,155740478.0,1.74769689693,860889.0,119213427913.0858,69.0,,,,
2023-11-19 00:00:00+00:00,806772.0,710579.0,546582306.6258367,7445443.261597778,1523180186.5402942,198001411.0,1.78814575059,962703.0,119256785729.12952,66.0,,,,
2023-11-20 00:00:00+00:00,804527.0,640670.0,533721546.46993476,6632827.605345135,4189953801.045328,205095018.0,1.789732455017,1064908.0,119322147007.66069,69.0,4547.38,120.2533,13.41,4.42
2023-11-21 00:00:00+00:00,779702.0,522593.0,488708885.9242776,6407931.80116032,5018074298.874251,210891072.0,1.717720966087,1007505.0,119143834178.19489,71.0,4538.19,120.2241,13.35,4.41
2023-11-22 00:00:00+00:00,777966.0,535829.0,456556985.5345224,5627728.007560918,5032277994.118966,225466998.5,1.780655097435,979014.0,120157587226.51161,62.0,4556.62,120.6802,12.85,4.42
2023-11-23 00:00:00+00:00,771284.0,587706.0,472632935.72940004,8264672.413646048,3787901261.3864956,189632467.0,1.775570834214,970303.0,120175202917.75421,66.0,,,12.8,
2023-11-24 00:00:00+00:00,841609.0,623898.0,540151926.5478858,3678253.3462359216,4748926595.785043,221465722.5,1.793664605571,1136807.0,120477446869.27405,66.0,4559.34,120.2105,12.46,4.47
2023-11-25 00:00:00+00:00,861295.0,617234.0,511215216.1971062,3479684.2869187784,2730084336.6812563,228885838.0,1.796938311512,1032695.0,120462468851.4219,73.0,,,,
2023-11-26 00:00:00+00:00,817987.0,578484.0,492891191.48160595,3049563.3647525217,2065071069.316657,244518284.0,1.781247130023,983533.0,120386873913.39514,73.0,,,,
2023-11-27 00:00:00+00:00,759608.0,479487.0,439166010.2949663,3363684.3685948607,5524499401.188489,246619609.0,1.768699884325,981736.0,121124608796.26688,66.0,4550.43,120.173,12.69,4.39
2023-11-28 00:00:00+00:00,713884.0,447662.0,496595411.64123106,2947957.1088713603,4427109260.402222,265185871.5,1.795694998493,996007.0,121270685236.35892,68.0,4554.89,119.5904,12.69,4.34
2023-11-29 00:00:00+00:00,646160.0,360588.0,459435210.7701186,2416024.6906569405,4699623330.221132,284793911.0,1.794443185541,915309.0,121168522843.60658,72.0,4550.58,119.8159,12.98,4.27
2023-11-30 00:00:00+00:00,701654.0,411882.0,452678810.6117344,2664284.3637742493,5759474247.362018,283119142.0,1.787790724759,958958.0,121217624497.79468,74.0,4567.8,120.2434,12.92,4.37
2023-12-01 00:00:00+00:00,844580.0,496468.0,570915813.3834561,3794187.63131471,5505329810.390505,222987984.0,1.831958430263,1131524.0,121315527012.95192,71.0,4594.63,119.9424,12.63,4.22
2023-12-02 00:00:00+00:00,689877.0,429362.0,429031410.0573902,2513230.7667470495,2035583551.111937,238745395.0,1.866562636124,860355.0,121270978162.245,74.0,,,,
2023-12-03 00:00:00+00:00,777188.0,707876.0,557403013.066688,5604747.574999979,2543818325.3253436,238506647.5,1.88957149278,919493.0,121250334982.66905,73.0,,,,
2023-12-04 00:00:00+00:00,763939.0,570395.0,523621012.2747674,6266640.345907952,6631870125.654375,243927019.5,1.974157660867,1034656.0,121034801756.1813,74.0,4569.78,120.4727,13.08,4.28
2023-12-05 00:00:00+00:00,674260.0,514962.0,466191610.9285027,10018729.19417969,7424874757.09328,221972884.5,2.070210110876,867570.0,120980887672.84045,75.0,4567.18,120.7913,12.85,4.18
2023-12-06 00:00:00+00:00,642605.0,467795.0,459435210.7701186,13072631.094515415,7687976484.593285,222884905.5,2.049004981703,867353.0,120961921013.18495,72.0,4549.34,120.5334,12.97,4.12
2023-12-07 00:00:00+00:00,647634.0,372050.0,388493009.1070856,7599271.343784019,6360147723.127843,223918116.5,2.024192806038,898183.0,121053760257.59196,72.0,4585.59,120.6013,13.06,4.14
2023-12-08 00:00:00+00:00,682971.0,411456.0,456057010.69092655,6657358.392789728,5745064611.53081,232794012.0,2.063554127808,924415.0,121127774986.98119,72.0,4604.37,120.7607,12.35,4.23
2023-12-09 00:00:00+00:00,739198.0,587398.0,530377412.4331516,6215198.923317413,3136020521.05905,235678210.5,2.040603828859,927620.0,121169287279.66081,73.0,,,,
2023-12-10 00:00:00+00:00,664453.0,536175.0,469318617.5512489,5226068.297160152,2417173945.385429,237769535.0,2.039126541822,848613.0,121110144058.8612,74.0,,,,
2023-12-11 00:00:00+00:00,690909.0,525486.0,528635575.20314026,5768771.156445255,8104950971.955435,240215986.0,1.920421604102,1010741.0,121652848970.05235,74.0,4622.44,120.9279,12.63,4.23
2023-12-12 00:00:00+00:00,688671.0,543162.0,481794448.2864064,4723476.260685591,7010140693.86994,260766411.5,1.928403638971,886419.0,121548579538.9933,67.0,4643.7,120.6817,12.07,4.2
2023-12-13 00:00:00+00:00,617899.0,587920.0,498523422.18524003,8367333.32453176,3795478024.164756,275598902.0,1.994507456072,742559.0,121859764255.9227,65.0,4707.09,121.1571,12.19,4.04
2023-12-14 00:00:00+00:00,573978.0,570985.0,488486037.84593976,14334881.780185414,4329637461.03691,216777074.0,1.997076014934,711343.0,121995726573.90652,72.0,4719.55,119.5683,12.48,3.92
2023-12-15 00:00:00+00:00,706714.0,632636.0,545364549.1019738,18067378.667059362,5301820215.25496,144808146.0,1.945584187067,860116.0,122077401142.77585,70.0,4719.19,119.7382,12.28,3.91
2023-12-16 00:00:00+00:00,636391.0,638144.0,508560806.52454,23751885.941727452,3552822420.327068,95189791.0,1.954587603816,724669.0,122017680288.82593,67.0,,,,
2023-12-17 00:00:00+00:00,570690.0,616808.0,501869216.9650066,23704714.31425428,2288390935.236568,104001403.5,1.918432937883,703993.0,121969980033.4665,73.0,,,,
2023-12-18 00:00:00+00:00,715198.0,640936.0,562093523.0008074,16173259.397652986,4292902117.405886,167707058.5,1.970997560336,928612.0,122097268791.40652,65.0,4740.56,119.9102,12.56,3.95
2023-12-19 00:00:00+00:00,684666.0,662880.0,542018754.3222071,18744837.58619992,5265539890.764674,180497228.0,1.952266717846,817240.0,122130644027.69641,73.0,4768.37,119.4632,12.53,3.93
2023-12-20 00:00:00+00:00,659068.0,582506.0,485140243.06617314,18436669.845314708,7190126134.124825,190339121.0,2.010355157868,787679.0,122260206749.31378,74.0,4698.35,119.5435,13.67,3.86
2023-12-21 00:00:00+00:00,699086.0,588137.0,488486037.84593976,18061880.085877124,4308624956.614696,203894353.0,2.02055347695,815395.0,122172024599.36974,70.0,4746.75,119.3168,13.65,3.89
2023-12-22 00:00:00+00:00,772558.0,625531.0,562093523.0008074,14228006.701805843,5791592267.206111,188341749.0,2.024349186253,1012121.0,122478293360.79684,74.0,4754.63,119.0625,13.03,3.9
2023-12-23 00:00:00+00:00,683793.0,608479.0,560327733.6667341,8957002.368783003,2403694866.5846877,194138067.0,2.012046953684,893092.0,122441399725.4646,70.0,,,,
2023-12-24 00:00:00+00:00,731313.0,723459.0,612085087.5512694,8001101.5489318045,2431478043.575155,200403476.5,1.978993772604,880971.0,122455928361.50616,71.0,,,,
2023-12-25 00:00:00+00:00,572121.0,535741.0,497542848.9451839,7330451.06231978,2721717821.8728905,204585756.5,2.002168071468,702609.0,123338976436.84293,73.0,,,,
2023-12-26 00:00:00+00:00,582914.0,553693.0,497542848.9451839,7179386.865322138,5681935907.609517,206016166.0,1.947666354666,742922.0,122991896123.26306,71.0,4774.75,118.8875,12.99,3.89
2023-12-27 00:00:00+00:00,647166.0,545556.0,461748399.3807821,11693194.464829136,6902847757.699894,26190621.0,1.98454282113,776011.0,123121075144.85522,73.0,4781.58,118.4729,12.43,3.79
2023-12-28 00:00:00+00:00,593042.0,417180.0,433112839.72926086,9964506.181487307,4984776519.626013,50286070.0,1.948191066046,848615.0,123149121765.1188,73.0,4783.35,118.4104,12.47,3.84
2023-12-29 00:00:00+00:00,703116.0,581449.0,540496188.4224659,8987985.213711184,7532430670.960343,112300553.5,1.915289168243,910761.0,122999450122.44887,65.0,4769.83,118.4208,12.45,3.88
2023-12-30 00:00:00+00:00,599027.0,533823.0,519019518.6838249,11148307.85824163,4140609952.7479687,103744457.0,1.923525954915,787521.0,122889194103.12956,68.0,,,,
2023-12-31 00:00:00+00:00,690255.0,731351.0,558393413.2046669,15052804.845324265,5775726137.874888,80875534.0,1.923147103068,791644.0,122716721895.3175,67.0,,,,
2024-01-01 00:00:00+00:00,624628.0,657752.0,554813968.2482265,9397140.395361349,3128005996.2158074,135729913.5,2.005011405976,827239.0,122880813861.03838,65.0,,,,
2024-01-02 00:00:00+00:00,550846.0,367319.0,468907289.29366255,6452515.641752461,6587808088.354585,165028297.0,2.041843744783,867688.0,123049229656.49454,71.0,4742.83,119.2686,13.2,3.95
2024-01-03 00:00:00+00:00,677059.0,502749.0,565552303.117547,6429705.26560192,5809292836.613322,197771125.0,1.941607815328,940343.0,123256658277.97037,70.0,4704.81,119.6958,14.04,3.91
2024-01-04 00:00:00+00:00,675009.0,482557.0,608505642.5948291,5546796.823741367,6758590235.967164,230316515.5,1.991280476371,1010934.0,125423605029.94475,68.0,4688.68,119.6208,14.13,3.99
2024-01-05 00:00:00+00:00,645934.0,420884.0,493963403.98874366,5121601.883844779,5502551749.201209,281945958.5,1.983754393826,813324.0,125666189926.5733,72.0,4697.24,119.388,13.35,4.05
2024-01-06 00:00:00+00:00,572161.0,382140.0,509059003.5142141,3830947.3328977297,3514058610.2708097,292972428.0,1.972626827535,808917.0,125639109560.57541,70.0,,,,
2024-01-07 00:00:00+00:00,510040.0,348688.0,429363547.6531167,3364978.51598233,2570531899.6750402,310761834.5,1.968589392178,713381.0,125667203957.70416,71.0,,,,
2024-01-08 00:00:00+00:00,534011.0,414359.0,447556918.3163843,5712745.846765681,5368278467.614525,330229171.0,2.105199604079,756849.0,125652162380.03874,71.0,4763.54,119.2506,13.08,4.01
2024-01-09 00:00:00+00:00,618468.0,468088.0,553078468.1633366,5229767.741604699,7313080325.294907,326190585.5,2.061111820714,902934.0,126462363980.96643,76.0,4756.5,119.6666,12.76,4.02
2024-01-10 00:00:00+00:00,605995.0,383774.0,483943659.64291966,3850590.2115624305,8570243218.40498,334490457.5,2.090437479903,839431.0,126553857540.39444,73.0,4783.45,119.7614,12.69,4.04
2024-01-11 00:00:00+00:00,664879.0,449075.0,629490624.9490609,4716184.891925627,10341488786.372932,323078786.5,2.06755309096,960999.0,126479407455.1848,76.0,4780.24,119.8916,12.44,3.98
2024-01-12 00:00:00+00:00,596693.0,375872.0,611297254.2857933,4962972.091559511,14005870397.167002,314468365.5,1.910157143573,987727.0,127526041745.74754,71.0,4783.83,119.534,12.7,3.96
2024-01-13 00:00:00+00:00,715186.0,652483.0,578549187.0919114,5532251.647833181,2818743351.1125674,340991887.0,1.911017344621,845713.0,127650802192.8586,64.0,,,,
2024-01-14 00:00:00+00:00,616604.0,591806.0,465750288.9796519,9376259.401035927,2706190809.4012694,337316160.0,1.868072683047,722721.0,127592619100.79315,60.0,,,,
2024-01-15 00:00:00+00:00,568802.0,408499.0,414808851.1225025,4996483.760786241,4996520831.943217,292723776.0,1.895817002527,786699.0,127554163539.2973,52.0,,,13.25,
2024-01-16 00:00:00+00:00,569684.0,470122.0,454834266.5816914,5335139.073751171,11430042037.934734,308570375.5,1.915131498731,782242.0,127586393721.34326,64.0,4765.98,120.5759,13.84,4.07
2024-01-17 00:00:00+00:00,647470.0,449415.0,440279570.0510773,4468035.697748582,10222435916.695278,316892894.5,1.892920670298,809220.0,127769837911.79504,60.0,4739.21,121.0402,14.79,4.1
2024-01-18 00:00:00+00:00,678147.0,484017.0,516691726.83680135,5130830.253094598,9254871867.189322,321514431.0,1.826405496575,897358.0,127662022328.52625,63.0,4780.94,120.8895,14.13,4.14
2024-01-19 00:00:00+00:00,627719.0,460763.0,480304985.51026607,3524944.70108948,8969914143.779112,358373072.5,1.840326498572,806018.0,127581402635.2547,51.0,4839.81,120.6442,13.3,4.15
2024-01-20 00:00:00+00:00,656529.0,563331.0,513378340.1866717,3046802.045485339,2894284664.53023,364642750.5,1.842828285649,817313.0,127758026742.66994,52.0,,,,
2024-01-21 00:00:00+00:00,621585.0,600202.0,489551347.763542,3034384.3007049602,2224918361.826995,372886838.0,1.836787376079,767739.0,127817213382.29904,56.0,,,,
2024-01-22 00:00:00+00:00,620801.0,457620.0,559487254.5869052,3134740.9944132115,9388167044.048624,372472960.0,1.750703117876,951076.0,127648494433.75499,55.0,4850.43,120.6178,13.19,4.11
2024-01-23 00:00:00+00:00,600773.0,368462.0,538506482.5398962,3483043.3739734814,8659927336.52534,372936027.0,1.75685238167,865990.0,127743873023.15338,50.0,4864.6,121.1001,12.55,4.14
2024-01-24 00:00:00+00:00,564400.0,372499.0,524519301.1752236,2420240.7230983386,9848223437.575153,209877567.5,1.769398537471,899326.0,127903110807.81761,48.0,4868.55,120.4916,13.14,4.18
2024-01-25 00:00:00+00:00,573766.0,340188.0,632919956.7514365,2594121.080625111,8386242533.813688,270621795.5,1.759912897525,1101397.0,128025674696.32886,52.0,4894.16,120.8311,13.45,4.14
2024-01-26 00:00:00+00:00,683719.0,493218.0,531512891.8575599,2312030.2571808114,9756330736.025513,281378070.5,1.843658004535,892906.0,128167277268.42992,49.0,4890.97,120.6173,13.26,4.15
2024-01-27 00:00:00+00:00,718169.0,597446.0,597952003.3397549,2457096.299907988,2085901470.8859684,289531425.0,1.854538165179,965883.0,128194616120.41837,55.0,,,,
2024-01-28 00:00:00+00:00,731738.0,636523.0,559487254.5869052,2374139.2808075896,2414305517.924773,304926666.0,1.847823938144,898096.0,128205734629.55835,54.0,,,,
2024-01-29 00:00:00+00:00,697324.0,575203.0,545500073.2222326,2366889.2174407803,9490934336.421133,312844978.0,1.900281404617,959589.0,129473692288.44101,55.0,4927.93,120.8538,13.6,4.08
2024-01-30 00:00:00+00:00,687547.0,523509.0,503538529.1282147,2273683.338599689,10414364856.193766,315316445.0,1.884454643724,907924.0,129687433199.17773,61.0,4924.97,120.6025,13.31,4.06
2024-01-31 00:00:00+00:00,622142.0,444450.0,458080189.69302857,2176684.828249089,13314893805.476658,311830762.5,1.865776569305,870798.0,129616705740.71916,60.0,4845.65,120.4331,14.35,3.99
2024-02-01 00:00:00+00:00,680097.0,413272.0,535009687.19872814,2427887.37501822,7239258230.015158,315717290.0,1.883692689819,933880.0,129618954863.41089,63.0,4906.19,120.3335,13.88,3.87
2024-02-02 00:00:00+00:00,691810.0,429732.0,676117474.0216229,2831109.0508171227,5697691728.701172,306301599.0,1.888479126867,932903.0,129758816352.03395,63.0,4958.61,120.902,13.85,4.03
2024-02-03 00:00:00+00:00,668270.0,515539.0,566738184.6284933,7661652.390185179,1974959185.658117,316071066.5,1.880647419447,820828.0,129843380897.55305,60.0,,,,
2024-02-04 00:00:00+00:00,539397.0,336211.0,581751116.6716322,4224105.53348892,1890619835.1140633,285476972.5,1.862423695961,802004.0,129864516077.19405,60.0,,,,
2024-02-05 00:00:00+00:00,525379.0,281482.0,585504349.682417,2804856.9407809405,6388823686.040648,250788816.5,1.863325630825,852467.0,129709685529.97372,60.0,4942.81,121.349,13.67,4.17
2024-02-06 00:00:00+00:00,521338.0,278093.0,638049611.833403,2280815.283910888,6818400435.817392,213520422.5,1.881777313878,865722.0,130098321108.2106,64.0,4954.23,120.9588,13.06,4.09
2024-02-07 00:00:00+00:00,640781.0,427538.0,600517281.7255559,3202629.799763569,5843028458.963722,238703816.0,1.929905898886,901234.0,130274889122.39061,62.0,4995.06,120.9049,12.83,4.09
2024-02-08 00:00:00+00:00,547079.0,285101.0,517946155.488292,2439588.9141450105,6959960919.159082,220942422.0,1.974244701407,818130.0,130535873580.99942,66.0,4997.91,121.0798,12.79,4.15
2024-02-09 00:00:00+00:00,615935.0,334084.0,623036679.7902641,2556556.0128584495,7871681403.385255,201914159.5,2.050894304805,950564.0,130755653414.7764,72.0,5026.61,121.039,12.93,4.17
2024-02-10 00:00:00+00:00,637411.0,399252.0,570491417.639278,1951356.3933650502,2920257241.489225,180071900.5,2.075743628106,963958.0,130775808017.5796,74.0,,,,
2024-02-11 00:00:00+00:00,558692.0,329938.0,514192922.47750723,1516406.1578468706,3435220649.64012,186932808.5,2.091679256465,840255.0,130740630254.58078,71.0,,,,
2024-02-12 00:00:00+00:00,649038.0,409911.0,671828708.9304657,3302252.090338289,9514614186.87102,177310290.5,2.163451148703,1013562.0,130627164638.7004,70.0,5021.84,120.9378,13.93,4.17
2024-02-13 00:00:00+00:00,589286.0,313178.0,506686456.4559378,2353524.19005214,8546209149.126844,180475066.5,2.144571750971,843469.0,130621871241.38203,79.0,4953.17,121.5202,15.85,4.31
2024-02-14 00:00:00+00:00,586548.0,296717.0,521699388.49907666,2788279.758537469,14808730273.070635,207023390.0,2.227481564237,803805.0,130815092569.57124,74.0,5000.62,121.4002,14.38,4.27
2024-02-15 00:00:00+00:00,612859.0,303306.0,605343973.9976323,2038656.15537839,9535567173.690292,195222742.5,2.227672856945,892019.0,127621520143.94345,72.0,5029.73,121.2121,14.01,4.24
2024-02-16 00:00:00+00:00,613011.0,312782.0,544386616.4219546,1771578.3274927295,9285188320.789701,192852256.0,2.233361065632,836256.0,127563216068.36732,72.0,5005.57,121.1505,14.24,4.3
2024-02-17 00:00:00+00:00,590229.0,327713.0,609388003.457412,1493600.7645499608,2812316081.6115212,184866611.5,2.211108586549,850883.0,127530807527.48166,76.0,,,,
2024-02-18 00:00:00+00:00,563861.0,343417.0,491572989.4556458,1300524.9996414706,2152571481.562674,187805843.0,2.229209056718,748090.0,127471197298.30002,72.0,,,,
2024-02-19 00:00:00+00:00,617452.0,366108.0,552511789.8013868,1518343.6434905203,4823413490.972352,177223460.5,2.207720044105,867774.0,127449971345.69292,75.0,,,14.71,
2024-02-20 00:00:00+00:00,638563.0,397096.0,572824723.2499672,1648318.5634029806,8084102403.71277,163949850.5,2.226411177484,866223.0,128419624864.40881,72.0,4975.51,121.0199,15.42,4.27
2024-02-21 00:00:00+00:00,630339.0,369949.0,560636963.180819,1647025.0417130492,8039334308.491749,175006469.0,2.199223255693,821320.0,128456573830.70145,78.0,4981.8,121.0379,15.34,4.32
2024-02-22 00:00:00+00:00,642155.0,365090.0,548449203.1116709,1469200.6080252307,8872259885.789461,176654700.0,2.176256754311,855859.0,128337118987.95378,74.0,5087.03,121.102,14.54,4.33
2024-02-23 00:00:00+00:00,679759.0,409204.0,645951283.6648567,1589294.7479840796,7894519042.487277,158867500.0,2.151044247173,938307.0,129476231063.5827,76.0,5088.8,121.0369,13.75,4.26
2024-02-24 00:00:00+00:00,591315.0,340419.0,556574376.491103,1343112.4422414505,3416208944.371803,138295494.5,2.182874558495,819174.0,129492973653.2352,72.0,,,,
2024-02-25 00:00:00+00:00,607478.0,418801.0,666264217.113437,1256053.291291119,2336779584.3757186,126766088.0,2.188723304731,894568.0,129540413694.62408,74.0,,,,
2024-02-26 00:00:00+00:00,620435.0,356184.0,540324029.7322387,1711029.0011528705,7973852984.805449,139395385.5,2.30035580813,887140.0,129921046393.0491,72.0,5069.53,121.0592,13.74,4.28
2024-02-27 00:00:00+00:00,674490.0,387598.0,524073682.9733743,2718654.56303944,12309674248.943565,152015067.5,2.39296751458,917983.0,129897563566.34068,79.0,5078.18,120.9647,13.43,4.31
2024-02-28 00:00:00+00:00,763915.0,413800.0,605325416.7676959,3601290.3820533985,17690707393.755234,168681993.5,2.578804516452,1054242.0,130085982178.04025,82.0,5069.76,121.128,13.84,4.27
2024-02-29 00:00:00+00:00,772702.0,407090.0,540324029.7322387,4669526.551982582,15960554472.385185,173186883.5,2.523625575021,989364.0,130085606997.01746,80.0,5096.27,121.1824,13.4,4.25
2024-03-01 00:00:00+00:00,771270.0,419284.0,608054004.3789,3659577.2728999387,15155004614.209974,173389726.0,2.552193764104,1058499.0,130344494244.40634,80.0,5137.08,121.0111,13.11,4.19
2024-03-02 00:00:00+00:00,623680.0,339311.0,500960510.12181586,2602422.2278779205,3495344246.4389367,185504841.0,2.530515094253,843207.0,130322912276.80612,80.0,,,,
2024-03-03 00:00:00+00:00,633897.0,385447.0,611408496.6053661,2871054.0907898694,3175882955.33311,185637874.0,2.564912446775,868123.0,131476602568.01492,83.0,,,,
2024-03-04 00:00:00+00:00,664743.0,361258.0,508849652.01349825,5438258.078541888,14721280340.494514,214074678.0,2.751198902437,889591.0,132418458312.98027,82.0,5130.95,120.872,13.49,4.22
2024-03-05 00:00:00+00:00,772888.0,424347.0,658743347.9554589,6842956.317899738,19156443673.329258,201758438.0,2.565781926711,1163884.0,132275975471.44766,90.0,5078.65,120.8846,14.46,4.13
2024-03-06 00:00:00+00:00,681667.0,381934.0,552239932.41775,4448858.442185692,19598765884.1782,166016198.0,2.612226371577,922558.0,132566456530.84196,75.0,5104.76,120.4649,14.5,4.11
2024-03-07 00:00:00+00:00,714978.0,436344.0,710022770.2513928,3481691.868223801,15234928433.510197,193007714.0,2.630694305772,1034779.0,132773017059.37227,82.0,5157.36,120.1909,14.44,4.09
2024-03-08 00:00:00+00:00,716770.0,426928.0,607463925.659525,3251695.74705783,15049636665.76224,189262849.0,2.663773784415,947450.0,134386328030.71835,81.0,5123.69,119.975,14.74,4.09
2024-03-09 00:00:00+00:00,632927.0,359029.0,642965064.1720946,2836158.5176399793,4704779112.537283,166926887.0,2.664446669894,915625.0,136417244412.91174,84.0,,,,
2024-03-10 00:00:00+00:00,627815.0,368196.0,564073645.2552733,2528488.89751775,5757164174.643835,142810533.0,2.673324643842,862638.0,136671610931.6312,79.0,,,,
2024-03-11 00:00:00+00:00,684136.0,394098.0,670577060.7929822,2963851.2903706688,18287980135.98232,143569558.0,2.776042557045,1150718.0,136909162718.04068,82.0,5117.94,120.0394,15.22,4.1
2024-03-12 00:00:00+00:00,677201.0,341867.0,556184503.3635911,2760633.269616768,16249318406.90542,122055202.5,2.732831670246,1016389.0,136826750900.71487,81.0,5175.27,120.1668,13.84,4.16
2024-03-13 00:00:00+00:00,710767.0,390118.0,631131351.3345715,2586135.8016119,19749038369.964565,114838214.0,2.746836537171,1093495.0,137161491032.56819,81.0,5165.31,119.9642,13.75,4.19
2024-03-14 00:00:00+00:00,663447.0,329706.0,579720256.0482558,2425971.7081576106,16402381871.931147,122519853.0,2.676637138189,1000634.0,136919161878.93443,88.0,5150.48,120.241,14.4,4.29
2024-03-15 00:00:00+00:00,749328.0,307904.0,529980321.6844611,2551248.61769609,14316113749.467398,124754287.5,2.593181988006,963220.0,137323631993.09837,83.0,5117.09,120.4003,14.41,4.31
2024-03-16 00:00:00+00:00,621787.0,355760.0,600922569.4689952,2615584.4023665804,4543880223.851563,125433283.5,2.443363523614,916345.0,137335249343.19463,81.0,,,,
2024-03-17 00:00:00+00:00,601779.0,366109.0,609268716.2671757,1732808.3489273007,6585683552.700839,116742026.0,2.541969044316,861558.0,137259461848.6864,79.0,,,,
2024-03-18 00:00:00+00:00,673489.0,416270.0,600922569.4689952,2870222.4049913688,11933590441.311108,127439076.0,2.51875351754,910571.0,137647327709.969,77.0,5149.42,120.5752,14.33,4.34
2024-03-19 00:00:00+00:00,755218.0,463952.0,655172523.6571684,2975656.255902908,13678549274.503231,123457505.5,2.30649799611,974102.0,138495286621.41272,79.0,5178.51,120.9332,13.82,4.3
2024-03-20 00:00:00+00:00,639266.0,361515.0,621787936.4644464,2129522.9846601402,10724289256.435526,131848352.0,2.517432122856,942142.0,138711145049.1671,74.0,5224.62,120.9289,13.04,4.27
2024-03-21 00:00:00+00:00,611408.0,327642.0,500768807.8908293,2537218.2353115994,11202686425.692236,130867265.0,2.425056482588,819742.0,139153370392.18265,78.0,5241.53,120.8086,12.92,4.27
2024-03-22 00:00:00+00:00,679058.0,339533.0,563364908.877183,2464597.8200425906,12407695913.88318,126695643.0,2.347242779085,915500.0,139416718823.48022,75.0,5234.18,121.1842,13.06,4.22
2024-03-23 00:00:00+00:00,622559.0,326610.0,650999450.2580782,1644651.8032453696,5780151499.661647,98646477.5,2.355130916016,908728.0,139423749118.23605,73.0,,,,
2024-03-24 00:00:00+00:00,566459.0,331527.0,709422477.8453414,1387371.64952187,3446270505.158186,98592072.0,2.459089042138,918817.0,139405823209.1398,74.0,,,,
2024-03-25 00:00:00+00:00,623335.0,317064.0,550845688.6799122,1943337.3216349497,10813846448.792442,103658881.5,2.531973278125,918815.0,139665251230.02417,75.0,5218.19,121.0295,13.19,4.25
2024-03-26 00:00:00+00:00,648004.0,317742.0,559191835.4780927,2229393.546736181,15441122467.654274,113226022.5,2.529858023857,851577.0,139679663527.12802,81.0,5203.58,121.0742,13.24,4.24
2024-03-27 00:00:00+00:00,637151.0,355902.0,567537982.2762733,2110264.8878322397,12835468637.174114,115598819.0,2.497305617703,865580.0,139429014712.42,83.0,5248.49,121.0089,12.78,4.2
2024-03-28 00:00:00+00:00,696012.0,428670.0,630675249.3060845,2127324.4976535505,13059294357.123844,105040569.5,2.542320039061,942681.0,139842453369.62225,80.0,5254.35,121.0635,13.01,4.2
2024-03-29 00:00:00+00:00,659374.0,449421.0,595046224.9834774,2051757.8219975205,9052675458.634825,106323811.0,2.50681430136,847610.0,139943011194.46487,79.0,,121.0191,,
2024-03-30 00:00:00+00:00,614851.0,490072.0,640501144.9474928,2091455.80526892,4899663871.94741,101839962.0,2.495980095994,826192.0,139909322664.57593,75.0,,,,
2024-03-31 00:00:00+00:00,546293.0,319675.0,566120366.8245583,1996323.594294669,4052049395.04271,112737265.5,2.54947270434,691124.0,139871305721.5123,75.0,,,,
2024-04-01 00:00:00+00:00,648777.0,326410.0,619839817.691122,1899734.3544956492,13085709742.52084,97934043.0,2.483865174687,970510.0,139975454191.3557,79.0,5243.77,121.5151,13.65,4.33
2024-04-02 00:00:00+00:00,685496.0,357709.0,611575286.7885739,1503097.8507750498,12446948304.835768,104499147.5,2.325824861038,953501.0,141522500603.78088,79.0,5205.81,121.3035,14.61,4.36
2024-04-03 00:00:00+00:00,714141.0,372978.0,586781694.0809289,1823579.2750536306,11542956859.303852,103741380.5,2.343574739079,965290.0,142529274347.72385,71.0,5211.49,121.0198,14.33,4.36
2024-04-04 00:00:00+00:00,655509.0,320607.0,570252632.2758324,1565721.3498723502,10660992756.195915,96636968.0,2.422340254314,978380.0,142622668875.23218,70.0,5147.21,120.7613,16.35,4.31
2024-04-05 00:00:00+00:00,643705.0,348637.0,611575286.7885739,1399950.92461138,7927852982.371402,107128940.0,2.401839662162,950040.0,143497737229.87186,79.0,5204.34,120.9646,16.03,4.39
2024-04-06 00:00:00+00:00,673290.0,433591.0,640501144.9474928,1221503.4404541596,5025793841.248038,104783196.0,2.442327543695,907389.0,143516706491.02264,75.0,,,,
2024-04-07 00:00:00+00:00,652726.0,526130.0,702485126.7166051,1506787.5147526402,5011808062.969637,84974130.0,2.449775072637,833045.0,143469717082.83496,78.0,,,,
2024-04-08 00:00:00+00:00,685180.0,455617.0,652897941.3013152,2366374.1894471,11418584778.487938,113820927.0,2.52594267686,896193.0,143244878221.3725,76.0,5202.39,120.7359,15.19,4.42
2024-04-09 00:00:00+00:00,683771.0,453811.0,603310755.8860255,3306938.156429101,10939569437.810043,111144819.5,2.431151797828,890535.0,142892166602.46426,80.0,5209.91,120.7048,14.98,4.36
2024-04-10 00:00:00+00:00,703704.0,531054.0,626404079.729565,4853313.933509242,8679207271.980724,125196267.5,2.480887886464,846297.0,142821378042.60034,78.0,5160.64,121.5727,15.8,4.55
2024-04-11 00:00:00+00:00,631803.0,476241.0,566860609.5352726,7355169.896300691,8561053017.120058,136056350.0,2.459930871341,748021.0,142881318177.636,76.0,5199.06,121.6081,14.91,4.56
2024-04-12 00:00:00+00:00,683741.0,448489.0,584038203.763614,10990927.103942463,9357183105.151403,129965616.5,2.355699837214,832502.0,142629922374.50952,79.0,5123.41,122.2885,17.31,4.5
2024-04-13 00:00:00+00:00,683432.0,507173.0,704281363.3620051,7120982.3854799885,6210051369.613112,133400101.5,2.266724603585,869723.0,143204961142.23212,72.0,,,,
2024-04-14 00:00:00+00:00,665693.0,473328.0,674220573.4624075,4890807.225720149,5003997183.111914,134754372.5,2.303797513539,839158.0,143063798149.3703,72.0,,,,
2024-04-15 00:00:00+00:00,666015.0,503358.0,605510196.549041,10541130.307408035,11559341313.326015,151288467.5,2.224653591762,813736.0,143087216139.87537,74.0,5061.82,122.425,19.23,4.63
2024-04-16 00:00:00+00:00,743368.0,454669.0,708575761.9190906,6046098.25329178,10682144920.883438,141684105.0,2.235583060627,941086.0,144234968178.14914,65.0,5051.41,123.1234,18.4,4.67
2024-04-17 00:00:00+00:00,661886.0,385606.0,588332602.3206996,7474535.83218653,8561709706.407869,136428295.5,2.150115532828,794595.0,144143655622.1051,67.0,5022.21,123.0207,18.21,4.59
2024-04-18 00:00:00+00:00,670913.0,418095.0,622687790.7773827,6898550.1745657995,12336705133.490808,152495715.5,2.223657090198,823945.0,144710149337.07263,57.0,5011.12,123.0017,18.0,4.64
2024-04-19 00:00:00+00:00,727141.0,393190.0,648454182.1198951,7768510.779499819,9479933431.70449,142203957.0,2.229521797353,880733.0,146521196176.02295,66.0,4967.23,123.1075,18.71,4.62
2024-04-20 00:00:00+00:00,455683.0,631001.0,558271812.4211017,81050337.22006708,1849550188.3816292,142206781.0,2.268874228093,509709.0,146564621166.79437,66.0,,,,
2024-04-21 00:00:00+00:00,484762.0,641668.0,601215797.9919556,22370121.202423226,2437952939.1959405,140029655.5,2.270178573833,565959.0,146521145420.36328,72.0,,,,
2024-04-22 00:00:00+00:00,534717.0,671771.0,652748580.6769805,16785978.905661188,7335530723.912101,146616791.5,2.336371416788,659537.0,146436951217.03458,73.0,5010.6,123.0609,16.94,4.62
2024-04-23 00:00:00+00:00,441797.0,927010.0,721458957.5903468,29858267.678807706,7265789225.50074,27602107.5,2.315430605828,547174.0,146221047734.17807,71.0,5070.55,122.7227,15.69,4.61
2024-04-24 00:00:00+00:00,632356.0,606713.0,671772263.1512126,17109966.287471052,7652433880.532315,92455320.0,2.229186378145,835569.0,145921308591.45218,72.0,5071.63,122.89,15.97,4.65
2024-04-25 00:00:00+00:00,633650.0,526242.0,630674365.8262494,7060307.467540112,6784884049.382103,117259956.0,2.239412644798,818807.0,145832445146.3547,72.0,5048.42,122.8384,15.37,4.7
2024-04-26 00:00:00+00:00,664327.0,442347.0,578118168.6740619,6017790.936198883,7554163013.008273,129522432.0,2.213395882136,847289.0,146028496258.554,70.0,5099.96,122.9471,15.03,4.67
2024-04-27 00:00:00+00:00,673970.0,452967.0,613155633.4421867,3985810.715946409,3253300158.0688977,132434778.5,2.200293292653,856864.0,146008988663.892,67.0,,,,
2024-04-28 00:00:00+00:00,509501.0,487521.0,613155633.4421867,3396114.641232892,3545588645.6945586,119705053.5,2.182739504636,707117.0,146070446652.40567,65.0,,,,
2024-04-29 00:00:00+00:00,603796.0,403064.0,573738485.5780463,2921446.710137551,5796728920.506398,121609838.0,2.213049963714,856192.0,145884565736.38275,67.0,5116.17,122.5449,14.67,4.63
2024-04-30 00:00:00+00:00,635509.0,498085.0,617535316.5382024,2810701.6058929395,9309712608.562164,127308905.5,2.099491659604,827915.0,145645583844.0951,67.0,5035.69,122.9853,15.65,4.69
2024-05-01 00:00:00+00:00,587665.0,478881.0,578118168.6740619,2210442.2844961,8725783357.945253,127265585.5,2.01516295818,781183.0,145397797074.15482,54.0,5018.39,123.0168,15.39,4.63
2024-05-02 00:00:00+00:00,528151.0,559839.0,635054048.9222649,2093733.2827060597,8551356016.181779,138281553.0,2.050901531028,744998.0,145732596604.55225,43.0,5064.2,122.4384,14.68,4.58
2024-05-03 00:00:00+00:00,537019.0,442742.0,564979119.3860149,2079253.417081,5447644455.234284,155393538.5,2.180678249434,731936.0,146085613909.4375,48.0,5127.79,122.1375,13.49,4.5
2024-05-04 00:00:00+00:00,473521.0,660263.0,617535316.5382024,2918386.950437861,2535276294.7820964,172972242.5,2.210725676775,613171.0,146152814954.6821,67.0,,,,
2024-05-05 00:00:00+00:00,429326.0,625998.0,608775950.3461711,7933756.007595861,1613446518.3047206,161030333.0,2.216655067084,573428.0,146179682549.99396,69.0,,,,
2024-05-06 00:00:00+00:00,466177.0,519817.0,534321337.7139056,2637574.5234922506,5491391681.421094,167836856.0,2.186202853853,670316.0,145790069750.63293,71.0,5180.74,121.8913,13.49,4.49
2024-05-07 00:00:00+00:00,495831.0,372643.0,534321337.7139056,2287655.148751891,4764574677.705591,164067254.5,2.157205469069,702887.0,145856494753.80255,68.0,5187.7,122.093,13.23,4.47
2024-05-08 00:00:00+00:00,514675.0,450856.0,556219753.1939834,1890034.7945067193,4826242476.1033,147572646.5,2.110540935051,697417.0,145605262393.95825,64.0,5187.67,122.1926,13.0,4.48
2024-05-09 00:00:00+00:00,513026.0,517193.0,613867438.0566123,1893979.23728027,4649344428.186168,170118652.0,2.175223560734,671205.0,145665353900.12006,55.0,5214.08,122.1634,12.69,4.45
2024-05-10 00:00:00+00:00,474605.0,713791.0,599332437.5790136,1961789.61564269,4160729596.332065,175125012.5,2.102988744981,606931.0,145665492918.16208,66.0,5222.68,122.014,12.55,4.5
2024-05-11 00:00:00+00:00,445747.0,719306.0,657199017.7590562,2245163.51067105,1989012570.1560533,151801541.5,2.100448702876,612137.0,145667172896.79413,53.0,,,,
2024-05-12 00:00:00+00:00,377543.0,557164.0,545599184.5546882,1358838.9199967694,1881158872.1569226,159995841.5,2.119745795365,573640.0,145615673777.34073,56.0,,,,
2024-05-13 00:00:00+00:00,466123.0,554780.0,607599091.8904481,1654675.2095514499,5759327016.077168,157262812.5,2.168233271084,746125.0,145688505314.4663,57.0,5221.42,122.0261,13.6,4.48
2024-05-14 00:00:00+00:00,458041.0,422043.0,562132493.1775575,1353072.0395648102,5418457538.779011,161270544.0,2.121406641577,686207.0,145422974115.21838,66.0,5246.68,121.9256,13.42,4.45
2024-05-15 00:00:00+00:00,516619.0,493012.0,582799128.9561441,1453899.2741394297,8003836077.364244,177401713.0,2.275705533512,714393.0,145815183075.31897,64.0,5308.15,121.3543,12.45,4.36
2024-05-16 00:00:00+00:00,494221.0,476659.0,586932456.1118613,1495064.6924130395,7101103820.324476,216175319.0,2.238813737175,689540.0,146877123894.61075,70.0,5297.1,121.2236,12.42,4.38
2024-05-17 00:00:00+00:00,514199.0,573492.0,640665709.1361867,1502834.8962581803,7835288947.482639,197029294.5,2.293532882786,743911.0,147013463457.63873,74.0,5303.27,121.2354,11.99,4.42
2024-05-18 00:00:00+00:00,434371.0,401264.0,529065875.9318188,1208572.9607866404,2349266373.133145,169527963.5,2.293351817746,650957.0,147075236124.46588,73.0,,,,
2024-05-19 00:00:00+00:00,405155.0,644119.0,636532381.9804695,1116462.7765383401,3000326237.631906,165356644.5,2.267741433359,637953.0,146982219961.2187,72.0,,,,
2024-05-20 00:00:00+00:00,482108.0,626995.0,644799036.2919042,1195359.2382781196,7022731812.543269,169963238.0,2.430732575262,706063.0,146842665317.62253,70.0,5308.13,121.2289,12.15,4.44
2024-05-21 00:00:00+00:00,508542.0,545041.0,570399147.4889922,2022868.055258279,11045188897.642183,174335448.5,2.392177115696,746087.0,147748821029.764,76.0,5321.41,121.3793,11.86,4.41
2024-05-22 00:00:00+00:00,491272.0,583279.0,632399054.8247522,1607676.2192751688,8214273488.198978,146159363.5,2.350508549105,709347.0,147583192598.24506,76.0,5307.01,121.5462,12.29,4.43
2024-05-23 00:00:00+00:00,533345.0,744761.0,706194547.0096976,2088292.1291053009,9092947802.681757,137147890.5,2.30342600975,728396.0,147205400882.63397,76.0,5267.84,121.7477,12.77,4.47
2024-05-24 00:00:00+00:00,483309.0,736439.0,671140034.7624127,1592645.3482692612,8162826585.536556,148640251.0,2.329942400919,663534.0,147262534515.76456,74.0,5304.72,121.6172,11.93,4.46
2024-05-25 00:00:00+00:00,465497.0,835040.0,671140034.7624127,1455530.5959452696,2016644986.3119543,146292054.5,2.351755247843,591356.0,147224604329.69067,76.0,,,,
2024-05-26 00:00:00+00:00,403848.0,852655.0,704697036.5005332,1370240.9321740896,3376577962.077557,151135631.5,2.321857258415,538911.0,147107478851.79095,75.0,,,,
2024-05-27 00:00:00+00:00,430424.0,551610.0,515938901.7236049,1545109.7530652094,3759980652.3522434,155025307.5,2.349289009693,612909.0,146929858126.1737,74.0,,,12.36,
2024-05-28 00:00:00+00:00,448181.0,596790.0,562079779.1135205,1231078.9388253002,25126148317.408638,160605385.5,2.276025405912,653177.0,146665193076.34772,72.0,5306.04,121.43,12.92,4.54
2024-05-29 00:00:00+00:00,449070.0,725428.0,574663654.7653158,2674835.460260358,6388638321.04567,167438234.0,2.249666771523,559784.0,146701690170.23856,72.0,5266.95,122.1641,14.28,4.61
2024-05-30 00:00:00+00:00,499634.0,510417.0,515938901.7236049,2558123.2123122807,8488992411.997545,159280692.0,2.274593932765,649063.0,146938313406.51178,73.0,5235.48,121.9601,14.47,4.55
2024-05-31 00:00:00+00:00,528690.0,701471.0,620804532.1552316,4703162.824325649,9197804710.416952,23773739.5,2.240434640049,656289.0,146857919425.3751,73.0,5277.51,122.098,12.92,4.51
2024-06-01 00:00:00+00:00,449639.0,740030.0,591442155.634376,2994954.4595416305,2035171781.513369,42543987.5,2.250811711614,570980.0,146885055986.72452,72.0,,,,
2024-06-02 00:00:00+00:00,393004.0,729202.0,587247530.4171109,2384605.0609478895,1639206773.6388125,50280214.5,2.252890611825,536181.0,146877398610.54077,73.0,,,,
2024-06-03 00:00:00+00:00,482689.0,769224.0,658556159.1106174,3017256.9567270405,10231630580.222765,68201343.0,2.282844084426,689745.0,146834138536.14734,73.0,5283.4,122.3509,13.11,4.41
2024-06-04 00:00:00+00:00,492874.0,627980.0,562079779.1135205,2486597.646091531,8099405366.314405,93919971.5,2.336035028633,637180.0,146934995960.78223,73.0,5291.34,122.7256,13.16,4.33
2024-06-05 00:00:00+00:00,460473.0,562049.0,515938901.7236049,4017341.41215118,9970731483.523262,115933255.0,2.350051564625,592424.0,147017256413.4474,75.0,5354.03,122.5339,12.63,4.29
2024-06-06 00:00:00+00:00,476121.0,613472.0,554910858.050012,4680033.623089668,7566456857.2989645,114530480.0,2.333807126267,624088.0,147135942019.48,78.0,5352.96,122.3713,12.58,4.28
2024-06-07 00:00:00+00:00,468301.0,263982.0,590944002.9609013,22070814.2119229,9046106615.578749,163440336.0,2.283767499815,583336.0,146758470485.95804,77.0,5346.99,123.549,12.22,4.43
2024-06-08 00:00:00+00:00,599175.0,509927.0,715791327.5301057,10798628.216320902,3010368337.856259,129485165.5,2.281753656488,772154.0,146750614211.6483,72.0,,,,
2024-06-09 00:00:00+00:00,479357.0,767920.0,636721355.302943,5113090.895811841,1356745169.9412165,127643052.0,2.291783692164,609844.0,146745125178.98575,75.0,,,,
2024-06-10 00:00:00+00:00,473053.0,658037.0,578459270.5039809,4577603.823695638,7071634843.4280405,135964679.0,2.284430208974,684041.0,146569759200.59186,72.0,5360.79,123.9125,12.74,4.47
2024-06-11 00:00:00+00:00,485989.0,463737.0,511874030.7337383,2993665.843733201,8300820379.970086,144140391.0,2.210797104332,684207.0,146613681396.01917,74.0,5375.32,124.0349,12.85,4.39
2024-06-12 00:00:00+00:00,483313.0,690560.0,607590312.9034619,3177160.4935457995,7993241570.379265,137656776.0,2.236528862009,677849.0,146787361561.65186,72.0,5421.03,123.8295,12.04,4.31
2024-06-13 00:00:00+00:00,469602.0,731254.0,603428735.4178218,3911442.8969225595,5447481273.682415,24360023.0,2.189193919128,613255.0,146928778127.34705,70.0,5433.74,124.0235,11.94,4.24
2024-06-14 00:00:00+00:00,475827.0,604349.0,532681918.1619392,3547668.5477699684,7752072910.629316,82889731.5,2.162288948988,606488.0,146929277820.82208,74.0,5431.6,124.1694,12.66,4.2
2024-06-15 00:00:00+00:00,426024.0,452945.0,557651383.07578,3027802.5959712598,2182888818.589143,89812703.5,2.168574282271,635369.0,147977696940.76776,74.0,,,,
2024-06-16 00:00:00+00:00,410934.0,461748.0,678337130.1593444,2456373.5795332906,1577243596.909229,117045637.0,2.181700780897,735939.0,148007399992.86157,71.0,,,,
2024-06-17 00:00:00+00:00,433551.0,441215.0,582620847.9896209,1830507.5388087805,6504943989.828709,128257147.0,2.17600767278,724644.0,147986742863.5712,71.0,5473.23,124.239,12.75,4.28
2024-06-18 00:00:00+00:00,484883.0,617202.0,632559777.8173028,2436283.9945201403,8142461537.978515,132116335.0,2.131170120016,733498.0,148236829333.4439,74.0,5487.03,123.9776,12.3,4.22
2024-06-19 00:00:00+00:00,459862.0,634554.0,570136115.5327007,2116874.2353676604,4194286630.621904,142159836.0,2.122527340691,622245.0,148228174779.6182,64.0,,,12.48,
2024-06-20 00:00:00+00:00,465205.0,532756.0,553323137.1046984,2164271.639492249,6897447731.90798,144272763.5,2.122824344632,661281.0,148003015990.04593,60.0,5473.17,124.192,13.28,4.25
2024-06-21 00:00:00+00:00,514658.0,592843.0,582332779.002438,1770985.8132854896,5839766773.132086,146177752.5,2.094841851078,719280.0,148051719649.99072,63.0,5464.62,124.1086,13.2,4.25
2024-06-22 00:00:00+00:00,456727.0,681420.0,632247017.2026471,1367982.6594687607,5441303997.531913,146905773.0,2.094393635978,639305.0,148063256751.45215,53.0,,,,
2024-06-23 00:00:00+00:00,358420.0,492352.0,465866223.2019504,955917.9078675905,1479938986.0844269,140552426.0,2.064629768046,511478.0,148012877221.14362,55.0,,,,
2024-06-24 00:00:00+00:00,456565.0,528326.0,632247017.2026471,1241296.564054941,9211986161.082127,141813041.0,1.965852605759,756391.0,147824108297.66492,51.0,5447.87,123.7125,13.33,4.25
2024-06-25 00:00:00+00:00,441214.0,536347.0,515780461.4021594,1344555.11826156,7946145283.243041,152838904.0,2.013824808421,631668.0,148074882170.16135,30.0,5469.3,123.9417,12.84,4.23
2024-06-26 00:00:00+00:00,476277.0,490817.0,503301901.8521072,1328771.1682540006,6539916736.601309,152997062.0,1.983142815892,659381.0,148196193169.3577,46.0,5477.9,124.26,12.55,4.32
2024-06-27 00:00:00+00:00,501018.0,414624.0,540737580.5022639,1139925.2605845395,10565765822.368536,155074793.0,2.00449611147,741302.0,147708630119.26044,40.0,5482.87,124.3379,12.24,4.29
2024-06-28 00:00:00+00:00,562499.0,593984.0,561535179.7523509,1130391.0143481898,8362849210.30259,154357584.0,1.963323618484,752964.0,147487229941.83377,47.0,5460.48,124.2103,12.44,4.36
2024-06-29 00:00:00+00:00,502873.0,712249.0,653044616.4527341,989371.6404455595,2587218662.591855,147427130.0,1.982090071071,720705.0,147483695818.22818,30.0,,,,
2024-06-30 00:00:00+00:00,465981.0,505127.0,503301901.8521072,827014.3732503798,,114216151.0,2.04224535277,653363.0,147421787777.0127,47.0,,,,
2024-07-01 00:00:00+00:00,650451.0,611062.0,586492298.8524554,1177667.0519679901,7238212215.877723,117729084.0,2.04314593286,907181.0,147672953191.3918,53.0,5475.09,124.4667,12.22,4.48
2024-07-02 00:00:00+00:00,511492.0,592285.0,615608937.8025774,1078772.86391067,5251483422.359735,106115057.5,2.017079157971,750376.0,147657405673.17346,51.0,5509.01,124.2917,12.03,4.43
2024-07-03 00:00:00+00:00,503996.0,545044.0,603130378.2525251,1014211.1906105791,5633224518.403391,107671079.0,1.956495892684,769767.0,147848721557.07382,50.0,5537.02,123.7768,12.09,4.36
2024-07-04 00:00:00+00:00,487582.0,538097.0,582332779.002438,985903.7285881797,8872506195.657322,109996759.0,1.867131113244,715636.0,148080168424.97733,44.0,,,12.26,
2024-07-05 00:00:00+00:00,510689.0,490537.0,481691507.2021622,832316.1759707801,17072634339.062922,110308406.5,1.84216706331,694964.0,148917678040.4016,29.0,5567.19,123.4762,12.48,4.28
2024-07-06 00:00:00+00:00,461755.0,658042.0,652035052.9717106,914151.5644565397,3146711262.5946255,117900045.0,1.891715119434,720587.0,149039150252.186,26.0,,,,
2024-07-07 00:00:00+00:00,417263.0,673752.0,557193590.72128,708435.2387769405,2278555072.733085,124093979.0,1.82212870475,594423.0,149042790436.22906,29.0,,,,
2024-07-08 00:00:00+00:00,534832.0,593010.0,628324687.409103,833269.5140455102,10703012141.302937,7016259.5,1.84231499501,798942.0,149128643250.65115,28.0,5572.85,123.3576,12.37,4.28
2024-07-09 00:00:00+00:00,499299.0,654037.0,608566049.4402633,760575.8607779602,7917211325.057808,35359412.0,1.882826099963,762581.0,149151206537.65927,27.0,5576.98,123.4071,12.51,4.3
2024-07-10 00:00:00+00:00,460604.0,631745.0,537434952.7524403,939539.9987794702,8254401496.318952,52664638.5,1.873671456415,646708.0,149472387636.06244,28.0,5633.91,123.1895,12.85,4.28
2024-07-11 00:00:00+00:00,487442.0,642066.0,553241863.127512,721599.0201682103,7191349803.164905,61927407.0,1.860391707754,646553.0,149328920642.06436,29.0,5584.54,122.769,12.92,4.2
2024-07-12 00:00:00+00:00,486027.0,658355.0,592759139.0651915,715432.55898937,7362339048.252724,73647371.0,1.877696697499,708446.0,149258320611.66916,25.0,5615.35,122.4404,12.46,4.18
2024-07-13 00:00:00+00:00,418214.0,735686.0,608566049.4402633,1166664.0977498502,2761173151.654501,61958064.5,1.924461076714,601071.0,149334947277.33832,25.0,,,,
2024-07-14 00:00:00+00:00,440649.0,586548.0,659938508.1592464,804818.87109821,1663806010.8954782,29545178.0,1.978252221421,751254.0,149332692436.62317,33.0,,,,
2024-07-15 00:00:00+00:00,482490.0,552901.0,604614321.8464954,831398.7942291497,8843917880.771624,41013490.5,2.094337235781,787506.0,150309191898.0669,52.0,5631.22,122.6347,13.12,4.23
2024-07-16 00:00:00+00:00,492843.0,529056.0,580903956.2838876,798964.7164069798,12446978850.299572,45112714.5,2.10249498714,746639.0,150303424231.6889,65.0,5667.2,122.7264,13.19,4.17
2024-07-17 00:00:00+00:00,476281.0,615870.0,628324687.409103,914147.4041059898,7739487792.722873,48836791.0,2.0722141993,729938.0,150000252557.92438,69.0,5588.27,122.518,14.48,4.16
2024-07-18 00:00:00+00:00,481360.0,445574.0,515102118.23597115,647314.2596499402,6732472480.378525,54266819.5,2.063284607936,764574.0,149861130441.69705,61.0,5544.59,122.7909,15.93,4.2
2024-07-19 00:00:00+00:00,510414.0,507940.0,599556361.5235602,798935.6317239401,8528315185.2865925,48488026.5,2.146794861585,755308.0,150388672089.4185,60.0,5505.0,123.147,16.52,4.25
2024-07-20 00:00:00+00:00,444989.0,680335.0,672971426.1999145,686892.3351634003,3598982164.152902,34611341.5,2.159544550027,673407.0,150458936644.8733,74.0,,,,
2024-07-21 00:00:00+00:00,412253.0,859629.0,689285885.0168821,668958.5115670803,2500846849.1716294,48187103.0,2.186185421436,607493.0,150273115371.56207,74.0,,,,
2024-07-22 00:00:00+00:00,504554.0,824999.0,730072032.0593011,975521.7743264699,9717578991.658886,45902403.0,2.167482354881,749350.0,150323260268.0601,70.0,5564.41,123.2172,14.91,4.26
2024-07-23 00:00:00+00:00,480641.0,838977.0,689285885.0168821,758326.6054389498,14515028690.791712,49344736.5,2.109594621683,671794.0,150336399132.22476,71.0,5555.74,123.3843,14.72,4.25
2024-07-24 00:00:00+00:00,484767.0,596458.0,571006058.5938667,683532.6574135298,8943563782.017931,51669156.5,2.091076478928,681137.0,150154556599.87573,69.0,5427.13,123.5575,18.04,4.28
2024-07-25 00:00:00+00:00,529053.0,719711.0,664814196.7914306,691076.3092158701,7867610940.380128,52768247.0,2.101052278672,713877.0,149886627870.98584,68.0,5399.22,123.5286,18.46,4.27
2024-07-26 00:00:00+00:00,529294.0,459067.0,652578352.6787051,703739.3167808106,7332170770.1329155,60024172.5,2.167988897972,715636.0,150201916222.90216,68.0,5459.1,123.672,16.39,4.2
2024-07-27 00:00:00+00:00,508959.0,445730.0,628106664.4532535,699494.02255945,4232975746.9635262,63584723.5,2.17149524018,694649.0,150203869654.63336,72.0,,,,
2024-07-28 00:00:00+00:00,431944.0,753703.0,603634976.227802,560942.34402472,2767696675.7889442,52656362.0,2.173689504641,578686.0,150177878760.52884,71.0,,,,
2024-07-29 00:00:00+00:00,543529.0,826129.0,725993417.3550591,763842.8970380302,9902659739.016802,49552655.5,2.130351323441,794379.0,149945273911.8092,74.0,5463.54,124.1392,16.6,4.17
2024-07-30 00:00:00+00:00,500916.0,683096.0,611792205.6362859,646110.3152468398,15119384835.083057,59621486.5,2.10753663783,673555.0,149594962507.9286,67.0,5436.44,124.2855,17.69,4.15
2024-07-31 00:00:00+00:00,542141.0,562819.0,613215974.0238556,702898.4661195002,9602772099.094246,58117037.0,2.060104597961,740485.0,149487589610.50558,61.0,5522.3,123.6373,16.36,4.09
2024-08-01 00:00:00+00:00,550192.0,544430.0,630987879.9602102,636667.5122478203,8155277551.651909,62361981.0,2.073446664875,772675.0,148874300446.30368,52.0,5446.68,123.8693,18.59,3.99
2024-08-02 00:00:00+00:00,531291.0,410113.0,563382035.6787592,561616.77038425,9809266028.523855,58601825.5,1.958129492294,764749.0,149066918187.44473,57.0,5346.56,123.4681,23.39,3.8
2024-08-03 00:00:00+00:00,490026.0,504062.0,608452598.53306,513449.2439479499,2308110370.827175,61167363.5,1.931910948089,692352.0,149216982101.28613,37.0,,,,
2024-08-04 00:00:00+00:00,451025.0,524595.0,644509048.8165007,443181.2118970699,3460899185.172749,41248371.0,1.85658107668,668340.0,149325259897.18463,34.0,,,,
2024-08-05 00:00:00+00:00,572484.0,548857.0,703100780.5270916,494522.68873037037,13237735958.448278,78178357.0,1.734614783702,817104.0,149797821534.02365,26.0,5186.33,123.5787,38.57,3.78
2024-08-06 00:00:00+00:00,502085.0,485173.0,630987879.9602102,458865.92638284975,6808433062.101782,85372720.0,1.790105908673,729981.0,150507940723.91986,17.0,5240.03,123.6532,27.71,3.9
2024-08-07 00:00:00+00:00,483579.0,380097.0,549860866.8224689,474410.9573403501,7893851552.6037655,103636859.0,1.76102665944,714826.0,150691624897.2112,29.0,5199.5,123.5698,27.85,3.96
2024-08-08 00:00:00+00:00,541524.0,487399.0,581410260.8204794,536365.4229461997,6532994035.445488,19899459.5,1.974027468759,722252.0,150877365972.55487,20.0,5319.31,123.4466,23.79,3.99
2024-08-09 00:00:00+00:00,505594.0,396419.0,585917317.1059096,523599.53955797973,7901052207.058065,27740544.0,1.934847151042,705635.0,150804072478.48312,48.0,5344.16,122.9276,20.37,3.94
2024-08-10 00:00:00+00:00,449194.0,548777.0,581410260.8204794,410763.1704378801,3834508484.859348,42909440.0,1.937094140148,594175.0,150802401056.6903,40.0,,,,
2024-08-11 00:00:00+00:00,407547.0,644814.0,725636061.954242,402171.3107642198,1565215178.617859,49210648.5,1.872742222889,630696.0,150767736946.40283,39.0,,,,
2024-08-12 00:00:00+00:00,459444.0,450024.0,617466711.1039201,490142.6887133302,6152997429.581423,64246430.5,1.890144044639,714520.0,150735234314.92493,25.0,5344.39,123.2204,20.71,3.9
2024-08-13 00:00:00+00:00,499256.0,579618.0,671551386.529081,485538.0092765,7149997426.564984,66861969.0,1.926417221684,706882.0,151719805954.03674,31.0,5434.43,123.0146,18.12,3.85
2024-08-14 00:00:00+00:00,514603.0,504701.0,594742777.8026003,480591.7682165,6988791297.667786,82376049.0,1.87350048326,662757.0,151638357868.3822,30.0,5455.21,122.4297,16.19,3.83
2024-08-15 00:00:00+00:00,517110.0,660924.0,690944705.8016886,508048.23544859,5391558140.144841,79750500.0,1.835793831991,715632.0,151923165088.4994,29.0,5543.22,122.5844,15.23,3.92
2024-08-16 00:00:00+00:00,541657.0,575811.0,613213426.3989986,520444.89827159996,4199825226.3043375,83650251.0,1.876508258409,700335.0,152123940375.2801,27.0,5554.25,122.3972,14.8,3.89
2024-08-17 00:00:00+00:00,468048.0,702540.0,643442257.2778225,430107.3762937499,1860988054.6251378,86499970.5,1.891903199321,612305.0,152102363841.24368,25.0,,,,
2024-08-18 00:00:00+00:00,431177.0,769702.0,673671088.1566465,435345.7582253997,1842005986.3217332,91078201.5,1.871999609436,588717.0,152080937292.03415,31.0,,,,
2024-08-19 00:00:00+00:00,479794.0,553394.0,561392573.463872,521377.1641001799,6312008781.440564,105238762.0,1.891279440638,687027.0,152108888320.54367,28.0,5608.25,121.8788,14.65,3.86
2024-08-20 00:00:00+00:00,522795.0,717337.0,647760661.689083,601111.0615395096,5274305723.816394,107333721.0,1.882426600371,696903.0,154284266879.2165,30.0,5597.12,121.7728,15.88,3.82
2024-08-21 00:00:00+00:00,528523.0,687685.0,634805448.4553014,508719.9357880698,5478969193.046639,106669071.0,1.945233846186,711700.0,154180039132.05118,26.0,5620.85,121.8535,16.27,3.79
2024-08-22 00:00:00+00:00,529070.0,795102.0,690944705.8016886,6105712.71443515,5779831062.841158,95505606.0,1.921170694846,719227.0,154076251580.3794,39.0,5570.64,122.3626,17.55,3.86
2024-08-23 00:00:00+00:00,531334.0,799839.0,708218323.4467307,606712.0104262998,7779554833.467165,101896415.0,2.035903975825,694990.0,154218482473.86798,34.0,5634.61,121.4597,15.86,3.81
2024-08-24 00:00:00+00:00,465477.0,794380.0,660715874.9228647,494184.4023708898,8091891894.064949,83098345.5,2.032046751517,611271.0,154148340048.2775,56.0,,,,
2024-08-25 00:00:00+00:00,410926.0,705838.0,574347786.6976537,451353.1138118399,1702032825.6541271,68689602.0,2.046583028581,539499.0,154121386134.63034,54.0,,,,
2024-08-26 00:00:00+00:00,467689.0,600722.0,578666191.1089141,555687.7350730402,6102368262.378635,69595268.5,1.998001382993,656542.0,154024147856.0669,55.0,5616.84,121.6943,16.15,3.82
2024-08-27 00:00:00+00:00,500316.0,673811.0,613213426.3989986,489403.68808883993,9613387187.807987,77373106.0,1.891971799295,685194.0,153730926509.39725,48.0,5625.8,121.8672,15.43,3.83
2024-08-28 00:00:00+00:00,507535.0,733530.0,703794017.3679069,462077.37538444984,6632252546.814547,59622398.0,1.875827072948,740845.0,153801375464.43832,30.0,5592.18,121.8943,17.11,3.84
2024-08-29 00:00:00+00:00,537264.0,524362.0,587091196.5963086,495475.46528431005,6395977330.5875435,61930314.5,1.883349152914,723280.0,153922493243.01868,29.0,5591.96,122.2333,15.65,3.87
2024-08-30 00:00:00+00:00,572225.0,542101.0,631567802.399059,474935.9310868099,7346359988.724018,60439808.0,1.876982694923,826297.0,154184044679.40594,34.0,5648.4,122.3262,15.0,3.91
2024-08-31 00:00:00+00:00,500461.0,701952.0,653806105.3004345,377929.8253263502,2193027465.921187,54228048.5,1.87073697854,670825.0,154176180331.294,29.0,,,,
2024-09-01 00:00:00+00:00,474746.0,651871.0,631567802.399059,377525.0323048001,2648012585.459729,57366919.0,1.820019010688,660770.0,154164746665.81152,26.0,,,,
2024-09-02 00:00:00+00:00,497761.0,754904.0,742759316.9059358,447731.28018041025,3100686678.1579823,64947414.5,1.877143284457,717673.0,154176156694.9633,26.0,,,15.55,
2024-09-03 00:00:00+00:00,532190.0,582751.0,662701426.4609846,497081.41663016006,6012689752.026111,60746057.5,1.829729699885,699302.0,153914700969.73328,26.0,5528.93,122.7811,20.72,3.84
2024-09-04 00:00:00+00:00,517981.0,722736.0,671596747.6215348,451373.2637418698,5799794944.180726,59526625.0,1.841861370616,699461.0,154143769422.39395,27.0,5520.07,122.5144,21.32,3.77
2024-09-05 00:00:00+00:00,539154.0,721251.0,689387389.9426349,617306.9760255598,6158660147.1760235,66772394.0,1.781930708989,734546.0,154323445303.2603,29.0,5503.41,122.4533,19.9,3.73
2024-09-06 00:00:00+00:00,541499.0,667267.0,644910784.1398844,426174.9524831503,7064283321.400344,66590653.5,1.710811543806,726287.0,154147600234.55966,22.0,5408.42,122.4991,22.38,3.72
2024-09-07 00:00:00+00:00,467697.0,781426.0,702730371.68346,359789.03160080005,1519336722.3506465,67173909.5,1.718206634267,606660.0,154252579297.17743,23.0,,,,
2024-09-08 00:00:00+00:00,443983.0,910083.0,742759316.9059358,347282.30505460995,1783924507.5377305,80067563.0,1.743469313486,596940.0,154304940350.5335,29.0,,,,
2024-09-09 00:00:00+00:00,484357.0,572398.0,644910784.1398844,394226.9793685497,6363322710.944949,93266071.5,1.814072811646,736827.0,154363265052.28287,26.0,5471.05,122.7156,19.45,3.7
2024-09-10 00:00:00+00:00,496236.0,568630.0,609329499.4976839,401226.00576406025,5660821108.553659,99028402.0,1.830850569033,733172.0,154857667654.6068,33.0,5495.52,123.0071,19.08,3.65
2024-09-11 00:00:00+00:00,485718.0,411402.0,495458846.64224994,378694.09287492,4996530777.753266,112139364.0,1.822802476165,662704.0,154858912172.6703,37.0,5554.13,122.7754,17.69,3.65
2024-09-12 00:00:00+00:00,543579.0,563521.0,700222814.5578787,488608.2297544201,5069102731.029143,112471582.0,1.844923692611,775748.0,155052536219.42987,31.0,5595.76,122.4423,17.07,3.68
2024-09-13 00:00:00+00:00,541521.0,419047.0,566627672.3067043,441575.5693753301,7391259643.194124,116168702.0,1.918166417135,794367.0,155417614185.52643,32.0,5626.02,121.6551,16.56,3.66
2024-09-14 00:00:00+00:00,497081.0,638989.0,640335336.9970075,401170.85399434,2251848613.999916,112599159.0,1.901061522523,688474.0,155331305646.06512,50.0,,,,
2024-09-15 00:00:00+00:00,450094.0,712474.0,695616085.5147347,380846.33225594,1557392812.0248942,104950924.0,1.873189573393,643849.0,155257037677.24963,51.0,,,,
2024-09-16 00:00:00+00:00,508716.0,504540.0,575841130.3929921,381943.8678988499,5636920631.973337,105163530.0,1.844209085413,746172.0,155961892296.6286,39.0,5633.09,121.4976,17.14,3.63
2024-09-17 00:00:00+00:00,512792.0,539113.0,691009356.4715909,517289.99472820974,5979868415.488911,103365728.5,1.906555569386,732953.0,156126555387.1775,33.0,5634.58,121.6031,17.61,3.65
2024-09-18 00:00:00+00:00,503606.0,541476.0,635728607.9538636,422652.2954004602,7033415665.476531,98198361.0,1.938486988135,720313.0,156026992106.08362,45.0,5618.26,121.5618,18.23,3.7
2024-09-19 00:00:00+00:00,534707.0,455707.0,562020943.2635604,637788.0656468398,8246322622.468619,103054647.0,1.989407371018,746741.0,156171239315.80283,49.0,5713.64,121.3059,16.33,3.73
2024-09-20 00:00:00+00:00,555435.0,526390.0,667975711.255871,601766.2494794701,11383528905.333433,98130851.5,1.991251479392,822445.0,156433327284.93478,54.0,5702.55,121.4052,16.15,3.73
2024-09-21 00:00:00+00:00,487325.0,557444.0,621908420.8244318,383882.77333179006,1936753345.683346,89675627.0,1.997224680189,665209.0,156629713807.09955,54.0,,,,
2024-09-22 00:00:00+00:00,439610.0,628230.0,626515149.8675756,333638.2304794101,1568648134.041071,79563390.5,2.00309504051,595289.0,156574956747.8452,52.0,,,,
2024-09-23 00:00:00+00:00,518528.0,580102.0,672582440.299015,492196.61037774006,7000723222.757288,78199622.5,1.993210662996,796781.0,156461870368.43533,50.0,5718.57,121.4303,15.89,3.75
2024-09-24 00:00:00+00:00,517079.0,532220.0,667975711.255871,466152.3036563199,8567453178.705362,82319471.0,2.02322807255,749184.0,156631927360.8192,54.0,5732.93,121.1291,15.39,3.74
2024-09-25 00:00:00+00:00,513256.0,503460.0,657005311.2676694,424734.5785049702,8162704768.430984,81193271.0,1.980828516174,713234.0,156606961802.763,59.0,5722.26,121.4447,15.41,3.79
2024-09-26 00:00:00+00:00,515965.0,474766.0,571298868.1801282,568078.3590741198,7108680538.140987,91943205.0,2.040909822528,721855.0,156823951381.62747,50.0,5745.37,121.0785,15.37,3.79
2024-09-27 00:00:00+00:00,549045.0,451723.0,602061114.928289,734594.7527190704,8554437526.620602,101299011.0,2.061133588941,751618.0,156750234633.35358,61.0,5738.17,121.1111,16.96,3.75
2024-09-28 00:00:00+00:00,477266.0,507707.0,566904261.5018196,667521.87624817,2366097260.4524183,94278934.5,2.059734897491,649697.0,156724676002.5575,64.0,,,,
2024-09-29 00:00:00+00:00,462111.0,687427.0,681164035.1378452,496190.2984577299,1655558348.2101824,93814153.5,2.054377793402,680061.0,156681475954.7157,63.0,,,,
2024-09-30 00:00:00+00:00,513555.0,594224.0,602061114.928289,470098.7505975399,10834329687.749815,103696873.5,1.980655974681,732082.0,156071820418.0069,61.0,5762.48,121.2864,16.73,3.81
2024-10-01 00:00:00+00:00,626337.0,632894.0,689953248.4944626,504372.3068000599,8154719864.648614,93154747.0,1.906306811115,863700.0,156047920938.11258,50.0,5708.75,121.6881,19.26,3.74
2024-10-02 00:00:00+00:00,504061.0,590981.0,681164035.1378452,432411.52305204025,7829105602.861956,90184078.5,1.901135632078,711643.0,156010745930.4103,42.0,5709.54,121.5724,18.9,3.79
2024-10-03 00:00:00+00:00,522348.0,582777.0,694347855.1727712,465138.64959745994,7480735068.698743,84584607.0,1.903667765594,737116.0,155919164359.35468,37.0,5699.94,122.1197,20.49,3.85
2024-10-04 00:00:00+00:00,553982.0,561425.0,742688528.6341666,452544.74461168004,5461339204.431516,85971531.0,1.942653036999,784413.0,156112821431.57593,41.0,5751.07,122.2197,19.21,3.98
2024-10-05 00:00:00+00:00,462401.0,757575.0,663585608.4246106,751140.6212345996,2730371658.884799,100451987.0,1.941600018448,608641.0,156129637193.92993,49.0,,,,
2024-10-06 00:00:00+00:00,435532.0,742158.0,667980215.1029191,616627.1087850799,3005253704.35666,96657832.5,1.964736190677,610738.0,156121261784.50085,50.0,,,,
2024-10-07 00:00:00+00:00,495630.0,717700.0,681164035.1378452,824909.76826879,7813362740.240367,103740240.0,1.952455630153,719501.0,155743007617.13602,50.0,5695.94,122.4241,22.64,4.03
2024-10-08 00:00:00+00:00,556194.0,719458.0,733899315.2775493,1050013.6264885701,10877241078.803791,94667821.0,1.926780183281,822783.0,155348628410.2408,49.0,5751.13,122.6625,21.42,4.04
2024-10-09 00:00:00+00:00,479175.0,536887.0,574966972.3426994,942713.4907569899,6720634380.632039,99151258.0,1.880158282942,668278.0,154977604483.95642,49.0,5792.04,122.8821,20.86,4.06
2024-10-10 00:00:00+00:00,495077.0,746211.0,709250575.4670075,1529645.9745279897,7011381420.420207,98091877.5,1.868650690361,679738.0,154909632755.84595,39.0,5780.05,123.0951,20.93,4.09
2024-10-11 00:00:00+00:00,474119.0,633252.0,640613423.0024583,2772326.7032119785,6860121248.392112,113360436.0,1.931911669891,718986.0,155425094996.8093,32.0,5815.03,122.9805,20.46,4.08
2024-10-12 00:00:00+00:00,440477.0,736321.0,654340853.4953684,2824133.290371009,1843902651.0940166,110783984.5,1.953970337674,606243.0,155475611281.30988,49.0,,,,
2024-10-13 00:00:00+00:00,417442.0,648739.0,631461802.673852,1553214.1198327004,1597337887.2848842,102532214.0,1.939547429605,609844.0,155390074547.59372,50.0,,,,
2024-10-14 00:00:00+00:00,477679.0,611683.0,636037612.8381552,1670806.0180509703,6678664097.609112,97546172.0,2.039522213226,722649.0,155268539607.65826,48.0,5859.85,,19.7,
2024-10-15 00:00:00+00:00,510964.0,646891.0,713826385.6313109,1712335.7506595105,11549587821.736782,94200408.0,2.060181206339,787245.0,155252946250.53302,65.0,5815.26,123.5124,20.64,4.03
2024-10-16 00:00:00+00:00,465015.0,708342.0,645189233.1667618,3442211.5162550015,11139283532.797909,109842823.5,2.079852586869,614677.0,155104479950.0645,73.0,5842.47,123.9235,19.58,4.02
2024-10-17 00:00:00+00:00,529901.0,653027.0,718402195.7956142,4188156.251308242,8730955014.1011,98389855.0,2.067823405287,765780.0,155098216463.8245,71.0,5841.47,124.1122,19.11,4.09
2024-10-18 00:00:00+00:00,519056.0,474279.0,622310182.3452455,1711006.2040278704,10874397499.760347,93110594.5,2.097751626956,723986.0,155294564799.18588,73.0,5864.67,123.9185,18.03,4.08
2024-10-19 00:00:00+00:00,480562.0,735561.0,791615158.4244666,1084965.5945833197,3014354207.8432803,83436489.0,2.095293659588,685573.0,155291890881.03702,72.0,,,,
2024-10-20 00:00:00+00:00,462770.0,778073.0,791615158.4244666,933416.4573996004,4380035792.252007,71878974.5,2.110307256847,688498.0,155274173505.76862,73.0,,,,
2024-10-21 00:00:00+00:00,482337.0,835011.0,782463538.0958601,1193281.1156195402,8678261147.398464,79409221.5,2.056928495458,717571.0,155133177335.14282,72.0,5853.98,124.4757,18.37,4.19
2024-10-22 00:00:00+00:00,479204.0,700174.0,638125714.2515116,1729854.7568420598,9459984977.844603,88524460.0,2.0548573040083666,639877.0,154930765300.92725,70.0,5851.2,124.4107,18.2,4.2
2024-10-23 00:00:00+00:00,496062.0,665187.0,718143298.2753785,1588799.06406176,6752263402.2640505,68047310.0,2.030149964645596,740774.0,154502367930.34967,71.0,5797.42,124.6931,19.24,4.24
2024-10-24 00:00:00+00:00,453818.0,681834.0,699119634.7449049,3221798.959251349,8861423494.225447,77668367.5,2.0735534317639304,656927.0,154654936942.6718,69.0,5809.86,124.5127,19.08,4.21
2024-10-25 00:00:00+00:00,585659.0,524014.0,727655130.0406153,2486666.8830687003,8170259000.293865,58669578.0,2.015882390039284,859095.0,154665851968.44196,72.0,5808.12,124.6105,20.33,4.25
2024-10-26 00:00:00+00:00,513505.0,597744.0,694363718.8622864,709343.1311403199,2589025948.7554045,52669592.0,2.038385405545456,727063.0,154927309353.6831,,,,,
2024-10-27 00:00:00+00:00,452846.0,700814.0,765702457.1015625,566302.9912802096,1623405982.1370733,48693904.0,2.0672450714484367,654362.0,154962676143.45245,74.0,,,,
2024-10-28 00:00:00+00:00,535356.0,702824.0,798993868.2798914,521986.23732614017,10966185038.036318,52944123.0,2.12079659111609,756668.0,155025534110.08047,72.0,5823.52,124.8076,19.8,4.28
2024-10-29 00:00:00+00:00,580911.0,614981.0,746678793.571089,827069.2091952902,14125800889.231539,58435413.0,2.1993875776152856,831182.0,156087345111.42883,72.0,5832.92,124.8612,19.34,4.28
2024-10-30 00:00:00+00:00,553379.0,682099.0,803749784.1625097,678086.7850834498,13795094906.86094,95814269.5,2.1895048875101897,794409.0,156335417591.71262,77.0,5813.67,124.8153,20.35,4.29
2024-10-31 00:00:00+00:00,562550.0,562237.0,751434709.4537071,4761949.274117109,13376076760.901299,84885512.5,2.1253164193551783,789382.0,155913475923.5634,77.0,5705.45,124.7988,23.16,4.28
2024-11-01 00:00:00+00:00,556938.0,547888.0,727655130.0406153,579453.3588745401,12445252914.96622,92495485.0,2.096717117505966,819093.0,156348671470.73102,75.0,5728.8,124.8076,21.88,4.37
2024-11-02 00:00:00+00:00,504261.0,544612.0,670584139.4491944,508537.97275943,2325736060.7382245,84478023.0,2.088469515716,690705.0,156321490288.48434,72.0,,,,
2024-11-03 00:00:00+00:00,452489.0,455402.0,627780896.505629,370472.1389302501,2585993578.693979,69672031.5,2.072996077959187,627617.0,156295486111.2762,74.0,,,,
2024-11-04 00:00:00+00:00,518020.0,456826.0,720519107.2542773,430912.9403292998,10004272909.175388,62082414.5,2.0421715913323313,811710.0,156556841173.77106,70.0,5712.69,124.5903,21.98,4.31
2024-11-05 00:00:00+00:00,548496.0,465286.0,702351988.6923242,457676.3897788402,11232629934.277601,50636221.5,2.0934035678438234,768957.0,157023662512.63562,70.0,5782.76,124.5532,20.49,4.26
2024-11-06 00:00:00+00:00,622567.0,501641.0,773092476.7620546,621105.46079837,16624459226.55678,66232992.5,2.265383861200003,894241.0,158905594030.71008,70.0,5929.04,125.7035,16.27,4.42
2024-11-07 00:00:00+00:00,583392.0,553047.0,788251152.776997,501284.9441460501,14663670061.258778,63703853.0,2.268079148113374,792482.0,159070706420.62057,77.0,5973.1,124.775,15.2,4.31
2024-11-08 00:00:00+00:00,591256.0,497146.0,717510664.7072663,611578.9512629902,16280514071.904945,79087126.0,2.2784564278185018,848426.0,160245359779.00156,75.0,5995.54,125.5811,14.94,4.3
2024-11-09 00:00:00+00:00,502341.0,577368.0,702351988.6923242,1015476.23240889,4379578541.9617,82650554.5,2.2854908075229896,654475.0,161132165797.64813,75.0,,,,
2024-11-10 00:00:00+00:00,564887.0,558278.0,747828016.7371509,865875.4299076698,8805260115.054148,73729142.5,2.3862991652271037,793243.0,161100225418.9701,78.0,,,,
2024-11-11 00:00:00+00:00,623757.0,462458.0,687193312.6773819,1280878.5778663903,15659527002.602785,80842104.5,2.614736204421691,941403.0,163072365045.51505,76.0,6001.35,,14.97,
2024-11-12 00:00:00+00:00,702614.0,503677.0,737722232.7271894,1824958.6274375394,26270558367.128586,78975179.5,2.574402718870185,1007782.0,162564172476.69012,80.0,5983.99,126.7762,14.71,4.43
2024-11-13 00:00:00+00:00,636591.0,570979.0,697299096.6873435,2053291.03983859,21257021379.190033,84075525.0,2.6237625094988872,859128.0,163740270821.6896,84.0,5985.38,126.9572,14.02,4.44
2024-11-14 00:00:00+00:00,587387.0,503566.0,641717284.6325549,2217531.731656239,24187597707.2619,86653562.0,2.516917131040333,839766.0,165632022958.37128,88.0,5949.17,127.0015,14.31,4.43
2024-11-15 00:00:00+00:00,619496.0,562223.0,757933800.7471123,3708849.1815630496,19113942083.20821,75222890.5,2.6166281818489865,886479.0,166048741085.56943,80.0,5870.62,126.8848,16.14,4.43
2024-11-16 00:00:00+00:00,581986.0,602655.0,793304044.7819778,1661454.2210272406,5256303046.01382,64580814.5,2.5963251574245816,802492.0,166192297678.8634,86.0,,,,
2024-11-17 00:00:00+00:00,518085.0,598496.0,757933800.7471123,856209.4520337095,3315738679.512714,64333481.0,2.570045957525609,717710.0,166070924655.4826,90.0,,,,
2024-11-18 00:00:00+00:00,569926.0,673308.0,789177471.4803329,1594458.6589185307,,67633904.0,2.586767436063493,796834.0,165971758865.94055,83.0,5893.62,126.6045,15.58,4.42
2024-11-19 00:00:00+00:00,547133.0,810805.0,889845955.1158988,2255299.54175571,17907534161.0051,70390693.0,2.616096692148944,757888.0,167761591477.647,90.0,5916.98,126.3994,16.35,4.39
2024-11-20 00:00:00+00:00,557265.0,664866.0,747470602.2973549,1981385.2144207307,19928511810.876366,64410178.0,2.6545840511759584,750264.0,168987482558.0253,83.0,5917.11,126.88,17.16,4.41
2024-11-21 00:00:00+00:00,666198.0,498512.0,732216100.2096539,2208442.07179196,24042155708.5233,60771334.0,2.7357035205093947,977195.0,169497701066.83374,82.0,5948.71,127.1047,16.87,4.43
2024-11-22 00:00:00+00:00,628962.0,540305.0,727131266.1804202,1855518.339776061,18925420304.096355,65378526.0,2.7268624607806946,902930.0,170986464506.42615,94.0,5969.34,127.4712,15.24,4.41
2024-11-23 00:00:00+00:00,590149.0,444699.0,701707096.0342517,1380959.82887782,11273319452.938,56728897.0,2.682475835762373,877099.0,174199328690.76453,93.0,,,,
2024-11-24 00:00:00+00:00,534909.0,463289.0,681367759.9173166,913280.9168286206,8444664449.542644,42998708.5,2.684190145202477,790852.0,174108115352.02905,80.0,,,,
2024-11-25 00:00:00+00:00,593158.0,604870.0,859336950.9404964,1111605.9201958396,19031989883.548634,38429353.5,2.550936868826199,956417.0,173873252097.28186,82.0,5987.37,126.9948,14.6,4.27
2024-11-26 00:00:00+00:00,568082.0,475689.0,706791930.0634853,1601296.33126424,21331421147.908745,47101391.0,2.504171774475637,790710.0,173671721430.1245,79.0,6021.63,127.4301,14.1,4.3
2024-11-27 00:00:00+00:00,599701.0,462119.0,676282925.8880831,961430.2815378899,12555140763.385523,42365330.5,2.606953545179931,800136.0,175047495369.23218,75.0,5998.74,126.8205,14.1,4.25
2024-11-28 00:00:00+00:00,559054.0,523480.0,722046432.1511863,1313400.2481486492,9708469422.03239,48060190.5,2.5937387638687115,754947.0,174790594561.09628,77.0,,,13.9,
2024-11-29 00:00:00+00:00,551876.0,341781.0,615264917.5372787,1289165.77962369,12049106760.35298,53578235.5,2.630994842256662,767132.0,176197573703.61057,78.0,6032.38,126.5798,13.51,4.18
2024-11-30 00:00:00+00:00,583648.0,640943.0,833912780.7943279,988080.9166137199,4308785753.686624,45320858.0,2.6035102735918114,828664.0,176260812554.84634,84.0,,,,
2024-12-01 00:00:00+00:00,501246.0,698223.0,803403776.6189257,1974737.6797943397,4169328992.6346917,59772533.5,2.627590012401485,739652.0,176635371447.38474,81.0,,,,
2024-12-02 00:00:00+00:00,578842.0,311811.0,649582756.2207783,1847967.873412399,16936998791.826956,59472699.0,2.572610271286454,925715.0,177297304984.84454,80.0,6047.15,127.1272,13.34,4.19
2024-12-03 00:00:00+00:00,613585.0,439519.0,811042070.6273791,1479432.6957566205,13405989744.175869,63406674.0,2.5714581344527003,918415.0,177443392891.50424,76.0,6049.88,126.9565,13.3,4.23
2024-12-04 00:00:00+00:00,606514.0,502912.0,759383340.0141702,1158271.16599265,13935666799.866549,56495844.0,2.6375374682187815,887569.0,178057372755.26025,78.0,6086.49,126.7574,13.45,4.19
2024-12-05 00:00:00+00:00,676971.0,512490.0,800710324.5047373,1443271.1416308505,22269535612.85755,65394611.0,2.5624396365200885,968792.0,178608167777.2518,84.0,6075.11,126.4286,13.54,4.17
2024-12-06 00:00:00+00:00,589966.0,414643.0,702558736.3396405,1406905.70287432,17888033885.907677,75385190.0,2.6197013566280365,872253.0,181881889405.58008,72.0,6090.27,126.688,12.77,4.15
2024-12-07 00:00:00+00:00,523611.0,456101.0,733553974.7075658,1917694.5407983302,5418124415.8528185,78913895.0,2.6172416537051104,798958.0,181694094661.4585,75.0,,,,
2024-12-08 00:00:00+00:00,500126.0,420320.0,754217466.9528493,1520288.5257449811,3771799971.244733,77115700.5,2.635830347444721,851865.0,181435417647.27493,79.0,,,,
2024-12-09 00:00:00+00:00,548218.0,403264.0,862700801.2405878,1604522.5113910101,16893586741.251682,66998782.5,2.528321562198401,915304.0,181023888053.95587,78.0,6052.85,126.5981,14.19,4.2
2024-12-10 00:00:00+00:00,637676.0,441944.0,795544451.4434165,1550444.8453355,12979843425.395798,57302472.0,2.504255955643038,985635.0,181187183677.43918,78.0,6034.91,126.957,14.18,4.22
2024-12-11 00:00:00+00:00,617471.0,481168.0,733553974.7075658,1895479.76256846,21037350757.179394,67391140.5,2.607825988676539,858578.0,182917193630.07922,74.0,6084.19,126.8483,13.58,4.26
2024-12-12 00:00:00+00:00,642365.0,474978.0,764549213.0754911,1985267.1220510292,17239165427.918285,70676244.5,2.5725090268010704,883811.0,184094664807.32446,83.0,6051.25,126.9556,13.92,4.32
2024-12-13 00:00:00+00:00,622796.0,523585.0,878198420.4245505,1450666.99291756,17652553064.867294,69991943.5,2.5964143923269845,936834.0,184443005442.3996,76.0,6051.09,127.3096,13.81,4.4
2024-12-14 00:00:00+00:00,547370.0,517482.0,821373816.7500207,1216795.9702292,5353586265.646702,71051724.5,2.5956011229498386,774578.0,184375147540.52863,83.0,,,,
2024-12-15 00:00:00+00:00,540459.0,378527.0,707724609.4009614,989031.9244316,6822123118.7715025,69424050.0,2.671579602981782,789756.0,184421321128.08994,80.0,,,,
2024-12-16 00:00:00+00:00,628257.0,412747.0,796354777.917631,1295375.2896248992,19489912898.92708,74838472.5,2.690487024205537,952348.0,184955681193.02994,83.0,6074.08,127.2687,14.69,4.39
2024-12-17 00:00:00+00:00,587955.0,419707.0,733677850.1420219,1359281.8837601,16038288677.469349,81550985.5,2.6825053486643022,829977.0,184884641320.97025,87.0,6050.61,127.5043,15.87,4.4
2024-12-18 00:00:00+00:00,583495.0,414366.0,776835370.7386113,1363841.7078782,16000954252.851433,76947698.0,2.5337669288940026,890898.0,184828946695.1336,81.0,5872.16,127.6418,27.62,4.5
2024-12-19 00:00:00+00:00,634202.0,437574.0,782230060.8131851,2330110.2931800797,19125758841.63413,80886431.0,2.449250681750823,861604.0,184758953797.35052,75.0,5867.08,128.6366,24.09,4.57
2024-12-20 00:00:00+00:00,640920.0,398670.0,814598201.2606272,1508430.6928884608,16133797899.628603,77159651.5,2.438923701718572,882836.0,185092953421.18906,74.0,5930.85,127.893,18.36,4.52
2024-12-21 00:00:00+00:00,516725.0,330225.0,782230060.8131851,1070886.2025366304,6882358327.448823,74123679.5,2.424795342221161,744752.0,185210424511.8734,73.0,,,,
2024-12-22 00:00:00+00:00,477331.0,336217.0,836176961.5589218,821993.9159230101,3340023325.9010005,72588917.0,2.36832468298583,758970.0,185181437896.65527,73.0,,,,
2024-12-23 00:00:00+00:00,528563.0,292681.0,749861920.3657429,1026934.15323516,12473533243.122515,73728943.0,2.3466031181287983,804969.0,185454449209.66403,70.0,5974.07,128.3021,16.78,4.59
2024-12-24 00:00:00+00:00,543738.0,326570.0,712099089.8437271,917430.4050477801,11564062010.09304,69038736.5,2.4325472895826454,763920.0,185461915671.0355,73.0,6040.04,128.3377,14.27,4.59
2024-12-25 00:00:00+00:00,465831.0,405831.0,814598201.2606272,772570.3515106599,5466163116.674572,60838300.0,2.4457574461003446,702219.0,185485319436.47336,73.0,,,,
2024-12-26 00:00:00+00:00,488028.0,298916.0,706704399.7691535,749271.0920662697,8493106621.658707,67819035.0,2.3548963638187823,739743.0,185728138667.32346,79.0,6037.59,128.3329,14.73,4.58
2024-12-27 00:00:00+00:00,568492.0,348241.0,852361031.782643,664320.4152623899,9580652001.738985,60410853.0,2.316536046291274,846364.0,185631254002.60806,74.0,5970.84,128.45,15.95,4.62
2024-12-28 00:00:00+00:00,513628.0,298580.0,771440680.6640378,541588.6573090301,2677566056.8358884,80033687.0,2.3373921900161463,704798.0,185908539394.51093,72.0,,,,
2024-12-29 00:00:00+00:00,473130.0,419112.0,853049703.3260739,613112.2956485997,5228175703.420922,68013516.0,2.2939806186069815,727603.0,185885805017.9766,73.0,,,,
2024-12-30 00:00:00+00:00,546526.0,374721.0,867710155.9849901,661518.6354080298,13470587113.382612,63508048.0,2.264447243535571,812462.0,183922992070.4683,65.0,5906.94,128.8205,17.4,4.55
2024-12-31 00:00:00+00:00,545227.0,312513.0,703991258.6293316,556173.3611654703,13251695752.866476,69213122.5,2.2808124449322915,780332.0,183982581167.20065,64.0,5881.63,129.2775,17.35,4.58
2025-01-01 00:00:00+00:00,469908.0,292213.0,764021520.9930731,448342.3955829398,6553323746.3020735,51808870.0,2.3030404933089104,661798.0,183738742978.56668,66.0,,,,
2025-01-02 00:00:00+00:00,536381.0,402440.0,911368528.6131656,535734.02237277,6110103532.896917,53906526.5,2.3578841474857937,806065.0,184762328137.77655,70.0,5868.55,129.4598,17.93,4.57
2025-01-03 00:00:00+00:00,580296.0,409341.0,774936114.1501169,597103.96439176,8269717281.335514,62988791.5,2.3862905574570155,774077.0,185678899742.7742,74.0,5942.47,129.4535,16.13,4.6
2025-01-04 00:00:00+00:00,514543.0,432302.0,813137190.1997707,585298.7003365998,2758643852.77057,54125818.0,2.3875160097101222,699568.0,185845737812.83102,73.0,,,,
2025-01-05 00:00:00+00:00,477492.0,433954.0,851338266.2494245,585930.8957315701,2386538450.1449366,46335676.5,2.390965860098841,672568.0,185859142117.91763,72.0,,,,
2025-01-06 00:00:00+00:00,552854.0,366260.0,725820444.9434196,678075.2075639501,10720151138.280603,59819998.0,2.477062799747396,765227.0,186276917895.00912,76.0,5975.38,128.538,16.04,4.62
2025-01-07 00:00:00+00:00,534903.0,352121.0,731277741.5219413,730332.0026876201,12571059044.880728,63777829.5,2.3467027834219376,780759.0,185872705902.92154,78.0,5909.03,128.613,17.82,4.67
2025-01-08 00:00:00+00:00,545474.0,399976.0,682162072.3152436,733608.7715342398,12232111996.713434,57256759.0,2.298665904666954,739012.0,185609269417.21985,70.0,5918.25,129.0785,17.7,4.67
2025-01-09 00:00:00+00:00,551517.0,534013.0,829509079.9353366,683843.6296243999,7267610310.966393,52377510.5,2.233820238836667,742304.0,185810360194.66718,69.0,,129.2827,18.07,4.68
2025-01-10 00:00:00+00:00,555569.0,408769.0,774936114.1501169,654930.3366568699,8226023524.658946,49902654.0,2.290082536703305,797315.0,185885580448.44943,50.0,5827.04,129.8664,19.54,4.77
2025-01-11 00:00:00+00:00,493250.0,361190.0,753106927.8360293,515079.2468008999,2717776436.9154506,40183377.5,2.285501707170164,680515.0,186089395107.68442,69.0,,,,
2025-01-12 00:00:00+00:00,478512.0,380525.0,939753829.6056751,463254.83876659017,2524860229.613659,33781655.5,2.278657758123868,706797.0,186061186793.56232,62.0,,,,
2025-01-13 00:00:00+00:00,527739.0,408248.0,702796044.3776932,722572.8786719901,7428143322.801004,42100705.5,2.2779845089607447,730319.0,185837568617.47195,61.0,5836.22,130.0413,19.19,4.79
2025-01-14 00:00:00+00:00,555702.0,352684.0,845551490.8919123,647613.1400190801,8476643246.566211,33991931.0,2.3280580564665416,790420.0,185830345856.47375,63.0,5842.91,129.3812,18.71,4.78
2025-01-15 00:00:00+00:00,562243.0,354014.0,763192579.4414012,739710.8300286802,9736046043.950031,40088621.5,2.4095410827754344,804761.0,186533273618.47473,70.0,5949.91,129.2092,16.12,4.66
2025-01-16 00:00:00+00:00,552617.0,375439.0,702796044.3776932,731451.4122596503,15219278220.789003,42958887.0,2.3989108291075403,787871.0,186612035179.85565,75.0,5937.34,129.436,16.6,4.61
2025-01-17 00:00:00+00:00,609681.0,425661.0,823589114.5051093,923308.4780920002,13726669241.249104,35266860.0,2.495913169030756,844973.0,187647786705.85275,75.0,5996.66,129.4859,15.97,4.61
2025-01-18 00:00:00+00:00,548843.0,360666.0,713777232.5710948,640937.5000899001,5389522873.899006,44417424.0,2.4946785705686336,730835.0,187470488181.0227,77.0,,,,
2025-01-19 00:00:00+00:00,581784.0,388509.0,823589114.5051093,679424.5712371,5860881893.009443,52068620.5,2.4106728700866626,777201.0,188331067365.44745,77.0,,,,
2025-01-20 00:00:00+00:00,611603.0,350291.0,834570302.6985108,1334194.8232673393,11266460830.38323,74303948.0,2.4450561327537335,852334.0,188577160689.8614,76.0,,,15.81,
2025-01-21 00:00:00+00:00,576234.0,324412.0,730249014.861197,1059680.0619248995,14016792182.76418,55830425.5,2.518858900509325,864025.0,191493017032.576,76.0,6049.24,128.4151,15.06,4.57
2025-01-22 00:00:00+00:00,563550.0,432369.0,823589114.5051093,804122.677646,13577736341.160229,47016624.0,2.459018475131256,830610.0,191962663470.4043,84.0,6086.37,128.3402,15.1,4.6
2025-01-23 00:00:00+00:00,559393.0,326010.0,746720797.1512991,707202.9182829995,14634364649.359365,51623277.0,2.455447281433525,797154.0,192382770590.36865,75.0,6118.71,128.2162,15.02,4.65
2025-01-24 00:00:00+00:00,555324.0,369243.0,768683173.5381019,679403.4021942999,12098187853.612225,54293544.5,2.4651832101972833,778133.0,192622212559.76825,75.0,6101.24,127.4611,14.85,4.63
2025-01-25 00:00:00+00:00,511721.0,338988.0,702796044.3776932,576274.2900722998,3694805800.669982,40543934.5,2.4670204525538764,674223.0,192717586651.61017,75.0,,,,
2025-01-26 00:00:00+00:00,468657.0,309651.0,752211391.2479999,442613.6854171,2783482751.6197257,37757735.5,2.418361700134125,652111.0,192568364091.54184,73.0,,,,
2025-01-27 00:00:00+00:00,536813.0,332102.0,841602268.6110247,616996.1871969503,11955786516.95331,25440792.0,2.393412498448327,800741.0,192652207139.42438,71.0,6012.28,128.0912,17.9,4.53
2025-01-28 00:00:00+00:00,526610.0,305953.0,795344639.2008113,486113.1019665999,8034825800.008887,28605193.5,2.3732871181658965,754559.0,192947339463.6951,72.0,6067.7,128.2817,16.41,4.55
2025-01-29 00:00:00+00:00,536882.0,355332.0,832962291.0549035,496880.0632343998,6092345911.116566,20583997.5,2.436318963363576,732357.0,194018352783.27106,72.0,6039.31,128.3418,16.56,4.55
2025-01-30 00:00:00+00:00,563297.0,335134.0,779222788.4062003,523105.94685499993,7400448916.434272,8650459.5,2.4577562130040627,768553.0,194507169956.12067,70.0,6071.17,128.1004,15.84,4.52
2025-01-31 00:00:00+00:00,573440.0,328684.0,671743783.1087936,514220.87005180004,11201672996.579489,30492001.0,2.3926271926371028,767144.0,194850977088.03287,76.0,6040.53,128.4828,16.43,4.58
2025-02-01 00:00:00+00:00,547939.0,357439.0,988806848.7361435,490946.3821770002,3013247738.519718,3097504.0,2.353296238999732,732561.0,194742768037.33246,68.0,,,,
2025-02-02 00:00:00+00:00,493629.0,383258.0,918945495.2928294,452324.88510187,4767314353.494646,28651426.0,2.278588298536274,762118.0,194719698946.2689,60.0,,,,
2025-02-03 00:00:00+00:00,594369.0,360484.0,822214390.5251629,591226.22105115,18010195932.401714,11263147.0,2.3717271049935724,872269.0,196068028638.31476,44.0,5994.57,129.109,18.62,4.54
2025-02-04 00:00:00+00:00,533329.0,308619.0,703987484.6980155,502256.9036861499,9972825687.013731,8421409.0,2.280750094282139,807567.0,197512574441.15018,72.0,6037.88,128.1083,17.21,4.52
2025-02-05 00:00:00+00:00,549668.0,381126.0,773848838.1413299,535899.1447820701,14433738129.338787,2697371.5,2.2465355832791136,755489.0,197750395615.8458,54.0,6061.48,127.9751,15.77,4.43
2025-02-06 00:00:00+00:00,556046.0,428326.0,779222788.4062003,517650.1473167599,10021883321.596104,7174864.5,2.243314171452448,753978.0,198050203150.20428,49.0,6083.57,128.2017,15.5,4.45
2025-02-07 00:00:00+00:00,547121.0,498394.0,929693395.8225701,546474.80179837,8703519501.878572,5816224.5,2.2387599646519227,753607.0,198649960782.13922,44.0,6025.99,128.4292,16.54,4.49
2025-02-08 00:00:00+00:00,495840.0,469138.0,859832042.3792553,435601.1162116002,3464009779.7232847,2076315.5,2.2429885869544703,655694.0,198418645353.39188,44.0,,,,
2025-02-09 00:00:00+00:00,458209.0,385420.0,795293751.4100475,337580.3139245099,2892524949.0753446,4645694.0,2.232532160927027,630935.0,198612490903.23502,46.0,,,,
2025-02-10 00:00:00+00:00,506614.0,359522.0,788864727.616627,459428.27320518007,7432617992.956971,4032672.0,2.2560105134383015,784554.0,198420246559.89355,43.0,6066.44,128.6382,15.81,4.51
2025-02-11 00:00:00+00:00,527971.0,337513.0,703735440.4637535,514624.74503119994,9477085951.576164,7442047.5,2.2178405166069126,778968.0,198457746144.50223,47.0,6068.5,128.4322,16.02,4.54
2025-02-12 00:00:00+00:00,524479.0,386539.0,754813012.7554775,447194.6888125201,6046944646.337515,15570977.0,2.2614665289821283,713585.0,198460716822.01437,46.0,6051.97,128.3288,15.89,4.62
2025-02-13 00:00:00+00:00,554664.0,379906.0,896695158.0102665,551626.86607258,6654782592.28042,4222279.0,2.2326518009087044,752473.0,198416806923.11646,50.0,6115.07,127.8931,15.1,4.52
2025-02-14 00:00:00+00:00,555378.0,346002.0,862643443.1491172,461348.27105756,8436991720.132586,7033784.5,2.2516623241667397,734111.0,198691021713.436,48.0,6114.63,127.1491,14.77,4.47
2025-02-15 00:00:00+00:00,477805.0,306930.0,908045729.6306497,373371.21558019996,2834188516.6755214,1498423.0,2.254483790385446,651702.0,198698630166.11456,50.0,,,,
2025-02-16 00:00:00+00:00,439616.0,300091.0,856968157.3389257,422538.15789939987,2372547536.0734653,1003977.0,2.2219614753167987,607272.0,198577371056.23706,54.0,,,,
2025-02-17 00:00:00+00:00,481661.0,333466.0,777514155.996244,592691.9029697402,5508831135.639191,17496613.5,2.212551004856131,722465.0,198752659900.38702,51.0,,,15.37,
2025-02-18 00:00:00+00:00,505135.0,422709.0,794540013.4268184,449253.83348872,7844099152.227246,12350957.5,2.2037234329299973,752996.0,199590252965.8769,47.0,6129.58,127.2906,15.35,4.55
2025-02-19 00:00:00+00:00,504104.0,448569.0,715086012.0841366,492968.76041382004,7977877909.42433,27151078.5,2.23047321584031,680832.0,199604673448.24918,44.0,6144.15,127.7317,15.27,4.53
2025-02-20 00:00:00+00:00,528372.0,480465.0,737787155.324903,522250.7236288399,7693600250.556907,39196243.0,2.269163375900631,692965.0,199515996406.16565,49.0,6117.52,127.1126,15.66,4.5
2025-02-21 00:00:00+00:00,539520.0,459909.0,732111869.5147113,553604.7410821202,11713054420.955343,57964169.0,2.2145337837142764,718521.0,200441356915.98813,55.0,6013.13,127.1408,18.21,4.42
2025-02-22 00:00:00+00:00,481128.0,551849.0,788864727.616627,615787.85286019,9079926698.565578,64653230.5,2.2259723481715947,629577.0,200419791277.66666,49.0,,,,
2025-02-23 00:00:00+00:00,401327.0,572814.0,728533880.978175,1104594.26034413,4160757626.3135962,81160958.0,2.213616967746432,515136.0,200334018451.51984,50.0,,,,
2025-02-24 00:00:00+00:00,502390.0,514086.0,714530229.8374169,1324221.5793958597,7539058256.821985,73525045.5,2.116419481382366,713984.0,199904553378.95117,49.0,5983.25,127.1921,18.98,4.4
2025-02-25 00:00:00+00:00,593036.0,497063.0,807968798.3546175,1031758.7779416502,19880185672.637268,77877396.0,2.0450571925613175,837361.0,199454511769.04144,25.0,5955.25,127.3752,19.43,4.3
2025-02-26 00:00:00+00:00,551544.0,403575.0,862932662.1882651,955242.9853309998,16676247403.02854,75385671.5,1.9371568882829038,827083.0,199344934432.96594,21.0,5956.06,127.2822,19.1,4.25
2025-02-27 00:00:00+00:00,559897.0,325162.0,824457957.5047117,716997.57229647,13035391292.900713,55106537.5,1.9512523008535438,890859.0,198827793229.7837,10.0,5861.57,127.9704,21.13,4.29
2025-02-28 00:00:00+00:00,639073.0,386183.0,857436275.8049003,540598.6735201897,14082883082.188152,48403869.5,1.9428821960052791,915297.0,198247572631.56635,16.0,5954.5,128.2805,19.63,4.24
2025-03-01 00:00:00+00:00,537837.0,290895.0,791479639.2045234,495829.89710352995,4440543779.655316,32564706.0,1.979772195615528,796043.0,198545158448.98242,20.0,,,,
2025-03-02 00:00:00+00:00,502728.0,264912.0,692544684.3039575,490301.3693430699,6026981353.715553,55354805.5,2.17233527887869,691454.0,199572654431.4339,26.0,,,,
2025-03-03 00:00:00+00:00,574113.0,374224.0,824457957.5047117,551904.4312006895,13059040343.29221,49274078.5,1.9890487557357124,804674.0,199242295668.9236,33.0,5849.72,127.75,22.78,4.16
2025-03-04 00:00:00+00:00,572405.0,304773.0,802472411.9712528,445619.1520341299,9413786977.94864,45155300.0,2.011926611190173,752956.0,199787118930.61243,15.0,5778.15,127.9966,23.51,4.22
2025-03-05 00:00:00+00:00,553079.0,309176.0,736515775.3708757,438945.1886964701,7517911103.3842125,40750305.5,2.085499742580572,735786.0,200053450141.83862,20.0,5842.63,126.504,21.93,4.28
2025-03-06 00:00:00+00:00,582749.0,370349.0,934385685.1720064,472543.45773620997,8439668480.765515,17748498.5,2.074588033844596,825264.0,200409272487.2185,25.0,5738.52,126.1099,24.87,4.29
2025-03-07 00:00:00+00:00,575233.0,313588.0,780486866.4377937,501654.24721587,10112854701.343702,24749745.0,1.990605455895191,863520.0,201234709315.75452,34.0,5770.2,125.9814,23.37,4.32
2025-03-08 00:00:00+00:00,490884.0,292451.0,753004934.5209701,376286.9169784801,2510243357.318507,15262066.0,1.9817025600012972,673352.0,201208438263.46545,28.0,,,,
2025-03-09 00:00:00+00:00,468931.0,300380.0,878012411.8108668,373290.0623379,3291100083.832311,6494653.0,1.8553174468191107,664954.0,201173949373.511,27.0,,,,
2025-03-10 00:00:00+00:00,561710.0,446224.0,858547242.188255,431204.50711145,11665904508.07828,11060178.0,1.8183074680565463,800739.0,200844934111.7175,20.0,5614.56,126.268,27.86,4.22
2025-03-11 00:00:00+00:00,555242.0,376740.0,769347528.7141508,491092.6905288198,10558772838.912882,11226283.5,1.9029557814450992,782819.0,201293244230.2785,24.0,5572.07,126.0457,26.92,4.28
2025-03-12 00:00:00+00:00,537118.0,428828.0,852972260.0961236,434808.90392334,11244575402.619507,10900329.5,1.9218834269936982,745460.0,201400826973.83292,34.0,5599.3,125.8664,24.23,4.32
2025-03-13 00:00:00+00:00,548028.0,532638.0,886422152.6489124,473207.46943223,11652599979.206436,7992266.0,1.864334615532672,764889.0,201468902691.30725,45.0,5521.52,126.0031,24.66,4.27
2025-03-14 00:00:00+00:00,558542.0,439189.0,791647457.0826768,454659.0312604201,7688923936.964859,17447809.5,1.9320354593333133,779781.0,201779741414.0818,27.0,5638.94,125.6942,21.77,4.31
2025-03-15 00:00:00+00:00,483792.0,473428.0,735897636.1613616,416697.2276046997,2025237248.2558634,18757611.5,1.9374873260847636,663845.0,201707010692.68155,46.0,,,,
2025-03-16 00:00:00+00:00,440114.0,471115.0,808372403.3590714,358729.8846870399,2461022384.446573,21698842.0,1.894746119450727,682615.0,201606947466.8178,30.0,,,,
2025-03-17 00:00:00+00:00,511394.0,380493.0,780497492.8984137,392245.8146355099,6958311355.184736,15738654.0,1.9296028955456381,777796.0,202173441244.5703,32.0,5675.12,125.3688,20.51,4.31
2025-03-18 00:00:00+00:00,520296.0,369237.0,791647457.0826768,372948.26797878003,5673415289.209962,7169658.5,1.8989060236861497,728748.0,202135184471.10327,34.0,5614.66,125.488,21.7,4.29
2025-03-19 00:00:00+00:00,523412.0,441661.0,847397278.0039921,446020.5903044902,7323070307.706748,50175576.0,1.9911932421344407,757656.0,203650424710.39285,32.0,5675.29,125.8006,19.9,4.25
2025-03-20 00:00:00+00:00,538832.0,337973.0,791647457.0826768,466676.7979762798,9374758746.042683,43443065.0,1.929826803780835,813034.0,203576787355.21008,49.0,5662.89,125.985,19.8,4.24
2025-03-21 00:00:00+00:00,542213.0,321230.0,808372403.3590714,425220.86285867996,7154070651.931662,26101475.5,1.928165154014055,769088.0,203861797336.98553,31.0,5667.56,126.2679,19.28,4.25
2025-03-22 00:00:00+00:00,463442.0,413839.0,836247313.819729,826774.3008118098,2286075876.446249,12387871.0,1.9223588315764386,644074.0,203832649737.9893,32.0,,,,
2025-03-23 00:00:00+00:00,426406.0,533755.0,876571559.8921037,506644.8404538101,1789474661.2639942,21471940.5,1.966380986053732,610837.0,204026225743.39783,30.0,,,,
2025-03-24 00:00:00+00:00,542968.0,483673.0,870857131.0489082,540511.0579619901,7684100097.406544,26698747.0,2.0008793939408274,809888.0,203794266472.96182,45.0,5767.57,126.1956,17.48,4.34
2025-03-25 00:00:00+00:00,537123.0,505859.0,842582548.8719956,1154144.70473723,10116621776.142765,27079677.0,2.0026741040033817,725387.0,204364014191.08524,46.0,5776.65,126.0535,17.15,4.31
2025-03-26 00:00:00+00:00,551045.0,515068.0,859547298.1781431,851926.7443042396,9664047436.944172,25121450.5,1.9885114032158295,759292.0,204248121647.95758,47.0,5712.2,126.2364,18.33,4.35
2025-03-27 00:00:00+00:00,546963.0,437476.0,836927632.4366131,461729.40509742993,7526149332.700574,23737560.5,1.996709094176898,778898.0,204364347074.53082,40.0,5693.31,126.3626,18.69,4.38
2025-03-28 00:00:00+00:00,555512.0,397685.0,870857131.0489082,529161.47836341,12048485791.401278,24142715.0,1.9282823462091283,830965.0,205370323395.45557,44.0,5580.94,126.4187,21.65,4.27
2025-03-29 00:00:00+00:00,491096.0,290139.0,797343217.3889353,350287.35340745986,5091286087.469017,11507237.5,1.8872433668233977,665765.0,205256837428.43378,26.0,,,,
2025-03-30 00:00:00+00:00,448720.0,305206.0,774723551.6474054,261504.28773605992,3254782225.1719213,399876.5,1.881216185430681,611195.0,205180586088.01428,32.0,,,,
2025-03-31 00:00:00+00:00,536233.0,318279.0,836927632.4366131,406290.01634412986,9821678609.988209,1607086.0,1.8870880493017759,770064.0,205905411868.8051,34.0,5611.85,126.7075,22.28,4.23
2025-04-01 00:00:00+00:00,577515.0,356323.0,763413718.7766403,367011.18618516,6557955353.679704,3313184.0,1.9500766862141923,807365.0,206235187402.5536,34.0,5633.07,126.4338,21.77,4.17
2025-04-02 00:00:00+00:00,561041.0,399055.0,972645626.8857933,382633.7662005602,9548511632.805397,1315316.0,1.8882773504046593,769838.0,206616819422.44736,44.0,5670.97,126.3811,21.51,4.2
2025-04-03 00:00:00+00:00,576015.0,392043.0,859547298.1781431,487364.28589320986,11835707286.54347,1310171.5,1.8941542618128036,792583.0,206815115110.88043,25.0,5396.52,124.7316,30.02,4.06
2025-04-04 00:00:00+00:00,568203.0,429861.0,1017884958.3688537,463514.2218520199,8780468949.850952,1670214.0,1.9126673444102584,820433.0,206489227209.8828,28.0,5074.08,125.8129,45.31,4.01
2025-04-05 00:00:00+00:00,491185.0,293474.0,948981343.907835,361658.42975653004,3868108851.8407145,3488088.0,1.9016833447333794,736838.0,206502671116.57025,30.0,,,,
2025-04-06 00:00:00+00:00,468285.0,279475.0,875826848.0097468,355198.7232433498,4346039061.740272,439177.0,1.7801240635878879,645459.0,206249353657.86432,34.0,,,,
2025-04-07 00:00:00+00:00,561612.0,309387.0,875826848.0097468,518452.2283551499,12325031990.720432,997706.5,1.8128169226747144,791618.0,206009268624.2378,23.0,5062.25,126.8282,46.98,4.15
2025-04-08 00:00:00+00:00,560881.0,363972.0,924148329.2792498,623524.52931031,7889160738.948145,245264.5,1.7439655745926916,736263.0,205959806958.53265,24.0,4982.77,126.8668,52.33,4.26
2025-04-09 00:00:00+00:00,553980.0,317312.0,791264255.7881161,440580.4587331202,10619510422.057436,2788970.5,1.8872309635239621,743091.0,206848896544.70496,18.0,5456.9,126.628,33.62,4.34
2025-04-10 00:00:00+00:00,559681.0,322464.0,869786662.851059,428405.2023800301,8272452338.091592,183192.5,1.8147281216378452,745006.0,206714314013.50543,39.0,5268.05,125.089,40.72,4.4
2025-04-11 00:00:00+00:00,574941.0,405030.0,893947403.4858105,633568.68922859,10441636973.743479,1713171.5,1.9005276237422863,762968.0,207036025993.66965,25.0,5363.36,124.0163,37.56,4.48
2025-04-12 00:00:00+00:00,504593.0,409511.0,869786662.851059,454913.67911211,3199768362.3695993,1311766.0,1.9432833469455524,651244.0,206269153081.72736,43.0,,,,
2025-04-13 00:00:00+00:00,462177.0,455139.0,1038911847.2943201,366458.4073795598,2872917277.051721,1207144.5,1.9039218772421993,599557.0,206194791930.4555,45.0,,,,
2025-04-14 00:00:00+00:00,531419.0,441688.0,899987588.6444983,535902.4262657699,7327920945.142364,1215366.0,1.9262023235820704,731158.0,206360867839.4959,31.0,5405.97,123.6598,30.89,4.38
2025-04-15 00:00:00+00:00,547445.0,442899.0,869786662.851059,490833.9115476801,6411287873.065953,7824854.0,1.9071370551656621,764894.0,206351247184.852,38.0,5396.63,123.776,30.12,4.35
2025-04-16 00:00:00+00:00,543869.0,507129.0,893947403.4858105,492491.20985720976,9044954451.20895,1314306.5,1.9172708051026972,715957.0,206509024142.75122,29.0,5275.7,123.2724,32.64,4.29
2025-04-17 00:00:00+00:00,545464.0,557181.0,924148329.2792498,507930.75468961993,7817372046.315234,2855852.5,1.9396573992306128,734302.0,206756241303.71237,30.0,5282.7,123.1298,29.65,4.34
2025-04-18 00:00:00+00:00,515292.0,508733.0,821465181.5815556,447488.75117253023,3870953753.6277747,7104244.5,1.927799316975245,669757.0,206657696445.31738,33.0,,122.9865,,
2025-04-19 00:00:00+00:00,471006.0,545076.0,847396221.1293446,542196.8055323699,2510500478.902752,18412021.0,1.9434572717156722,618431.0,206633583578.89734,32.0,,,,
2025-04-20 00:00:00+00:00,423502.0,468737.0,753499802.4397362,463903.8264809299,2232630980.687477,12756951.5,1.9426378432392224,563502.0,206627391767.46356,37.0,,,,
2025-04-21 00:00:00+00:00,493498.0,444986.0,771877846.401681,570686.15834004,7961048503.294534,11942687.0,1.9927995689339313,680575.0,206352416371.3945,39.0,5158.2,122.3145,33.82,4.42
2025-04-22 00:00:00+00:00,569473.0,518267.0,949532271.367147,562205.1478922802,12491830345.924187,6139516.5,2.1282639230663345,792265.0,208184181314.38452,47.0,5287.76,122.4175,30.57,4.41
2025-04-23 00:00:00+00:00,546333.0,418203.0,698365670.5539016,1055502.0879452003,16200026210.79612,21673238.5,2.1261098636422497,716670.0,208294207291.59955,72.0,5375.86,123.0252,28.45,4.4
2025-04-24 00:00:00+00:00,569545.0,464739.0,863768066.2114046,833850.1592264704,14035201954.66458,9212075.5,2.126194044694234,771761.0,208674839928.43112,63.0,5484.77,122.9251,26.47,4.32
2025-04-25 00:00:00+00:00,595179.0,392451.0,882146110.1733494,581252.1772420799,17332578422.84961,17777117.0,2.139689228562994,818112.0,208671703304.31488,60.0,5525.21,122.8858,24.84,4.29
2025-04-26 00:00:00+00:00,486530.0,321357.0,814759948.9795519,417012.83151906996,4555887933.739448,4093620.5,2.1368454882429617,636351.0,208511413933.6773,65.0,,,,
2025-04-27 00:00:00+00:00,449536.0,441827.0,827011978.2875152,488094.3881503601,3888393605.9005857,11584931.0,2.116303078347162,614897.0,208344690128.40015,61.0,,,,
2025-04-28 00:00:00+00:00,513795.0,409765.0,863768066.2114046,625990.3118483697,11534611913.428812,8003082.5,2.1414599497479094,801464.0,209465593095.07483,54.0,5528.75,122.7176,25.15,4.23
2025-04-29 00:00:00+00:00,526876.0,467725.0,894398139.4813126,586290.7508185599,12682042160.758211,18455199.5,2.1164915940420426,738376.0,211388608296.3144,60.0,5560.83,122.5944,24.17,4.19
2025-04-30 00:00:00+00:00,558028.0,350729.0,808633934.3255703,623770.59197384,8415953464.653325,20782298.5,2.117664419217392,797218.0,210869380515.2442,56.0,5569.06,122.5921,24.7,4.17
2025-05-01 00:00:00+00:00,555979.0,331199.0,827011978.2875152,528966.37337939,8742561243.010767,18555031.5,2.1635056908519745,783416.0,210844076620.25287,53.0,5604.14,123.1405,24.6,4.25
2025-05-02 00:00:00+00:00,613025.0,379268.0,974036329.9830736,544646.3104534501,10365219305.55276,7390518.5,2.1700257371132774,931165.0,210775988880.15186,67.0,5686.67,122.4962,22.68,4.33
2025-05-03 00:00:00+00:00,515130.0,389717.0,999957994.4593519,385497.43725185003,5780366401.056679,466270.5,2.148827641148182,686500.0,210694751133.12354,65.0,,,,
2025-05-04 00:00:00+00:00,446087.0,347977.0,823060870.7158544,334514.5621203102,2688789794.2843966,1737450.0,2.1136160468529854,613491.0,210696188943.20102,64.0,,,,
2025-05-05 00:00:00+00:00,531867.0,402262.0,1036227714.9300332,484021.07380679995,12316169616.315157,4033409.0,2.1198315170018898,758965.0,212007336838.66635,52.0,5650.38,122.2613,23.64,4.36
2025-05-06 00:00:00+00:00,526919.0,332218.0,817139569.4876828,494888.2490408398,9692283136.625355,5728167.0,2.1566030190508587,787857.0,211382589370.39374,59.0,5606.91,122.0417,24.76,4.3
2025-05-07 00:00:00+00:00,559340.0,343011.0,894116485.453914,643991.3230069705,8870488913.741823,5820652.5,2.1641775871229822,846613.0,212310635726.22385,67.0,5631.28,122.117,23.55,4.26
2025-05-08 00:00:00+00:00,592201.0,373813.0,941486895.2792871,654232.3650914,10352926922.70228,9136740.0,2.2908345636251912,852697.0,212038935446.03668,65.0,5663.94,122.7568,22.48,4.37
2025-05-09 00:00:00+00:00,603053.0,334543.0,828982171.944026,740344.1063171999,12000952154.164745,14640914.0,2.2831068959043845,863281.0,211805588386.07135,73.0,5659.91,122.5191,21.9,4.37
2025-05-10 00:00:00+00:00,503410.0,331074.0,888195184.2257423,458545.7441006002,3641552067.7514997,3780055.0,2.3179930154044754,664831.0,211852294094.69434,70.0,,,,
2025-05-11 00:00:00+00:00,467125.0,281756.0,882273882.9975705,359974.2583308002,4002446571.2172523,404202.0,2.30314847924649,615305.0,211882638945.5552,70.0,,,,
2025-05-12 00:00:00+00:00,532368.0,378285.0,858588678.0848842,1337858.4305335,10610173476.098167,1120473.5,2.276547512358493,758453.0,211646524531.4144,70.0,5844.19,123.4863,18.39,4.45
2025-05-13 00:00:00+00:00,534997.0,295785.0,769769159.6623099,648686.5022897999,12139989800.498348,11194868.0,2.2970209363653464,808191.0,211558712282.1523,70.0,5886.55,122.9583,18.22,4.49
2025-05-14 00:00:00+00:00,535430.0,326818.0,852667376.8567126,750408.0708874,9186120404.981548,3252816.0,2.2817352097814925,790244.0,211193933682.75305,73.0,5892.58,122.6746,18.62,4.53
2025-05-15 00:00:00+00:00,540779.0,374153.0,864509979.3130558,560354.7024723999,13310349561.179665,4619042.0,2.2793299047250057,754318.0,213139338998.5433,70.0,5916.93,122.8174,17.83,4.45
2025-05-16 00:00:00+00:00,539053.0,363786.0,805296967.0313396,1329330.0474345007,9260377548.058199,22787209.5,2.272925986368772,829195.0,213376345572.93265,71.0,5958.38,123.0737,17.24,4.43
2025-05-17 00:00:00+00:00,474173.0,291797.0,853317480.0820746,742545.6680776,3011615665.251809,2324081.5,2.263971398372875,740377.0,213278964634.51025,74.0,,,,
2025-05-18 00:00:00+00:00,432229.0,629314.0,979723251.2998109,617501.7654656001,4277222751.359123,13553845.5,2.3240704676353836,601421.0,212921598822.2323,74.0,,,,
2025-05-19 00:00:00+00:00,499650.0,585883.0,852722089.09428,717736.5100800002,11066325015.853483,18266838.5,2.309462953385517,718046.0,212931580153.87878,74.0,5963.6,122.4186,18.14,4.46
2025-05-20 00:00:00+00:00,536030.0,569769.0,895055809.829457,793317.9449028997,10861017407.833975,7131489.0,2.3328187609635207,739140.0,212936397636.2719,71.0,5940.46,122.3199,18.09,4.48
2025-05-21 00:00:00+00:00,567751.0,422191.0,870865112.2664988,854755.1769794,14775186534.55395,1692735.5,2.387132485847717,796779.0,213787164693.66287,70.0,5844.61,121.7496,20.87,4.58
2025-05-22 00:00:00+00:00,612816.0,467803.0,907151158.610936,880076.3629847002,16043204929.738068,10227759.5,2.4191148692725477,868642.0,214234508950.5152,72.0,5842.01,122.0429,20.28,4.54
2025-05-23 00:00:00+00:00,571289.0,444625.0,937389530.5646338,676572.4056335001,15409133940.94576,8889595.5,2.325244185229265,809410.0,214529463595.851,78.0,5802.82,121.3837,22.29,4.51
2025-05-24 00:00:00+00:00,500617.0,395420.0,852722089.09428,566093.4235664,5446155680.062743,492031.0,2.3375230632787902,644711.0,214555692279.18134,66.0,,,,
2025-05-25 00:00:00+00:00,442797.0,356355.0,913198833.0016756,445837.9939643001,3288796413.1677313,2124411.0,2.3575883785824456,625162.0,214713441062.2292,74.0,,,,
2025-05-26 00:00:00+00:00,516548.0,358290.0,925294181.7831548,562698.6657424,9216183401.120417,1101721.0,2.3615409622706873,745729.0,214716580886.8354,73.0,,,20.57,
2025-05-27 00:00:00+00:00,508812.0,422984.0,852722089.09428,633358.5255411002,12251387161.35873,11950246.0,2.3483230152239987,706571.0,214642100670.6375,74.0,5921.54,121.6099,18.96,4.43
2025-05-28 00:00:00+00:00,546095.0,541153.0,991818600.0812899,867462.2414546999,10535083488.500374,1340159.5,2.319565765914059,782052.0,214399770634.6034,71.0,5888.55,121.9888,19.31,4.47
2025-05-29 00:00:00+00:00,542154.0,382859.0,961580228.1275918,566762.9540955998,10341416369.58704,180615.0,2.269515917375292,765279.0,214184104710.28162,74.0,5912.17,121.5617,19.18,4.43
2025-05-30 00:00:00+00:00,594597.0,396232.0,937389530.5646338,622022.3958603998,12038234757.004648,461782.0,2.2301710388100866,834229.0,214338693683.2969,60.0,5911.69,121.7674,18.57,4.41
2025-05-31 00:00:00+00:00,506671.0,299392.0,1016284104.8877773,419534.49353160005,3219514300.9733295,742561.0,2.2453195179282552,711975.0,214237745634.30493,50.0,,,,
2025-06-01 00:00:00+00:00,452800.0,256072.0,839539043.1681639,363769.4805422,2705917037.3142548,1309499.0,2.2668244854256177,689965.0,214171631203.26215,56.0,,,,
2025-06-02 00:00:00+00:00,516152.0,346488.0,839539043.1681639,499806.63066120003,12666100367.852962,1476073.0,2.263174032245519,771787.0,214288371286.27472,64.0,5935.94,121.1881,18.36,4.46
2025-06-03 00:00:00+00:00,560813.0,358895.0,908974603.1294405,508470.03912729985,11439289120.522953,4077689.0,2.249049850630191,864048.0,214796718039.54352,64.0,5970.37,121.4592,17.69,4.46
2025-06-04 00:00:00+00:00,545490.0,337037.0,795352777.73826,496235.1862085999,13646987293.23523,250402.5,2.2306295386760513,720304.0,214798421824.84457,62.0,5970.81,121.0539,17.61,4.37
2025-06-05 00:00:00+00:00,562558.0,320509.0,845851366.801007,506746.2234307999,10550534159.238892,167845.0,2.1644219757163037,781431.0,214332599740.3405,57.0,5939.3,120.9596,18.48,4.4
2025-06-06 00:00:00+00:00,543873.0,298643.0,845851366.801007,460534.6992896,11455561872.615784,1806655.0,2.221377259248508,781673.0,214533826387.48068,45.0,6000.36,121.161,16.77,4.51
2025-06-07 00:00:00+00:00,473987.0,290718.0,902662279.4965969,345801.8546332,3677820071.5810657,600437.5,2.246857184421021,653737.0,214468178817.85718,52.0,,,,
2025-06-08 00:00:00+00:00,436494.0,307505.0,965785515.8250304,335156.9307199001,2364440624.399593,2000727.0,2.2465926766265145,611460.0,214424257823.7462,62.0,,,,
2025-06-09 00:00:00+00:00,506842.0,361275.0,883725308.5980667,535624.7926309,9265964068.03982,8991339.5,2.3383291419548384,744523.0,215243688164.23825,62.0,6005.88,120.9103,17.16,4.49
2025-06-10 00:00:00+00:00,558332.0,428797.0,1066782693.9505239,585255.5890405998,11196025800.767021,1583733.5,2.3319943207037923,824315.0,215187014997.95352,71.0,6038.81,121.0485,16.95,4.47
2025-06-11 00:00:00+00:00,519320.0,347263.0,890037632.2309102,521050.4826344001,8722630197.219322,5209541.0,2.2994649025476215,755087.0,215424957235.12888,72.0,6022.24,120.587,17.26,4.41
2025-06-12 00:00:00+00:00,549165.0,425413.0,934223897.6608136,522331.18482560024,6376367919.772322,4197991.5,2.2419620475504867,780705.0,215511919834.62674,71.0,6045.26,120.1723,18.02,4.36
2025-06-13 00:00:00+00:00,567837.0,351499.0,915286926.7622839,695983.8000974999,11515533272.179176,5481833.5,2.2394272436628913,811764.0,216273839636.64368,61.0,5976.97,120.3245,20.82,4.41
2025-06-14 00:00:00+00:00,474984.0,273850.0,949216466.5546213,323387.4732385,3885367331.7677402,410440.5,2.227143824699812,631338.0,216215286433.97162,63.0,,,,
2025-06-15 00:00:00+00:00,439669.0,281934.0,854616743.0404905,279163.9849396,3155873881.1872916,446883.0,2.227219971359887,599893.0,216154774919.37357,60.0,,,,
2025-06-16 00:00:00+00:00,527740.0,361092.0,917456209.4405266,528005.8329406,11917602155.905172,2688756.0,2.258771912231857,722329.0,216149731253.8965,61.0,6033.11,120.1565,19.11,4.46
2025-06-17 00:00:00+00:00,518441.0,354536.0,741505703.5204258,662702.1111968999,9427005107.909824,2500788.5,2.2032072026463054,712578.0,215966817233.76318,68.0,5982.72,120.5048,21.6,4.39
2025-06-18 00:00:00+00:00,526045.0,441317.0,879752529.6005048,731544.3573622007,10252024346.377224,1226889.5,2.20581725377894,751671.0,216897685789.17987,52.0,5980.87,120.7305,20.14,4.38
2025-06-19 00:00:00+00:00,501017.0,308332.0,798061223.2804582,531498.8395316002,5255470077.15392,8304428.5,2.202308074044105,716269.0,216741740620.94424,57.0,,,22.17,
2025-06-20 00:00:00+00:00,543938.0,353459.0,948875942.6405447,551551.1783548995,8671147096.782238,2416415.5,2.1712340906871987,778947.0,216556714678.8744,54.0,5967.84,121.0408,20.62,4.38
2025-06-21 00:00:00+00:00,455627.0,309613.0,886036476.2405084,366032.1573706999,3272164417.8679485,639046.0,2.1341088047568837,658427.0,216613622064.477,49.0,,,,
2025-06-22 00:00:00+00:00,434126.0,265421.0,672382290.480386,281784.87487829,5215828659.9633255,650318.0,2.1199152283858615,595271.0,218501169974.15228,42.0,,,,
2025-06-23 00:00:00+00:00,477910.0,290678.0,672382290.480386,500511.41322129994,9641640710.702705,19243873.0,2.2134869832042128,691705.0,218877783784.5982,47.0,6025.17,121.1694,19.83,4.34
2025-06-24 00:00:00+00:00,498971.0,279124.0,735221756.880422,650303.8123115003,,9946705.5,2.220349702793955,757208.0,219211549266.89575,65.0,6092.18,120.3645,17.48,4.3
2025-06-25 00:00:00+00:00,516000.0,387919.0,898604369.5205159,515300.35969530005,11874525132.589663,4321735.5,2.2450664068043222,748961.0,219008996424.70502,66.0,6092.16,120.3336,16.76,4.29
2025-06-26 00:00:00+00:00,540682.0,504341.0,986579622.4805663,814808.0701758,11793948204.87055,13913711.5,2.2341438252792543,764181.0,218996185648.81268,74.0,6141.02,119.6451,16.59,4.26
2025-06-27 00:00:00+00:00,524379.0,335434.0,722653863.6004148,475865.85564289987,12887703108.271957,15165905.5,2.2307257878946083,731987.0,218917169526.1293,65.0,6173.07,119.659,16.32,4.29
2025-06-28 00:00:00+00:00,457275.0,388943.0,911172262.800523,416662.6058298999,3336314161.1267157,1492600.0,2.2355962704995864,636115.0,218852256947.15372,65.0,,,,
2025-06-29 00:00:00+00:00,442209.0,380608.0,995260121.1336331,309792.07713770005,3488152854.034,333745.5,2.255148786868359,545712.0,218756061572.37772,68.0,,,,
2025-06-30 00:00:00+00:00,521131.0,339268.0,843035679.3574839,455555.37119860004,14136311601.559845,2347103.0,2.224449219216365,759866.0,218829403397.5285,66.0,6204.95,119.4088,16.73,4.24
2025-07-01 00:00:00+00:00,542508.0,325613.0,779081248.5096745,448379.03791420016,7525873041.10213,3524763.0,2.190371437932748,796482.0,218807052255.9967,64.0,6198.01,119.3436,16.83,4.26
2025-07-02 00:00:00+00:00,572880.0,366147.0,889547992.701345,491126.5067342001,9829934492.062973,569015.5,2.2572933277993874,794995.0,218906832638.51953,63.0,6227.42,119.3037,16.64,4.3
2025-07-03 00:00:00+00:00,571346.0,361041.0,877919914.3653797,465979.5033646,11161785740.783573,2676262.5,2.2682210955541695,798168.0,220229845936.86017,73.0,6279.35,119.2382,16.38,4.35
2025-07-04 00:00:00+00:00,527167.0,366873.0,924432227.709241,366497.50840610015,16598074235.295662,988271.5,2.215345083660493,693948.0,220165303235.62933,73.0,,,17.48,
2025-07-05 00:00:00+00:00,426226.0,427456.0,912804149.3732755,332567.09397260007,2818051738.286806,5837801.5,2.2180745576921685,561792.0,220211240635.605,67.0,,,,
2025-07-06 00:00:00+00:00,436195.0,506401.0,930246266.8772235,435562.5404212,2856385887.529106,583971.5,2.236333996776805,613042.0,220201585363.33636,66.0,,,,
2025-07-07 00:00:00+00:00,493343.0,360355.0,877919914.3653797,440246.9788941,9758779721.625797,11771415.0,2.2137003448829926,686261.0,220045057214.29117,73.0,6229.98,119.6201,17.79,4.4
2025-07-08 00:00:00+00:00,521277.0,354753.0,825593561.8535358,504048.44171439996,8193896030.848373,1740815.5,2.2241472452865456,795709.0,220130849815.6396,65.0,6225.52,119.8371,16.81,4.42
2025-07-09 00:00:00+00:00,542076.0,444726.0,953502423.549154,541491.1659896998,7732968413.466436,2780360.5,2.268230580456622,779022.0,220538881850.14713,66.0,6263.26,119.7311,15.94,4.34
2025-07-10 00:00:00+00:00,605456.0,446575.0,994200697.7250328,558278.2768032,11593476507.743673,384446.5,2.3546017983970526,829216.0,221894341577.77057,71.0,6280.46,119.8343,15.78,4.35
2025-07-11 00:00:00+00:00,626638.0,408758.0,872105875.197397,648253.1650886001,17966579616.717262,971598.5,2.38212290459618,845548.0,222429132846.67896,71.0,6259.75,119.9214,16.4,4.43
2025-07-12 00:00:00+00:00,501978.0,395744.0,918141001.6128464,475590.08132749953,7065294773.538602,285188.5,2.37341147249211,673470.0,222489899951.14703,79.0,,,,
2025-07-13 00:00:00+00:00,466718.0,399761.0,859946006.057642,503048.4325394998,4554222640.881363,5159015.5,2.4017092198498973,655163.0,222545216995.82806,74.0,,,,
2025-07-14 00:00:00+00:00,598435.0,457360.0,910161831.228891,707845.2244780998,28379995376.52119,910988.0,2.4125084332311304,797345.0,222313783673.12842,74.0,6268.56,120.2209,17.2,4.43
2025-07-15 00:00:00+00:00,560371.0,418737.0,1029424416.010608,494649.97886509984,25653677929.517857,2194271.0,2.3641951149221963,753728.0,221138219549.8286,73.0,6243.76,120.5105,17.38,4.5
2025-07-16 00:00:00+00:00,542511.0,399196.0,822284137.1792051,539026.658809,15318731737.294672,11062049.0,2.368875124533446,735726.0,224309971743.5114,70.0,6263.7,120.4175,17.16,4.46
2025-07-17 00:00:00+00:00,594592.0,433844.0,853669027.9112357,759875.8270961998,29735820375.44461,1516265.5,2.3749858049492363,811618.0,226867526852.64322,74.0,6297.36,120.6384,16.52,4.47
2025-07-18 00:00:00+00:00,580677.0,452162.0,903884853.0824848,555282.9509184998,17065964092.484245,415891.5,2.340384009446915,757713.0,227213405991.4084,73.0,6296.79,120.356,16.41,4.44
2025-07-19 00:00:00+00:00,477264.0,426040.0,891330896.7896729,527824.4994325002,6034792021.890069,2570914.5,2.336414214135971,655287.0,226943575890.9021,74.0,,,,
2025-07-20 00:00:00+00:00,455280.0,414919.0,935269743.8145157,373225.6475633999,3737438458.7072406,470251.5,2.323370138320551,625098.0,226732234713.07898,72.0,,,,
2025-07-21 00:00:00+00:00,537794.0,384438.0,941546721.960922,503624.6106511,14562334193.0149,1139064.5,2.3218439654227243,733805.0,226776028669.45905,71.0,6305.6,119.9961,16.65,4.38
2025-07-22 00:00:00+00:00,519024.0,421750.0,941546721.960922,521343.4692966999,14170292447.359936,7467223.0,2.3670956161477066,730808.0,226677020312.78125,72.0,6309.62,119.681,16.5,4.35
2025-07-23 00:00:00+00:00,535701.0,366826.0,878776940.4968604,497337.5907055001,10879734897.830894,693981.0,2.334400354595592,738717.0,227288681870.6799,74.0,6358.91,119.5697,15.37,4.4
2025-07-24 00:00:00+00:00,528797.0,409736.0,922715787.5217032,1167863.0273503999,11261125234.19587,4684612.5,2.3257901969225427,719805.0,229712719124.55014,71.0,6363.35,119.5664,15.39,4.43
2025-07-25 00:00:00+00:00,577530.0,427905.0,1004316503.4249833,640284.2510954001,22820893392.68719,1077285.0,2.304027155259395,749904.0,228516997475.73633,70.0,6388.64,119.9857,14.93,4.4
2025-07-26 00:00:00+00:00,491132.0,573275.0,970032969.1338755,504849.25492689974,4964932334.15206,516373.0,2.3118305041157874,652309.0,228553010249.89105,72.0,,,,
2025-07-27 00:00:00+00:00,457112.0,472894.0,869131963.3112651,503102.1029167001,3373298830.617135,151510.5,2.3388539623352456,615345.0,228486300767.92236,73.0,,,,
2025-07-28 00:00:00+00:00,529385.0,502252.0,919884194.7454995,523055.56434399995,12934438036.770037,4986365.0,2.3084821087206895,728095.0,228976088732.0249,75.0,6389.77,120.6149,15.03,4.42
2025-07-29 00:00:00+00:00,561483.0,350960.0,710531240.0792824,616889.9551534996,13288768254.758938,1863689.0,2.3014237166265827,715626.0,228719906326.2341,73.0,6370.86,120.9674,15.98,4.34
2025-07-30 00:00:00+00:00,554145.0,423333.0,869131963.3112651,501456.5726224999,10499712187.637215,1862587.0,2.2955727612124828,733090.0,229370793640.44403,74.0,6362.9,121.4042,15.48,4.38
2025-07-31 00:00:00+00:00,584264.0,485215.0,976980455.1090133,469306.96322790015,9759826295.827438,982594.5,2.2576734658479003,752871.0,229407817585.44202,72.0,6339.39,121.721,16.72,4.37
2025-08-01 00:00:00+00:00,636772.0,400385.0,957948368.3211753,650735.3773200996,15497763392.271341,5147981.5,2.2070884136924738,838177.0,229575216186.09534,65.0,6238.01,121.2122,20.38,4.23
2025-08-02 00:00:00+00:00,526686.0,309743.0,919884194.7454995,469641.7091407004,3157274637.0232015,19742413.0,2.1923149563631275,693800.0,229435373352.30093,55.0,,,,
2025-08-03 00:00:00+00:00,462597.0,283479.0,983324484.0382924,354102.4855785996,3752362442.6492014,574196.5,2.2240971442941064,621756.0,229520194860.18228,53.0,,,,
2025-08-04 00:00:00+00:00,542397.0,443301.0,1084828946.9067616,391000.8551261003,11845762258.67677,501236.5,2.240631105189466,728238.0,229833871381.947,64.0,6329.94,120.9859,17.52,4.22
2025-08-05 00:00:00+00:00,569616.0,411399.0,875475992.2405444,419262.03134079993,9313301817.800478,1115942.5,2.2178999959543493,798131.0,229907716045.70947,60.0,6299.19,120.9082,17.85,4.22
2025-08-06 00:00:00+00:00,665517.0,496208.0,913540165.8162203,675583.1462656002,7655906247.251752,2363624.0,2.2349723954934775,838450.0,230095949282.9668,54.0,6345.06,120.5082,16.77,4.22
2025-08-07 00:00:00+00:00,634516.0,565200.0,1021388657.6139685,606753.4561265005,8976136352.994701,670348.5,2.2781308995532936,810557.0,229993345542.88702,62.0,6340.0,120.5043,16.57,4.23
2025-08-08 00:00:00+00:00,749938.0,474798.0,870485436.2761792,661202.0397023001,10640830372.69743,5855732.0,2.2621480824612368,960615.0,231091928269.10605,74.0,6389.45,120.3329,15.15,4.27
2025-08-09 00:00:00+00:00,591211.0,376121.0,746374213.3917352,537494.3760560004,3986623481.7432323,293419.5,2.2569920501462186,767705.0,231155149525.7931,67.0,,,,
2025-08-10 00:00:00+00:00,489536.0,400467.0,868625162.1369333,367168.20194830024,4258627456.3488636,400661.5,2.307419605120224,651290.0,230980706376.98212,69.0,,,,
2025-08-11 00:00:00+00:00,552696.0,449633.0,945836287.6602162,532546.2248090997,11718980185.323074,1918879.0,2.296376996154095,760684.0,231062595846.89413,70.0,6373.45,120.6892,16.25,4.27
2025-08-12 00:00:00+00:00,543783.0,367063.0,881493683.0574806,514602.6123685003,11498642440.824318,551610.5,2.320647620011929,721420.0,232038944844.53906,68.0,6445.76,120.2736,14.73,4.29
2025-08-13 00:00:00+00:00,562007.0,441094.0,1003744631.8026783,534109.5736517996,12888456394.703356,326072.5,2.379739102823155,753168.0,232751935386.7411,73.0,6466.58,120.13,14.49,4.24
2025-08-14 00:00:00+00:00,630373.0,484085.0,1042350194.56432,519827.2050705001,14413520594.360933,300732.0,2.2824160062100023,803997.0,233217004362.84076,75.0,6468.54,120.6446,14.83,4.29
2025-08-15 00:00:00+00:00,555918.0,430405.0,862190901.6766596,431323.5219931001,14017254389.700182,473184.5,2.25769289975179,734665.0,234794139508.474,60.0,6449.8,120.3377,15.09,4.33
2025-08-16 00:00:00+00:00,475351.0,401706.0,978007589.9615842,352155.73949159996,5504971480.001399,979413.5,2.2532741501991906,642573.0,234790657075.2326,56.0,,,,
2025-08-17 00:00:00+00:00,434867.0,440879.0,978007589.9615842,301652.2018775999,4633178834.210024,266477.0,2.2553050008051305,569807.0,234718699774.97363,64.0,,,,
2025-08-18 00:00:00+00:00,506163.0,478104.0,990876110.8821313,399097.2322444002,10854550547.181856,395123.5,2.229656237704237,701698.0,234905696648.5237,60.0,6449.15,120.5622,14.99,4.34
2025-08-19 00:00:00+00:00,508055.0,412417.0,862190901.6766596,388062.75295719993,14441863554.129673,2473128.0,2.162405961142789,670399.0,234263353085.25653,56.0,6411.37,120.7224,15.57,4.3
2025-08-20 00:00:00+00:00,534876.0,424869.0,907230724.8985746,396397.7700336002,11774848315.666763,3381693.0,2.187593393945847,726389.0,234623169805.6903,44.0,6395.78,120.7757,15.69,4.29
2025-08-21 00:00:00+00:00,536698.0,447767.0,958704808.5807632,364752.86292660004,14001832264.62955,343415.0,2.1500922222394157,702511.0,235124783535.66144,50.0,6370.17,121.0843,16.6,4.33
2025-08-22 00:00:00+00:00,559414.0,459717.0,939585701.641628,401414.8166953,15328705213.824976,1966831.5,2.2309603181709265,767825.0,235070851867.1942,50.0,6466.91,120.2774,14.22,4.26
2025-08-23 00:00:00+00:00,487009.0,467080.0,980001769.6141683,316111.6649729999,8101157832.036867,130549.0,2.2012721767196215,662164.0,234967412301.73853,60.0,,,,
2025-08-24 00:00:00+00:00,443678.0,525890.0,1057370330.3731811,266039.9594377,11032407922.931696,328622.0,2.167328504514984,610390.0,235062084675.0291,53.0,,,,
2025-08-25 00:00:00+00:00,525919.0,482127.0,909080588.9184059,326427.3828973001,11581188386.265312,923989.5,2.101608862718138,705894.0,235732562828.39005,47.0,6439.32,120.4214,14.79,4.28
2025-08-26 00:00:00+00:00,528702.0,456605.0,967107009.4876657,367907.75003929995,12519504863.175747,704656.5,2.1348985660008872,710999.0,236481554280.37054,48.0,6465.94,120.5274,14.62,4.26
2025-08-27 00:00:00+00:00,526965.0,499276.0,967107009.4876657,415229.94353500014,10326963402.219948,489102.5,2.1218251202374474,703023.0,237739224872.23618,51.0,6481.4,120.7274,14.85,4.24
2025-08-28 00:00:00+00:00,547915.0,575612.0,1025133430.0569257,378705.24455069995,10466099084.99234,280115.0,2.1427891220239426,696912.0,240601344693.44202,48.0,6501.86,120.2595,14.43,4.22
2025-08-29 00:00:00+00:00,597526.0,596157.0,1063817710.4364324,389240.1652717001,23005469326.788795,472083.5,2.0585239707912053,777455.0,241264227348.87283,50.0,6460.26,120.2082,15.36,4.23
2025-08-30 00:00:00+00:00,495905.0,628513.0,1018686049.9936746,358535.09255500004,9170965525.438213,542812.5,2.063022252855391,633372.0,242251937520.7838,39.0,,,,
2025-08-31 00:00:00+00:00,446532.0,472908.0,851054168.3491462,328571.2197002999,4626001308.177331,495042.5,2.054653984489101,579281.0,242210136750.87936,48.0,,,,
2025-09-01 00:00:00+00:00,521197.0,598757.0,1038028190.1834283,1061076.3818421,9872635249.510498,281482.0,2.0664722780336136,724476.0,242061190943.26633,46.0,,,16.12,
2025-09-02 00:00:00+00:00,544795.0,592659.0,1050922950.3099302,568811.1251085999,11472795453.89586,369718.0,2.1061331661206095,741440.0,242350773619.98938,49.0,6415.54,120.6837,17.17,4.28
2025-09-03 00:00:00+00:00,541497.0,411173.0,883291068.6654017,708711.0561256002,10987680372.68799,6488822.0,2.117352868701102,757257.0,243115511020.3128,55.0,6448.26,120.5052,16.35,4.22
2025-09-04 00:00:00+00:00,540435.0,395181.0,902633208.8551546,545663.6007904,10787959326.746689,5363332.5,2.0988399671512004,768977.0,244868668094.9992,51.0,6502.08,120.7629,15.3,4.17
2025-09-05 00:00:00+00:00,587857.0,416432.0,957592801.7399701,798578.5719341001,12937939673.7636,453852.0,2.0909910896315393,811569.0,244912325150.85297,48.0,6481.5,120.1282,15.18,4.1
2025-09-06 00:00:00+00:00,481276.0,441035.0,946761026.3534616,404443.3593802001,3437337619.6244116,200475.0,2.081547548704114,613246.0,244895696465.6529,48.0,,,,
2025-09-07 00:00:00+00:00,458587.0,586276.0,1041437128.988808,358999.4006492001,2596166281.3931866,1707562.5,2.1007955085878978,594567.0,244802900643.49948,44.0,,,,
2025-09-08 00:00:00+00:00,511832.0,567934.0,1082012601.5468137,462264.6082519997,7661404614.42701,2056004.5,2.114485395928852,732824.0,244724312619.8136,51.0,6495.15,120.0971,15.11,4.05
2025-09-09 00:00:00+00:00,549610.0,619514.0,1129350652.8644862,518603.9156243999,10652209784.065067,468417.5,2.1019000165432096,725526.0,245008224892.45648,48.0,6512.61,120.1569,15.04,4.08
2025-09-10 00:00:00+00:00,542027.0,643239.0,1149638389.1434891,461436.58874749986,11031790195.23848,112448.5,2.145924375428194,687721.0,244568431600.37152,49.0,6532.04,120.1223,15.35,4.04
2025-09-11 00:00:00+00:00,537753.0,598468.0,1014386813.9501374,471484.75869760005,12917697920.895584,281969.0,2.1718284060122492,722040.0,244921956205.76395,54.0,6587.47,119.9534,14.71,4.01
2025-09-12 00:00:00+00:00,543345.0,396513.0,811509451.1601102,581832.5587754002,13838292752.335754,4291544.5,2.1834524058125826,721666.0,246386147879.49908,57.0,6584.29,120.0611,14.76,4.06
2025-09-13 00:00:00+00:00,526152.0,533108.0,953523605.1131293,519236.1506937,5789043918.79074,1426074.0,2.178678922337634,684987.0,246605246620.30295,52.0,,,,
2025-09-14 00:00:00+00:00,494770.0,534198.0,1034674550.2291405,368009.7275761001,3898286436.661168,2308017.5,2.1673601179200923,646063.0,247521931014.23022,55.0,,,,
2025-09-15 00:00:00+00:00,549560.0,535154.0,1102300337.8258162,510972.2694737,12687401399.611538,1277536.5,2.1656665085615017,773239.0,247772791434.08362,53.0,6615.28,119.5644,15.69,4.05
2025-09-16 00:00:00+00:00,546260.0,536633.0,1082012601.5468137,490850.8565477003,11014563418.224216,478771.0,2.1888797241350617,747555.0,246093600281.72528,52.0,6606.76,119.1348,16.36,4.04
2025-09-17 00:00:00+00:00,517428.0,362913.0,865610081.2374508,653712.1029144007,12962249455.147718,341783.5,2.1818070259413114,698218.0,246087365768.29886,53.0,6600.35,119.1582,15.72,4.06
2025-09-18 00:00:00+00:00,536964.0,448521.0,1087599379.1411881,443633.31275339995,13510976822.137205,1105440.0,2.1884252567803575,729042.0,247193204949.67664,52.0,6631.96,119.6616,15.7,4.11
2025-09-19 00:00:00+00:00,553195.0,478312.0,1188749380.7897809,448216.6315988001,11918810025.118149,356616.5,2.1584515968726663,759748.0,248048309998.28497,53.0,6664.36,119.7858,15.45,4.14
2025-09-20 00:00:00+00:00,535837.0,498549.0,1082611043.2192645,383200.9366258,6506869820.089035,8620811.0,2.1600824520314994,711626.0,247815387121.43854,48.0,,,,
2025-09-21 00:00:00+00:00,467555.0,513490.0,1146294045.7615743,350235.5522210002,3521336291.7833223,316745.0,2.1511992423053936,660574.0,247987708698.56778,49.0,,,,
2025-09-22 00:00:00+00:00,515742.0,456797.0,1061383375.7051616,384289.46025490004,15430507426.449467,927496.5,2.1030843290113816,747221.0,249240299330.41663,45.0,6693.75,119.8152,16.1,4.15
2025-09-23 00:00:00+00:00,506650.0,495947.0,1018928040.676955,315002.29749710014,13380103763.332317,1087414.5,2.0884207525288683,674195.0,249000370295.36816,43.0,6656.92,119.6202,16.64,4.12
2025-09-24 00:00:00+00:00,502339.0,522936.0,1082611043.2192645,325898.8374615002,11030120453.67821,247467.0,2.1098438050041244,682109.0,249255821922.54156,44.0,6637.97,120.1707,16.18,4.16
2025-09-25 00:00:00+00:00,542099.0,431725.0,997700373.1628518,369139.8622364001,14251956295.883837,464825.0,2.0312424703115273,741811.0,250797607555.15405,44.0,6604.72,120.5419,16.74,4.18
2025-09-26 00:00:00+00:00,553168.0,419078.0,934017370.6205422,462875.7653541,16962966523.57071,1560314.0,2.0392977420667635,728767.0,250139496476.44922,28.0,6643.7,120.4349,15.29,4.2
2025-09-27 00:00:00+00:00,484214.0,526116.0,1096762821.5620003,290799.4655221,5814233429.462753,438995.5,2.0384097258593887,635310.0,251025455140.32645,33.0,,,,
2025-09-28 00:00:00+00:00,458537.0,635424.0,1167521713.2756777,242668.76587620008,4533682940.126207,492467.0,2.0843982136269275,652543.0,250774897744.80905,37.0,,,,
2025-09-29 00:00:00+00:00,521335.0,444460.0,990624483.9914839,384507.80065169994,12421806232.98834,468512.5,2.122720877587773,740289.0,250624345494.21478,50.0,6661.21,120.115,16.12,4.15
2025-09-30 00:00:00+00:00,561370.0,555361.0,1139218156.5902066,369839.2339656,18752461459.12848,261876.0,2.112807213335253,745290.0,251217777981.84644,50.0,6688.46,120.1368,16.28,4.16
2025-10-01 00:00:00+00:00,577245.0,473880.0,1076906913.283782,445924.8750690998,17914942537.91964,1252653.0,2.186155026712077,885196.0,251027706983.66754,49.0,6711.2,120.1502,16.29,4.12
2025-10-02 00:00:00+00:00,595776.0,381586.0,1019764936.475331,499207.39085600013,18501831007.64977,3043337.5,2.221772196583208,804780.0,253670810746.82092,64.0,6715.35,120.4296,16.63,4.1
2025-10-03 00:00:00+00:00,595427.0,387726.0,884796047.8241848,623247.9050022,23124603287.085655,8520153.0,2.249202943238196,797887.0,254576494900.5971,63.0,6715.79,120.0881,16.65,4.13
2025-10-04 00:00:00+00:00,544104.0,422031.0,1004768393.2918702,492482.63159900013,8476077417.44032,410586.5,2.247639041410611,743257.0,254387502037.44894,71.0,,,,
2025-10-05 00:00:00+00:00,497949.0,525372.0,1117242467.1678262,340594.4247624002,7752284226.2383795,225446.5,2.266766621760195,677933.0,254178764161.95596,74.0,,,,
2025-10-06 00:00:00+00:00,550307.0,431274.0,922287405.7828363,550428.6991212999,16874408670.71981,4465384.0,2.287145426879909,768110.0,254409350938.09912,71.0,6740.28,120.2722,16.37,4.18
2025-10-07 00:00:00+00:00,561921.0,430492.0,1034761479.6587919,500174.10223739984,19430972127.380543,1186902.0,2.2193474280974277,767705.0,254735126647.4962,70.0,6714.59,120.4884,17.24,4.14
2025-10-08 00:00:00+00:00,546778.0,427474.0,1109744195.5760958,425919.03106680006,19009027532.640343,552933.0,2.248606081441407,759929.0,254717343237.39807,60.0,6753.72,120.7766,16.3,4.13
2025-10-09 00:00:00+00:00,543331.0,367782.0,899792591.007645,462171.7589649,15183418026.848045,3447794.0,2.2125534313089377,719972.0,254951936185.23825,70.0,6735.11,121.0902,16.43,4.14
2025-10-10 00:00:00+00:00,584389.0,418155.0,989771850.1084098,478990.4619973998,15376547532.03535,4562943.5,2.070562788244427,745662.0,255382025218.83325,64.0,6552.51,121.1163,21.66,4.05
2025-10-11 00:00:00+00:00,546781.0,444087.0,1102245923.9843652,418045.2068587,13979800173.011082,258799.5,2.019478996261419,718136.0,255978732015.3977,27.0,,,,
2025-10-12 00:00:00+00:00,465507.0,463487.0,1087249380.8009045,275602.02803630015,5559262421.031401,298584.5,2.0951257451651712,695884.0,255728975121.53705,24.0,,,,
2025-10-13 00:00:00+00:00,504968.0,491572.0,1139737281.943017,333894.312807,9071959222.90638,370665.5,2.09746317757528,680803.0,256765703324.45642,38.0,6654.72,,19.03,
2025-10-14 00:00:00+00:00,524219.0,562791.0,1267207899.0024335,315279.0242428998,19576688920.433247,927563.0,2.056829337301677,706371.0,257344404719.82648,38.0,6644.31,121.1822,20.81,4.03
2025-10-15 00:00:00+00:00,542831.0,480244.0,1079751109.2091742,353243.26401499985,21854225093.273422,1143379.5,2.0058910258061653,695775.0,258039360817.10492,34.0,6671.06,120.8642,20.64,4.05
2025-10-16 00:00:00+00:00,556999.0,497400.0,1124278123.987008,349646.8778397999,13182320922.085176,927903.5,1.9578568178170297,740169.0,257831941145.54486,28.0,6629.07,120.6698,25.31,3.99
2025-10-17 00:00:00+00:00,591614.0,480068.0,1159633832.2093213,399373.58872860007,16097643605.953632,636742.5,1.9292830315776204,772447.0,258277908859.12903,22.0,6664.01,120.7028,20.78,4.02
2025-10-18 00:00:00+00:00,481991.0,564018.0,1203393599.4625034,273670.20738379983,5298430674.653136,515211.5,1.9381495183779993,608801.0,259098452262.3068,23.0,,,,
2025-10-19 00:00:00+00:00,443995.0,443253.0,1013767941.3653816,241178.7313501,5022667331.842184,974064.0,1.965929731213064,595209.0,259082772294.8753,29.0,,,,
2025-10-20 00:00:00+00:00,507550.0,424653.0,1086700886.7873514,374453.0123820998,11951029124.0078,271201.0,2.0002412420408935,679663.0,259070155230.34467,29.0,6735.13,120.6209,18.23,4.0
2025-10-21 00:00:00+00:00,538842.0,429039.0,1093994181.3295484,332576.3753977999,14951638311.044374,442277.0,1.9642552693241937,733522.0,260263600336.17773,34.0,6735.35,120.8895,17.87,3.98
2025-10-22 00:00:00+00:00,507518.0,489141.0,1115874064.956139,317578.9906706998,15261276545.144241,691261.0,1.9422693938130509,695833.0,260364981308.8739,25.0,6699.4,120.8958,18.6,3.97
2025-10-23 00:00:00+00:00,527286.0,426260.0,1035647824.9919723,293713.18176489987,12186213034.972124,261023.0,1.9838505829202955,679681.0,260326308527.3979,27.0,6738.44,120.9531,17.3,4.01
2025-10-24 00:00:00+00:00,546753.0,571212.0,1305499723.053261,330208.32755630004,12416172617.763527,102552.5,2.0002399703642184,734616.0,259991201805.5589,30.0,6791.69,120.9345,16.37,4.02
2025-10-25 00:00:00+00:00,461245.0,504399.0,1166927126.751518,250806.45133139985,4877663200.916018,322654.5,2.010123020095332,595504.0,259887305384.5376,37.0,,,,
2025-10-26 00:00:00+00:00,433092.0,521328.0,1072114297.7029574,231520.0224179998,6847085319.891039,1504985.0,2.061141989497095,584836.0,259780170985.36218,40.0,,,,
2025-10-27 00:00:00+00:00,522563.0,507349.0,1072114297.7029574,333297.5990335,16107727421.004858,349897.5,2.0506486983041583,726782.0,260110106832.1935,51.0,6875.16,120.7988,15.79,4.01
2025-10-28 00:00:00+00:00,504390.0,524707.0,1181513715.835912,338631.4860597999,14459499246.59532,701773.5,2.0269852854220023,693980.0,259898646599.44696,50.0,6890.89,120.6361,16.42,3.99
2025-10-29 00:00:00+00:00,517043.0,392028.0,929747081.6588961,305037.17755370005,13004147601.963224,443163.0,1.9748570714184714,667087.0,260001515299.24353,51.0,6890.59,120.5312,16.92,4.08
2025-10-30 00:00:00+00:00,540811.0,554058.0,1240553837.6668227,324285.1573424002,14514069160.323538,1108303.5,1.9325248327320044,708971.0,259594178063.71198,34.0,6822.34,121.2832,16.91,4.11
2025-10-31 00:00:00+00:00,572374.0,460063.0,1085484607.9584696,384982.8576187003,15203643065.771168,283100.5,1.9596274069163773,723709.0,259273812324.02985,29.0,6840.2,121.3859,17.44,4.11
2025-11-01 00:00:00+00:00,498680.0,391320.0,1069977684.9876347,277120.8921594999,7076005652.664974,231557.5,1.9663440701835697,683092.0,259785090924.8652,33.0,,,,
2025-11-02 00:00:00+00:00,446508.0,408092.0,1201786530.2397344,239331.06084640004,3304825232.249682,1876153.0,1.9727764696344197,575622.0,259631715378.88037,37.0,,,,
2025-11-03 00:00:00+00:00,547702.0,447703.0,1100991530.929305,345812.36044119997,14288895727.776064,329154.5,1.9020882532144816,772175.0,259281948784.80682,42.0,6851.97,121.4512,17.17,4.13
2025-11-04 00:00:00+00:00,582796.0,375984.0,1015703454.5897113,426528.5475437001,17542018755.260174,3641086.5,1.8116855886218344,779122.0,258907580748.80127,21.0,6771.55,121.8271,19.0,4.1
2025-11-05 00:00:00+00:00,550413.0,396072.0,1069977684.9876347,441790.9859103998,13419921893.468367,5586248.5,1.8570557344204919,747953.0,258871590562.35278,23.0,6796.29,121.8482,18.01,4.17
2025-11-06 00:00:00+00:00,534781.0,416278.0,1085484607.9584696,346370.2628709999,15636906418.271948,2201482.5,1.8097201631689654,737224.0,259208478696.09543,27.0,6720.32,121.6948,19.5,4.11
2025-11-07 00:00:00+00:00,569444.0,476245.0,1100991530.929305,346307.8913379,21461779028.83144,1474281.5,1.8428465053331913,752529.0,259914277059.59827,24.0,6728.8,121.388,19.08,4.11
2025-11-08 00:00:00+00:00,470481.0,351420.0,930415378.2501172,267282.1728940999,4367137226.846394,920052.5,1.8227583856026046,622449.0,259789064572.96503,20.0,,,,
2025-11-09 00:00:00+00:00,442498.0,466347.0,1093238069.4438875,236109.64176189995,3067078992.712991,1318793.0,1.8641651761462625,607063.0,259748251877.35583,22.0,,,,
2025-11-10 00:00:00+00:00,526898.0,449593.0,1085484607.9584696,412831.8830845002,11484375771.963436,291115.0,1.8875443600732529,723219.0,261317359355.29736,29.0,6832.43,121.2984,17.6,4.13
2025-11-11 00:00:00+00:00,506473.0,481949.0,1186279607.2688992,288740.1778994,10951056954.68874,453006.5,1.831888197421843,717240.0,261079909587.85062,26.0,6846.61,,17.28,
2025-11-12 00:00:00+00:00,504920.0,451023.0,1086613750.3494294,270793.1485422,10604955346.718935,458059.0,1.808509903130079,666761.0,260810177640.74768,24.0,6850.92,121.0458,17.51,4.08
2025-11-13 00:00:00+00:00,,,,301578.97397005,13088012217.047039,1543806.0,1.7800126434105845,715565.0,260376276158.00858,15.0,6737.49,120.7725,20.0,4.11
2025-11-14 00:00:00+00:00,,,,347914.52877710015,24377100196.130707,1769259.0,1.6842606972655323,804891.0,260118581725.25327,16.0,6734.11,120.9666,19.83,4.14
2025-11-15 00:00:00+00:00,,,,253544.22613286998,5644973418.0668,376981.5,1.7025099652616347,735457.0,260038175875.91547,10.0,,,,
2025-11-16 00:00:00+00:00,454407.0,581852.0,1203542966.8475492,268297.5805008,4776084095.964514,203636.5,1.6785525812642026,599175.0,260193688686.38913,10.0,,,,
2025-11-17 00:00:00+00:00,515090.0,415543.0,938612125.0886546,434113.83838449005,19283577618.702053,344415.0,1.6392867114437717,722706.0,259749080882.0635,14.0,6672.41,121.1146,22.38,4.13
2025-11-18 00:00:00+00:00,517212.0,317239.0,1006737198.683799,349565.62876143004,21605870788.453686,892002.0,1.654516965238705,783873.0,260242948251.34,11.0,6617.32,121.2127,24.69,4.12
2025-11-19 00:00:00+00:00,535320.0,361791.0,1037015009.1705301,315009.2849056798,17471565470.769844,1115559.5,1.628739580213074,740835.0,259826275328.75983,15.0,6642.16,121.4978,23.66,4.13
2025-11-20 00:00:00+00:00,545087.0,361895.0,991598293.4404337,286397.4887541,15177174553.160692,858142.5,1.5515619978194948,712914.0,258944258692.64807,11.0,6538.76,121.6889,26.42,4.1
2025-11-21 00:00:00+00:00,603204.0,413267.0,1142987345.8740876,310773.34536122007,21796370449.694958,345715.5,1.5202473672522108,798210.0,259311770458.78998,14.0,6602.99,121.8653,23.43,4.06
2025-11-22 00:00:00+00:00,485120.0,472342.0,1082431724.900626,252226.90295696998,58388673977.72743,514886.5,1.5063202250156786,653472.0,259217186669.9314,11.0,,,,
2025-11-23 00:00:00+00:00,442816.0,317173.0,1074862272.2789433,207485.98436509,17954745701.83514,277042.5,1.5408129016405958,587259.0,259214249303.26837,13.0,,,,
2025-11-24 00:00:00+00:00,503446.0,400125.0,1082431724.900626,228921.47411494004,14112416699.0278,303873.0,1.5674035927405894,672046.0,260063090965.3739,19.0,6705.12,121.9171,20.52,4.04
2025-11-25 00:00:00+00:00,513166.0,350825.0,870487051.4935104,281332.44922188,11012928544.071537,810950.5,1.550709768072391,673473.0,260067297313.5669,20.0,6765.88,121.6335,18.56,4.01
2025-11-26 00:00:00+00:00,535443.0,477042.0,1241390229.9559624,260534.79136603,9204012840.881035,3252533.5,1.6019179596137354,719513.0,260634627364.98724,15.0,6812.61,121.2437,17.19,4.0
2025-11-27 00:00:00+00:00,525809.0,403825.0,1061465507.6302311,276938.6520688502,9062460320.883312,316754.5,1.6180110246025807,675201.0,261052270813.7248,22.0,,,17.21,
2025-11-28 00:00:00+00:00,543603.0,511691.0,1113270480.6428328,263890.32736129995,9697972473.083769,330741.0,1.6124043653578792,703533.0,261455693594.755,25.0,6849.09,121.0527,16.35,4.02
2025-11-29 00:00:00+00:00,475990.0,400703.0,1016787038.987121,209612.2512112799,3552877104.767845,260103.5,1.609812435967487,630159.0,261903588035.34595,28.0,,,,
2025-11-30 00:00:00+00:00,450764.0,517534.0,1239441135.1156871,200152.4620971399,3541872047.362618,1168028.0,1.605936798624271,601718.0,261653138620.10995,28.0,,,,
2025-12-01 00:00:00+00:00,557926.0,402123.0,987099826.1699785,367595.57996328024,13435643673.40069,306332.0,1.533958697259218,737081.0,262465613613.2422,24.0,6812.63,120.9862,17.24,4.09
2025-12-02 00:00:00+00:00,546016.0,412650.0,942569006.9442655,356590.80003768014,10845653512.26919,2057022.5,1.6233866164835693,743961.0,263200396256.39722,23.0,6829.37,121.1467,16.59,4.09
2025-12-03 00:00:00+00:00,542787.0,429624.0,979678022.9656931,341036.4306265701,12509377018.149723,389042.5,1.6594397707736588,716757.0,263560309885.91382,28.0,6849.72,120.7336,16.08,4.06
2025-12-04 00:00:00+00:00,540083.0,414109.0,979678022.9656931,299625.6287841499,8105660617.511551,1295616.5,1.6346860768202705,693069.0,263760749135.12692,26.0,6857.12,120.6766,15.78,4.11
2025-12-05 00:00:00+00:00,534245.0,356330.0,883194581.309981,325994.1610603099,10280986733.847937,391459.0,1.5845510954223285,712886.0,264051544823.61975,28.0,6870.4,120.6863,15.41,4.14
2025-12-06 00:00:00+00:00,465393.0,527061.0,1209753922.2985451,220547.52325927003,3044783369.686914,1179447.5,1.5825974776524672,615281.0,264009385054.65277,23.0,,,,
2025-12-07 00:00:00+00:00,438543.0,543191.0,1187488512.6856885,179975.13295658008,2501885859.6408043,326325.5,1.5985004613781386,545020.0,263969832944.27185,20.0,,,,
2025-12-08 00:00:00+00:00,477476.0,580273.0,1098426874.2342618,237670.61429238014,13483240526.988363,1343217.5,1.6096177386431436,666566.0,265196106558.6876,20.0,6846.51,120.776,16.66,4.17
2025-12-09 00:00:00+00:00,507794.0,448961.0,957412613.3528363,274053.7920080701,9695891171.237087,500337.5,1.6469894512126808,668386.0,265350774756.4673,22.0,6840.51,120.6832,16.93,4.18
2025-12-10 00:00:00+00:00,511694.0,550483.0,1150379496.6642606,252628.71386003995,11784957025.173037,234104.0,1.6325770870501284,689654.0,265339916712.29865,26.0,6886.68,120.6752,15.77,4.13
2025-12-11 00:00:00+00:00,513356.0,472857.0,1179902024.3226545,239800.1538004801,10736904008.783623,340810.5,1.6416453987249757,656012.0,265703934654.30392,29.0,6901.0,119.98,14.85,4.14
2025-12-12 00:00:00+00:00,537832.0,417151.0,1068190154.3848839,270797.65835019003,10803224575.612886,299755.0,1.6020026597826393,761375.0,265328364851.07404,29.0,6827.41,120.1442,15.74,4.19
2025-12-13 00:00:00+00:00,463369.0,495923.0,1053456497.083023,198376.5810171601,4017753379.5852885,590452.0,1.6004071227927794,601306.0,265236981611.91995,23.0,,,,
2025-12-14 00:00:00+00:00,429658.0,416686.0,942954067.3190697,175373.66099440004,2848683491.374594,175182.5,1.5625992937931457,564048.0,265206705523.7685,21.0,,,,
2025-12-15 00:00:00+00:00,507663.0,423355.0,987155039.2246507,249389.26479232995,8379084323.59204,238835.0,1.5334507834438562,663223.0,265149732658.60052,16.0,6816.51,119.9561,16.5,4.18
2025-12-16 00:00:00+00:00,507318.0,443734.0,1082923811.686744,241660.9976086701,10531766894.152073,721783.5,1.5583000660090016,696716.0,264682042613.83936,11.0,6800.26,119.8902,16.48,4.15
2025-12-17 00:00:00+00:00,511367.0,446512.0,1016622353.8283721,247352.41966768005,12489831561.278057,465422.5,1.529104503632707,675987.0,264655266279.6863,16.0,6721.43,120.155,17.62,4.16
2025-12-18 00:00:00+00:00,518421.0,463881.0,1060823325.7339536,240529.0102482,9848892393.375822,612266.5,1.5183951212093738,725880.0,263755763874.0628,17.0,6774.76,120.0528,16.87,4.12
2025-12-19 00:00:00+00:00,556166.0,434180.0,1068190154.3848839,298903.39061919006,8969389739.72798,278290.0,1.5669393446155329,735738.0,263381695403.18933,16.0,6834.5,120.1652,14.91,4.16
2025-12-20 00:00:00+00:00,488594.0,440896.0,1082923811.686744,193302.71079848,4973933952.339513,615383.0,1.5699331395911071,613352.0,263370697580.04843,20.0,,,,
2025-12-21 00:00:00+00:00,436144.0,441101.0,1016622353.8283721,166069.7856157399,2519189997.1456137,173982.0,1.5740329131051052,565021.0,263319946863.61108,20.0,,,,
2025-12-22 00:00:00+00:00,497545.0,427277.0,1023989182.4793022,234928.19092057997,8820610202.54576,463975.5,1.5730377244463174,667969.0,263365497756.4737,25.0,6878.49,119.9912,14.08,4.17
2025-12-23 00:00:00+00:00,520980.0,431004.0,1068190154.3848839,224068.42182732,12185261277.52939,675354.5,1.5534926720508597,672116.0,263252163487.01007,24.0,6909.79,119.7057,14.0,4.18
2025-12-24 00:00:00+00:00,513917.0,501255.0,1171325755.4979067,242509.82983650992,11504123666.75912,625556.0,1.5586263806194098,667297.0,262720034983.93707,24.0,6932.05,119.4372,13.47,4.15
2025-12-25 00:00:00+00:00,431619.0,464027.0,1016973817.768314,189035.3735007299,3024468762.6361113,306130.5,1.551577942876589,562104.0,262647448469.70844,23.0,,,,
2025-12-26 00:00:00+00:00,477921.0,517078.0,1149714808.6043208,219151.0666846402,9450221823.643654,374772.0,1.5547999122682274,613757.0,263036873307.0594,20.0,6929.94,119.4723,13.6,4.14
2025-12-27 00:00:00+00:00,457336.0,470913.0,1002315474.1678696,185874.35216445988,3357464428.8442717,907575.5,1.5611304886162418,569638.0,262979957029.3249,23.0,,,,
2025-12-28 00:00:00+00:00,435884.0,543992.0,1142344841.882498,192571.26636713994,2110737904.6223104,424330.5,1.5623713813655937,572908.0,262887521036.7008,24.0,,,,
2025-12-29 00:00:00+00:00,516338.0,547262.0,1134974875.1606758,247993.3610191301,17986843413.77039,397266.0,1.55184373281198,693511.0,262042092911.5418,24.0,6905.74,119.5899,14.2,4.12
2025-12-30 00:00:00+00:00,539847.0,369499.0,877026039.8968855,261659.63867519994,12213235203.818419,802652.5,1.575194732866138,749500.0,263617406763.89764,23.0,6896.24,119.4939,14.33,4.14
2025-12-31 00:00:00+00:00,547272.0,408137.0,980205574.0024016,290497.6553227902,17317990785.43975,307149.5,1.5599368640000815,697063.0,262738127616.5127,21.0,6845.5,119.7456,14.95,4.18
2026-01-01 00:00:00+00:00,441382.0,469099.0,1112864974.9952078,209186.28820105,5461748379.32022,711372.0,1.5805666838787138,570904.0,262660155486.46533,20.0,,,,
2026-01-02 00:00:00+00:00,518434.0,458965.0,1061275207.9424502,258159.7412952801,8968206910.814333,323032.5,1.6028335346054856,702623.0,263176949566.766,28.0,6858.47,119.6059,14.51,4.19
2026-01-03 00:00:00+00:00,473968.0,501272.0,1142344841.882498,250185.84737659004,2473500733.0217514,209255.5,1.6144428345714434,618923.0,263116684542.8146,29.0,,,,
2026-01-04 00:00:00+00:00,460281.0,474589.0,1068645174.6642727,222194.50488973,2506209767.9706717,148983.5,1.6278233718322608,629824.0,263107352113.50348,25.0,,,,
2026-01-05 00:00:00+00:00,519989.0,409625.0,972835607.2805791,261568.75281471005,11806112633.600658,504782.0,1.672965606192001,687169.0,263196480019.2696,26.0,6902.05,119.6192,14.9,4.17
2026-01-06 00:00:00+00:00,517888.0,424895.0,958095673.8369341,268116.3009399199,11114364069.907026,857890.0,1.6656981847227375,698247.0,263106221065.22476,44.0,6944.82,119.7807,14.75,4.18
2026-01-07 00:00:00+00:00,485087.0,425191.0,1083385108.1079175,241528.34702774,9963351045.469955,1403464.0,1.6234736025512655,644966.0,262698017474.7981,42.0,6920.93,119.8719,15.38,4.15
2026-01-08 00:00:00+00:00,476585.0,334415.0,965289669.1289088,230473.17959380997,9338603708.545887,3637248.5,1.6216948371778772,631893.0,262786172226.9331,28.0,6921.46,120.0904,15.45,4.19
2026-01-09 00:00:00+00:00,512937.0,355655.0,1033929118.9983668,251071.47119097007,12518853021.095198,1258643.0,1.6124074298017157,664665.0,263102735291.59076,27.0,6966.28,120.2215,14.49,4.18
2026-01-10 00:00:00+00:00,451552.0,488786.0,1179552938.5756013,185457.25327122002,8121569827.731763,711670.5,1.6100132123879032,608784.0,262930224486.64203,25.0,,,,
2026-01-11 00:00:00+00:00,412668.0,290317.0,888305299.4211321,174273.52136028997,4985913693.124658,158890.0,1.61585640170226,536405.0,262927044319.5855,29.0,,,,
2026-01-12 00:00:00+00:00,469584.0,411249.0,1033929118.9983668,219227.47118774,10984133269.750414,694615.5,1.6235117369511674,638422.0,262611665627.23267,27.0,6977.27,119.9958,15.12,4.19
2026-01-13 00:00:00+00:00,489392.0,336329.0,982960782.146335,275265.3593791801,14002042935.92521,1375143.0,1.6956457102183626,701272.0,263722621394.81488,26.0,6963.74,120.1401,15.98,4.18
2026-01-14 00:00:00+00:00,501548.0,324327.0,902867681.3788556,303391.95765132,13059243547.161377,3577476.0,1.725258285011508,707589.0,264538894981.75836,48.0,6926.6,119.9537,16.75,4.15
2026-01-15 00:00:00+00:00,516730.0,374223.0,1012085546.0617816,322003.44613657997,13357960101.245293,1461891.5,1.698251329285832,717904.0,264449242573.47104,61.0,6944.47,119.9951,15.84,4.17
2026-01-16 00:00:00+00:00,517080.0,361943.0,946554827.2520258,318138.4776215698,9372781612.330635,905022.5,1.6967501163466354,692686.0,264830055722.70337,49.0,6940.01,120.0838,15.86,4.24
2026-01-17 00:00:00+00:00,451781.0,357391.0,1084897455.850399,234880.72027049016,2998686754.598215,193991.0,1.6895599397740113,572689.0,264794169906.35126,50.0,,,,
2026-01-18 00:00:00+00:00,411852.0,332526.0,1019366737.0406432,183366.4185893401,2353607702.805856,1414544.5,1.6743922801666509,567075.0,264763494935.49445,49.0,,,,
2026-01-19 00:00:00+00:00,460095.0,354595.0,1092178646.8292608,219521.8758455799,5014634720.103577,176073.0,1.6436868798008477,623139.0,264929748468.10056,44.0,,,18.84,
2026-01-20 00:00:00+00:00,466340.0,383148.0,968398400.1886113,249454.90746953,9822935837.808207,1671354.5,1.5689223614895769,640908.0,261832578631.42236,32.0,6796.86,119.4455,20.09,4.3
2026-01-21 00:00:00+00:00,503455.0,428195.0,997523164.104058,266747.73496707017,13390535599.00566,187812.0,1.5933664347912717,698736.0,261608730049.2359,24.0,6875.62,119.3431,16.9,4.26
2026-01-22 00:00:00+00:00,478520.0,464040.0,1163912656.954194,206150.36888809,10568754612.948172,401448.0,1.5900557424434003,612517.0,260554926777.38193,20.0,6913.35,119.1962,15.64,4.26
2026-01-23 00:00:00+00:00,500192.0,436563.0,985930374.4704596,230285.22914578,6994781333.942334,135914.0,1.597227656500748,664123.0,260016588062.17163,24.0,6915.61,118.8976,16.09,4.24
2026-01-24 00:00:00+00:00,421686.0,289144.0,690151262.1293219,184188.38700335007,2116227259.4964585,1718078.0,1.5927055312322624,562317.0,259519012432.07825,25.0,,,,
2026-01-25 00:00:00+00:00,419735.0,314920.0,760574860.3057833,184229.70026574007,3966994210.6755815,1216805.0,1.5441681672754624,555249.0,259324996106.78314,25.0,,,,
2026-01-26 00:00:00+00:00,465362.0,402432.0,873252617.3881215,219938.56667754997,7681814789.554701,930753.0,1.5779781705662028,635513.0,259100360232.72754,20.0,6950.23,118.0525,16.15,4.22
2026-01-27 00:00:00+00:00,475414.0,362327.0,859167897.7528292,210008.87061265987,6067747727.70262,226137.0,1.594258404220792,624246.0,258820835803.38852,29.0,6978.6,117.4523,16.35,4.24
2026-01-28 00:00:00+00:00,485652.0,336095.0,774659579.9410756,267126.1450258999,8693559628.841545,245253.0,1.5929682871962683,631786.0,257896331856.3803,29.0,6978.03,117.5117,16.35,4.26
2026-01-29 00:00:00+00:00,521611.0,428725.0,901422056.6587061,260550.65585006002,9789073414.457756,2166104.5,1.5108463744510505,681624.0,257421056203.02267,26.0,6969.01,117.4396,16.88,4.24
2026-01-30 00:00:00+00:00,580888.0,380796.0,922549136.1116446,279086.86852772,14841644208.141388,199854.5,1.5027941233677342,733411.0,256766967803.7915,16.0,6939.03,117.8996,17.44,4.26
2026-01-31 00:00:00+00:00,527605.0,405402.0,971845654.8351676,264980.53731697984,8589408432.090025,214102.0,1.409206961565977,702918.0,256757674105.33752,20.0,,,,
2026-02-01 00:00:00+00:00,467476.0,352779.0,838040818.299891,208415.61907941,7846770887.604803,528344.0,1.3779375282101736,613261.0,257303661340.52972,14.0,,,,
2026-02-02 00:00:00+00:00,521176.0,357323.0,830998458.4822448,267970.0701452601,15680747255.192636,455113.0,1.411272421681785,734473.0,257715474158.81805,14.0,6976.44,118.3609,16.34,4.29
2026-02-03 00:00:00+00:00,550746.0,435461.0,929591495.9292907,259898.70223318003,13344411909.709486,1505770.0,1.3597906397012434,741467.0,258142078937.29474,17.0,6917.81,117.9764,18.0,4.28
2026-02-04 00:00:00+00:00,532371.0,411218.0,1000015094.105752,247252.76456729,14008595911.570457,1059068.0,1.315930750700471,704812.0,258503446242.25006,14.0,6882.72,118.2602,18.64,4.29
2026-02-05 00:00:00+00:00,619296.0,384550.0,894379696.8410602,380386.55593725,21139302346.193314,6523874.0,1.1497951473288677,865167.0,258231788434.44128,12.0,6798.4,118.5034,21.77,4.21
2026-02-06 00:00:00+00:00,646236.0,410157.0,1021142173.5586905,416713.40890365996,18901527089.30478,572666.5,1.2794885803917828,856992.0,261845124857.47162,9.0,6932.3,118.2407,17.76,4.22
2026-02-07 00:00:00+00:00,481546.0,494507.0,1116396723.6283798,196835.60860754998,6122926408.364181,471578.5,1.2542864998384384,645574.0,262216630079.9584,6.0,,,,
2026-02-08 00:00:00+00:00,442633.0,507211.0,1063649660.9826868,160564.34030023,4243821725.8114414,230361.0,1.278752679408799,555675.0,262202346138.1955,7.0,,,,
2026-02-09 00:00:00+00:00,481228.0,402013.0,1019852322.0010467,210927.7612485999,11888159988.016224,369031.5,1.274890122985872,682068.0,262561407615.30072,14.0,6964.82,117.6392,17.36,4.22
2026-02-10 00:00:00+00:00,486763.0,385928.0,900973830.4794525,181341.02937344005,9547620583.008541,384764.0,1.2481033012418763,624916.0,259217792072.73456,9.0,6941.81,117.5216,17.79,4.16
2026-02-11 00:00:00+00:00,490231.0,455182.0,982311745.7310699,199104.35339120013,8491239760.042006,650288.0,1.2182387788490885,659141.0,259278903752.68552,11.0,6941.47,117.4601,17.65,4.18
2026-02-12 00:00:00+00:00,504187.0,484938.0,1107446999.964327,176428.7130967501,9661389136.315762,103608.0,1.2056557515363073,653355.0,259187550731.93497,5.0,6832.76,117.5376,20.82,4.09
2026-02-13 00:00:00+00:00,521603.0,529750.0,944771169.4610924,195106.98098132,9201319258.50435,1249297.0,1.2543817127922632,684978.0,259243393428.94427,9.0,6836.17,117.5258,20.6,4.04
2026-02-14 00:00:00+00:00,458016.0,537394.0,1038622610.1360354,161437.94848281,3840029082.300078,183323.0,1.271428434942344,583422.0,259455942279.44244,9.0,,,,
2026-02-15 00:00:00+00:00,399280.0,701969.0,1232582254.1975844,131603.19310829,1929666958.9573793,403277.5,1.2503520156434709,532309.0,259346894888.3614,8.0,,,,
2026-02-16 00:00:00+00:00,440304.0,526061.0,1094933474.5410013,161065.5976921201,4693867812.997321,274656.5,1.2529918805039757,592609.0,259448837648.98215,12.0,,,21.2,
2026-02-17 00:00:00+00:00,446864.0,659135.0,1032365847.4243727,157406.67228733998,6373218850.178365,211184.0,1.2303595955650781,595445.0,259381368173.1997,10.0,6843.22,117.7375,20.29,4.05
2026-02-18 00:00:00+00:00,454158.0,507143.0,957284694.8844184,157141.06735470996,5723969492.006945,358255.0,1.2114637146625802,595919.0,259623988970.8985,8.0,6881.31,117.8426,19.62,4.09
2026-02-19 00:00:00+00:00,473222.0,512501.0,1020622252.4872998,165836.1013244,5598066692.030261,994623.0,1.2218447878485281,616639.0,259646689752.9688,9.0,6861.89,118.2354,20.23,4.08
2026-02-20 00:00:00+00:00,493761.0,413542.0,983397435.8766681,175972.1123213601,10586854048.32113,762366.5,1.2419474106076231,662947.0,260187526022.43982,7.0,6909.51,117.9917,19.09,4.08
2026-02-21 00:00:00+00:00,447339.0,350751.0,854191933.352726,148290.80324304,2476187168.520625,473230.0,1.2427727388908916,579813.0,260184542687.1518,8.0,,,,
2026-02-22 00:00:00+00:00,408828.0,529495.0,1177205689.6625803,137691.88538486007,1845861126.4781623,178237.0,1.234286313377275,525709.0,260176208071.7177,9.0,,,,
2026-02-23 00:00:00+00:00,458764.0,453671.0,1062356354.0857433,173086.71203581002,6005967073.087472,501309.0,1.1831842972470235,684644.0,260620221183.92456,5.0,6837.75,117.9395,21.01,4.03
2026-02-24 00:00:00+00:00,501015.0,566873.0,1184383773.1361327,175107.32237210005,7724802994.709144,261587.5,1.1743319937937022,661423.0,260929643486.9982,8.0,6890.07,117.9463,19.55,4.04
2026-02-25 00:00:00+00:00,509923.0,485381.0,1119781021.874162,195655.09554389995,6898606940.395969,912406.0,1.2461229941727416,650235.0,261284212992.78284,11.0,6946.13,117.769,17.93,4.05
2026-02-26 00:00:00+00:00,521846.0,425509.0,1004931686.2973247,237973.14746656994,7443589778.407508,188019.0,1.2368113915864163,693519.0,261274168891.87442,11.0,6908.86,117.9042,18.63,4.02
2026-02-27 00:00:00+00:00,549158.0,415510.0,1012109769.7708769,207733.6585656799,5797244770.140323,1807516.0,1.2073254705520617,704075.0,260996946723.63037,13.0,6878.88,117.8223,19.86,3.97
2026-02-28 00:00:00+00:00,498805.0,424909.0,1026465936.7179816,175131.23163683998,2721602956.984004,702130.0,1.2275612619982268,640533.0,260919500105.51025,11.0,,,,
2026-03-01 00:00:00+00:00,447977.0,462687.0,1069534437.5592955,174011.45807477005,1947434580.0901263,472328.5,1.205248174799525,602506.0,260828037504.42908,14.0,,,,
2026-03-02 00:00:00+00:00,515250.0,422366.0,976219352.4031156,179434.78845508,7000359941.529199,249998.0,1.263760682233652,690831.0,261528446605.70703,10.0,6881.62,118.667,21.44,4.05
2026-03-03 00:00:00+00:00,504537.0,381186.0,961863185.4560106,192629.8450215301,8081339725.646691,333420.0,1.2548907532524818,652464.0,262177728688.15964,14.0,6816.63,119.4341,23.57,4.06
2026-03-04 00:00:00+00:00,516794.0,377812.0,933150851.5618018,220976.41128885993,12288634029.364828,890302.0,1.3324599332646212,697294.0,262399616175.80072,10.0,6869.5,119.0705,21.15,4.09
2026-03-05 00:00:00+00:00,522467.0,464513.0,1192841923.7049837,220829.10050218002,9278661021.10245,769201.5,1.3020998734899654,686708.0,262821857256.23535,22.0,6830.71,119.5683,23.75,4.13
2026-03-06 00:00:00+00:00,531723.0,442642.0,1052672432.0364789,213250.75894655992,7534725006.097888,642561.0,1.2527874949037452,672019.0,263237319651.807,18.0,6740.02,119.491,29.49,4.15
2026-03-07 00:00:00+00:00,458399.0,437720.0,951731239.9233917,156326.45884534996,2032123513.9378915,896931.5,1.236301300128931,592224.0,263100139791.6942,12.0,,,,
2026-03-08 00:00:00+00:00,413093.0,453532.0,966151410.2252611,135960.17962538,1488615216.0636604,602765.0,1.2160004257646573,523172.0,263045100716.46426,12.0,,,,
2026-03-09 00:00:00+00:00,468702.0,415576.0,994991750.8290006,175873.49657436,6914157660.480911,777227.5,1.2588288726421142,627803.0,263793536545.85016,8.0,6795.99,119.5151,25.5,4.12
2026-03-10 00:00:00+00:00,484745.0,381301.0,994991750.8290006,190449.13194102002,7287177982.124621,779245.5,1.2838921987216934,649875.0,264307122282.78784,13.0,6781.48,118.7255,24.93,4.15
2026-03-11 00:00:00+00:00,475423.0,401926.0,1002201835.9799352,197567.96140721987,8029010340.4647455,1849149.5,1.2926305604960422,629140.0,265145202127.9595,15.0,6775.8,119.2885,24.23,4.21
2026-03-12 00:00:00+00:00,496301.0,449282.0,930100984.4705875,188636.1111844399,6108416530.594537,297660.0,1.297352966463531,640192.0,265149481671.80692,18.0,6672.62,119.8227,27.29,4.27
2026-03-13 00:00:00+00:00,525035.0,399857.0,872420303.2631093,243152.9042370601,7726566054.216646,1427585.5,1.30454126489792,676568.0,265665573998.15607,15.0,6632.19,120.5518,27.19,4.28
2026-03-14 00:00:00+00:00,440249.0,439447.0,922890899.3196526,156574.07948688007,2145316489.7739317,178027.5,1.3085611269402389,557544.0,265567539003.58337,16.0,,,,
2026-03-15 00:00:00+00:00,406808.0,407207.0,901260643.8668482,141126.26716158006,3517233731.097687,266168.5,1.3372863065162932,534462.0,265505407170.34424,15.0,,,,
2026-03-16 00:00:00+00:00,477639.0,405364.0,901260643.8668482,198510.46140390012,10195572100.645725,1380061.5,1.3736647820354706,701802.0,265593477558.998,23.0,6699.38,120.097,23.51,4.23
2026-03-17 00:00:00+00:00,488604.0,372893.0,915680814.1687176,231832.21651048987,7906826040.114284,189919.5,1.3620392217241302,679525.0,265905885233.378,28.0,6716.09,119.8328,22.37,4.2
2026-03-18 00:00:00+00:00,472748.0,441086.0,1002201835.9799352,192855.19477335003,6375312014.41345,264276.0,1.3108271207032423,625137.0,265746021356.5068,26.0,6624.7,119.9276,25.09,4.26
2026-03-19 00:00:00+00:00,486162.0,442571.0,966151410.2252611,207400.49440785003,5718618497.256258,267300.0,1.2873233530441246,603884.0,265303109267.98325,23.0,6606.49,120.1802,24.06,4.25
2026-03-20 00:00:00+00:00,496098.0,423312.0,958881917.8174205,199759.62148084995,5101822416.933103,569446.0,1.2979134579553593,656663.0,265179946354.5432,11.0,6506.48,120.2757,26.78,4.39
2026-03-21 00:00:00+00:00,458834.0,488238.0,917823292.9611512,190225.13676869002,1218707789.7153096,955618.5,1.2832286394689276,586709.0,265114899912.00906,12.0,,,,
2026-03-22 00:00:00+00:00,432406.0,629923.0,1077444735.2152646,143403.26767577007,3563696747.3545766,619594.5,1.2516621596693462,545348.0,264946573709.29767,10.0,,,,
2026-03-23 00:00:00+00:00,476303.0,540923.0,1064142948.360755,171937.90680415006,6351371463.8087845,159966.0,1.301409408329922,640101.0,264794895692.1958,8.0,6581.0,119.9371,26.15,4.34
2026-03-24 00:00:00+00:00,460523.0,382745.0,831361678.4068401,185812.94961507004,6967432240.095557,1176108.5,1.3002777489726738,587472.0,264708409411.8783,11.0,6556.37,120.1295,26.95,4.39
2026-03-25 00:00:00+00:00,501248.0,514820.0,1017586694.3699718,188725.80173951006,8326071521.44758,527371.0,1.3129187923123302,657017.0,264659513982.35214,14.0,6591.9,120.1282,25.33,4.33
2026-03-26 00:00:00+00:00,491918.0,629007.0,1097397415.4970288,164758.5881293599,6233836622.328477,165041.5,1.2664072256679186,623105.0,263851445380.20978,10.0,6477.16,120.389,27.44,4.42
2026-03-27 00:00:00+00:00,507433.0,664609.0,1010935800.9427172,182416.19915059992,8652009474.541578,784911.5,1.221391534843414,640242.0,263566065440.98438,13.0,6368.85,120.8851,31.05,4.44
2026-03-28 00:00:00+00:00,432914.0,763304.0,1157255456.3423212,126280.47943245,2709136323.610358,168351.5,1.224282130242581,555352.0,263470831738.1775,12.0,,,,
2026-03-29 00:00:00+00:00,382086.0,634952.0,957728653.5246795,109957.34329807998,1979365473.9460342,1361956.0,1.2173465160210977,513446.0,263371027714.99182,9.0,,,,
2026-03-30 00:00:00+00:00,459981.0,532760.0,904521506.1066417,178683.3269428901,7311067757.215472,215824.0,1.2307677885365405,631420.0,263309471173.82648,8.0,6343.72,121.2851,30.61,4.35
2026-03-31 00:00:00+00:00,485131.0,523751.0,904521506.1066417,166514.52603790988,7319725452.4801445,299193.5,1.259461592624952,630351.0,262942078366.75818,11.0,6528.52,121.035,25.25,4.3
2026-04-01 00:00:00+00:00,527189.0,683419.0,1077444735.2152646,177892.62653185014,6475233191.952339,1102411.5,1.2578004357870882,697142.0,262947227050.12146,8.0,6575.32,120.1198,24.54,4.33
2026-04-02 00:00:00+00:00,505693.0,508404.0,964379546.9519341,177903.01421325005,6704823313.014916,569128.0,1.2361570581529684,653581.0,263213587756.7458,12.0,6582.69,120.503,23.87,4.31
2026-04-03 00:00:00+00:00,498568.0,459037.0,898750099.8899364,179158.1502306999,3007067104.088623,794157.0,1.236095290145614,647348.0,263373186432.42685,9.0,,120.6565,,4.35
2026-04-04 00:00:00+00:00,430348.0,433372.0,828969681.6295495,140708.58271759,1443412965.6513567,303239.0,1.2435879583030516,546885.0,263309132358.2461,11.0,,,,
2026-04-05 00:00:00+00:00,380100.0,725796.0,1098384828.1591525,113578.89345211003,1458245965.5939348,297241.0,1.2731860065048008,496633.0,263214698819.75244,12.0,,,,
2026-04-06 00:00:00+00:00,447163.0,465261.0,884234327.0715194,151014.70967976004,4355593806.902083,1316817.5,1.2700938124247623,608673.0,263515591632.01294,13.0,6611.83,120.4302,24.17,4.34
2026-04-07 00:00:00+00:00,480114.0,538981.0,953315133.8739818,163231.99717497002,5575967620.145627,187557.0,1.3307033415283853,640745.0,263599162399.26294,11.0,6616.85,120.32,25.78,4.33
2026-04-08 00:00:00+00:00,489051.0,558574.0,1022395940.676444,186282.29861096002,5936286348.016992,937024.5,1.3129220338742065,632101.0,263771981125.87708,17.0,6782.81,119.0596,21.04,4.29
2026-04-09 00:00:00+00:00,484467.0,586158.0,994763617.9554594,179675.81641446997,5196240368.168461,252529.5,1.3258289461254553,627910.0,264088859326.80145,14.0,6824.66,118.8998,19.49,4.29
2026-04-10 00:00:00+00:00,507681.0,448495.0,863510085.0307804,202933.67178339988,6491981313.769409,847175.0,1.3468426562660187,655019.0,264178198540.9583,16.0,6816.89,118.8552,19.23,4.31
2026-04-11 00:00:00+00:00,441709.0,465807.0,849693923.6702881,147289.97272987993,1987525971.3807876,837250.5,1.3497406830177825,567547.0,264368237205.23297,15.0,,,,
2026-04-12 00:00:00+00:00,395725.0,707229.0,1070752505.4381678,127092.13646776,1576299770.494101,737498.5,1.3049673347970956,523902.0,264167533263.25635,16.0,,,,
2026-04-13 00:00:00+00:00,454902.0,641052.0,1022395940.676444,170238.57290429997,6633310041.043966,620258.0,1.3770482398402828,631173.0,264084644191.27075,12.0,6886.24,118.9916,19.12,4.3
2026-04-14 00:00:00+00:00,491023.0,610515.0,1132925231.560384,198453.7055517799,12370994758.47783,146710.0,1.3687529040183417,648935.0,264291282368.97314,21.0,6967.38,118.3581,18.36,4.26
2026-04-15 00:00:00+00:00,470280.0,465753.0,863510085.0307804,207347.66937223994,8799963363.243324,2277028.0,1.3796263886883917,648996.0,264129208211.57507,23.0,7022.95,118.3623,18.17,4.29
2026-04-16 00:00:00+00:00,,630320.0,1050028263.3974293,199405.45409432016,6827305647.032912,353550.5,1.3856258612153995,642428.0,264092853757.8363,23.0,7041.28,118.3616,17.94,4.32
2026-04-17 00:00:00+00:00,521678.0,552747.0,968172577.6598405,271170.72058357,7922347197.329179,477982.5,1.4223235153878984,666008.0,264145392818.2334,21.0,7126.06,118.0795,17.48,4.26
2026-04-18 00:00:00+00:00,439552.0,695157.0,1031290054.5634866,161473.68235050997,2768806279.2658143,950591.0,1.3980047368399022,571160.0,265089420699.99585,26.0,,,,
2026-04-19 00:00:00+00:00,396267.0,727793.0,1064992343.9283061,139377.95829866992,2883140409.3545456,600756.5,1.3634656752952108,510705.0,264733435763.05563,27.0,,,,
2026-04-20 00:00:00+00:00,464309.0,547526.0,876259523.4853154,198226.87339555996,11266757285.351542,221965.0,1.3987305546501194,630657.0,264702720498.6361,29.0,7109.14,118.2374,18.87,4.26
2026-04-21 00:00:00+00:00,478903.0,537497.0,909961812.8501353,191288.42180721997,7894718144.329737,119403.0,1.4040391749892125,627674.0,265614385418.48645,33.0,7064.01,118.4331,19.5,4.3
2026-04-22 00:00:00+00:00,493157.0,542847.0,882999981.3582796,262423.88055914,8975032613.917759,1147426.5,1.4451816880881303,658718.0,265779910618.3268,32.0,7137.9,118.6004,18.92,4.3
2026-04-23 00:00:00+00:00,490574.0,450825.0,815595402.6286399,217661.75055270002,8141917393.593581,352493.5,1.443518010298725,624801.0,266818442085.62845,46.0,7108.4,118.7155,19.31,4.34
2026-04-24 00:00:00+00:00,506108.0,589597.0,1004328223.0716305,193101.61926147004,10786366687.21436,196543.5,1.4313054086958685,669638.0,266792145859.21878,39.0,7165.08,118.7294,18.71,4.31
2026-04-25 00:00:00+00:00,428848.0,581159.0,943664102.2149547,156678.23006316,2316698937.9770403,418388.5,1.4345741475645932,548575.0,266734896028.60474,31.0,,,,
2026-04-26 00:00:00+00:00,399528.0,712904.0,1004328223.0716305,142527.0767673699,1645733890.632024,556672.0,1.4512399107371687,527244.0,266660781032.74225,33.0,,,,
2026-04-27 00:00:00+00:00,465611.0,580030.0,930183186.4690272,191244.7162674001,6652309884.766558,618145.0,1.4274966444382788,639267.0,266509570118.3484,47.0,7173.91,118.5458,18.02,4.35
2026-04-28 00:00:00+00:00,472688.0,566274.0,936923644.3419911,207483.42840776,6877226670.65858,379497.5,1.4098968122284414,624691.0,266485718501.92065,33.0,7138.8,118.7717,17.83,4.36
2026-04-29 00:00:00+00:00,482542.0,383942.0,856038149.8664234,222746.10084668986,6716119223.949342,932523.0,1.4012950588480768,631076.0,266192375075.37726,26.0,7135.95,119.0975,18.81,4.42
2026-04-30 00:00:00+00:00,509941.0,409874.0,943664102.2149547,318147.24629424,7966608257.038424,502081.5,1.4109087161770764,685346.0,266858931156.34106,29.0,7209.01,118.671,16.89,4.4
2026-05-01 00:00:00+00:00,541560.0,593987.0,1064992343.9283061,272021.17135046,7051613813.255055,488175.0,1.4441109410626063,751425.0,267314769665.21976,26.0,7230.12,118.3926,16.99,4.39
2026-05-02 00:00:00+00:00,449751.0,526246.0,897607937.210035,189837.92645940007,2098986459.640523,232998.5,1.4546787719928143,620486.0,267261472516.58405,39.0,,,,
2026-05-03 00:00:00+00:00,402346.0,604132.0,1000953347.145923,159821.96603923998,1787557344.6430264,226625.5,1.4532128991393036,583469.0,267153258619.9347,47.0,,,,
2026-05-04 00:00:00+00:00,485657.0,567996.0,981197688.9785694,203783.39645991,7880460114.6760025,593163.5,1.4734139625232838,722079.0,268762126934.02936,40.0,7200.75,118.8264,18.29,4.45
2026-05-05 00:00:00+00:00,508713.0,585611.0,987782908.3676875,241149.7979642899,8837709858.03772,679442.0,1.49326488273632,721256.0,269210594915.96643,50.0,7259.22,118.6207,17.38,4.43
2026-05-06 00:00:00+00:00,498493.0,526789.0,928515933.8656261,232729.1097338301,7722301647.862209,936547.0,1.5007289347155646,727700.0,268946094071.5745,46.0,7365.12,118.0982,17.39,4.36
2026-05-07 00:00:00+00:00,497326.0,531108.0,935101153.2547442,248612.23581379003,7334015035.754188,330711.5,1.4754077327071486,759390.0,269360689179.58356,47.0,7337.11,118.0116,17.08,4.41
2026-05-08 00:00:00+00:00,506524.0,581936.0,968027250.2003335,247451.64348151992,6643451659.45813,1008090.0,1.4788069377076725,677277.0,266872195685.81567,38.0,7398.93,118.0392,17.19,4.38
2026-05-09 00:00:00+00:00,707204.0,831620.0,1126072515.5391636,586786.4963161099,2228503872.792921,150942.5,1.4875564619691928,818423.0,267019093450.95233,38.0,,,,
2026-05-10 00:00:00+00:00,407132.0,733259.0,987782908.3676875,185232.78979054998,1660081376.864452,996276.5,1.5165762999799848,525874.0,267008153100.96936,47.0,,,,
2026-05-11 00:00:00+00:00,457665.0,772122.0,1086561199.204456,210980.44813907004,5656148858.873392,1231283.0,1.5062797314103844,615823.0,267472576043.8542,48.0,7412.84,118.0562,18.38,4.42
2026-05-12 00:00:00+00:00,476383.0,587513.0,882419398.1418005,245562.1543479499,5840254869.6483755,247418.5,1.4843434176790684,612683.0,267079712438.4723,49.0,7400.96,118.5238,17.99,4.46
2026-05-13 00:00:00+00:00,485900.0,620400.0,915345495.0873903,223039.8428216,7924872400.531105,229547.0,1.4616979219598496,643577.0,266828465786.65607,42.0,7444.25,118.4737,17.87,4.46
2026-05-14 00:00:00+00:00,489856.0,684549.0,994368127.7568054,219686.50810891992,7605445951.172368,433860.0,1.496291810555883,633568.0,266557789914.1327,34.0,7501.24,118.6696,17.26,4.47
2026-05-15 00:00:00+00:00,525031.0,618617.0,963695673.6867331,255044.60378833997,10062115129.71323,355853.5,1.4576482075977497,669184.0,266707736932.27484,43.0,7408.5,119.2825,18.43,4.59
2026-05-16 00:00:00+00:00,445624.0,679928.0,1025406923.151223,189313.75423507005,2102365498.1773863,352857.5,1.4411207320741926,572496.0,266950874876.61493,31.0,,,,
2026-05-17 00:00:00+00:00,396443.0,605313.0,950708405.5706699,181210.01698456996,1825023819.4598672,984939.0,1.4288785719516937,564015.0,266878927582.54297,27.0,,,,
2026-05-18 00:00:00+00:00,474167.0,600874.0,950708405.5706699,201214.24430417002,7419964089.357646,821406.5,1.419569255459985,639384.0,266649996131.9201,28.0,7403.05,119.0574,17.82,4.61
2026-05-19 00:00:00+00:00,469682.0,618114.0,964289954.2216796,201392.46541001002,8228742246.031492,696805.0,1.4170368263075273,631608.0,266441475343.9123,25.0,7353.61,119.451,18.06,4.67
2026-05-20 00:00:00+00:00,473582.0,676439.0,1032197697.4767272,198674.62419017992,7598041358.158026,622250.5,1.4282474320399443,648310.0,266097885323.7293,27.0,7432.97,119.1624,17.44,4.57
2026-05-21 00:00:00+00:00,484958.0,538509.0,862428339.3391081,225473.09863799004,5007923276.558133,314643.0,1.4318398636638516,630942.0,266140183743.52502,29.0,7445.72,119.369,16.76,4.57
2026-05-22 00:00:00+00:00,547131.0,708628.0,1059360794.7787467,200364.16575615003,5739635306.49464,349360.0,1.3951977957217803,671333.0,265479453786.1469,28.0,7473.47,119.2868,16.7,4.56
2026-05-23 00:00:00+00:00,439350.0,732845.0,1113686989.3827848,183065.00949228997,3099888169.4908752,337079.0,1.4145646606056597,573855.0,265306217114.08392,28.0,,,,
2026-05-24 00:00:00+00:00,387403.0,628352.0,889591436.6411269,170450.37449936997,2440966547.460912,491962.0,1.4206921481906594,488204.0,265148583112.49115,25.0,,,,
2026-05-25 00:00:00+00:00,430908.0,781994.0,1120477763.7082896,220589.26913846005,3350116313.8657255,340130.0,1.425980680386381,608973.0,264975421800.26648,30.0,,,16.59,
2026-05-26 00:00:00+00:00,464460.0,627380.0,943917631.2451651,304486.1207796699,5941712267.6615305,316585.0,1.4000760710265765,625482.0,265191212244.19223,34.0,7519.12,119.1696,17.01,4.5
2026-05-27 00:00:00+00:00,474906.0,645768.0,950708405.5706699,230170.35059807997,7293972207.660243,406804.0,1.3720698989749527,608435.0,264827549236.89273,25.0,7520.36,119.1829,16.29,4.48
2026-05-28 00:00:00+00:00,490956.0,779340.0,1100105440.7317753,265909.3176292298,12030503885.942934,315709.0,1.359302863594602,622022.0,264732119643.0134,22.0,7563.63,119.0318,15.74,4.45
2026-05-29 00:00:00+00:00,518522.0,648318.0,959580184.8628848,288216.4944686199,8713450867.087229,366816.0,1.3570300412340588,669839.0,264563241226.97516,23.0,7580.06,118.8783,15.32,4.45
2026-05-30 00:00:00+00:00,454741.0,651123.0,980866173.425555,229966.89053764,3621398243.455022,281330.0,1.3648020345772152,573532.0,264230529712.3117,23.0,,,,
2026-05-31 00:00:00+00:00,403295.0,717451.0,994681189.9526752,226385.65692867016,2137895857.4355125,875446.0,1.3623994613070085,535317.0,264132252214.7063,28.0,,,,
2026-06-01 00:00:00+00:00,508084.0,558154.0,932513615.5806334,265927.2692743499,8620586012.353802,383173.5,1.321374781897173,703973.0,263751173190.7411,29.0,7599.96,119.1653,16.05,4.47
2026-06-02 00:00:00+00:00,501194.0,438817.0,759825908.9916271,275074.18032419996,12657347394.551184,4939498.5,1.23601499491039,652731.0,263257616948.54413,23.0,7609.78,119.0359,15.77,4.46
2026-06-03 00:00:00+00:00,515383.0,424362.0,746010892.4645066,297992.68709044,11373523450.560802,4187658.5,1.1956320534404266,677654.0,263166198441.8084,11.0,7553.68,119.3848,16.06,4.49
2026-06-04 00:00:00+00:00,538439.0,588281.0,980866173.425555,285283.87999816,11044663698.754305,1386896.5,1.1858932878748485,705263.0,262506606379.84265,12.0,7584.31,119.3615,15.4,4.47
2026-06-05 00:00:00+00:00,557607.0,569981.0,932513615.5806334,242391.3625742899,10951754744.90102,2504070.0,1.1367970410942185,724204.0,262681252190.38025,12.0,7383.74,120.0831,21.51,4.55
2026-06-06 00:00:00+00:00,458423.0,530864.0,842716008.1543498,180793.37313702007,3568092184.2768197,221977.0,1.134645827440571,617500.0,262373660659.98627,12.0,,,,
2026-06-07 00:00:00+00:00,400871.0,548514.0,808178466.8365489,146555.2099451901,2358010683.402757,331933.0,1.178976675309288,523362.0,262390581806.08154,12.0,,,,
2026-06-08 00:00:00+00:00,457079.0,580206.0,877253549.4721516,188733.69282114992,7440078066.197262,1079712.0,1.1785132598364798,623204.0,262389292032.31482,8.0,7405.73,120.034,18.92,4.56
2026-06-09 00:00:00+00:00,466012.0,573287.0,856531024.6814705,215732.6711154899,7544177709.540261,1147854.0,1.1517566167396358,595000.0,261317027120.21234,10.0,7386.65,119.9617,19.87,4.53
2026-06-10 00:00:00+00:00,478720.0,567680.0,870346041.2085911,186154.80998497002,4928846549.938478,1560646.5,1.148835844703938,618722.0,261238428925.69852,9.0,7266.99,119.9134,22.22,4.55
2026-06-11 00:00:00+00:00,487498.0,637515.0,932513615.5806334,228624.75683996995,5482125367.938362,4495279.0,1.1875449707608752,639861.0,260760116354.0584,12.0,7394.3,120.1174,19.44,4.45
2026-06-12 00:00:00+00:00,515594.0,647883.0,1015403714.743356,250505.14281265,5415539925.116928,702223.0,1.1877855212466688,688598.0,261073182677.21146,12.0,7431.46,119.5073,17.68,4.48
2026-06-13 00:00:00+00:00,423183.0,550296.0,856531024.6814705,222065.65146489986,1625624118.6010222,1656001.5,1.2054819110681059,547731.0,261149547722.1775,13.0,,,,
2026-06-14 00:00:00+00:00,400405.0,726520.0,908119306.0165769,173275.84436546,1504861400.9185028,352040.0,1.2276315476665298,534169.0,261237337047.9987,18.0,,,,
2026-06-15 00:00:00+00:00,492782.0,710717.0,931566968.2181835,252599.92946207,6123296483.392739,136714.0,1.2393546167038156,663373.0,260915713553.953,20.0,7554.29,119.3158,16.2,4.47
2026-06-16 00:00:00+00:00,477480.0,786360.0,1006092325.6756383,238028.7040226699,5379500225.09902,337401.0,1.2287326760856152,642395.0,261215164879.93427,23.0,7511.35,119.256,16.41,4.43
2026-06-17 00:00:00+00:00,474545.0,601375.0,819778932.0320016,224830.72282871002,4571979958.525453,901946.5,1.2059072762898517,619157.0,260752993024.66562,22.0,7420.1,119.3871,18.44,4.49
2026-06-18 00:00:00+00:00,503361.0,815537.0,1024723665.040002,245180.26494673992,5554930941.589977,1655441.5,1.1772253837760067,654630.0,260583216621.7952,15.0,7500.58,120.3958,16.4,4.46
2026-06-19 00:00:00+00:00,486150.0,746922.0,937777414.6729716,223446.3957547201,4445629256.547025,182227.0,1.186374409712872,611813.0,261014331003.66742,14.0,,,16.78,
2026-06-20 00:00:00+00:00,409924.0,779461.0,962619200.4921229,173877.60649250002,1869016347.801716,363486.0,1.2034610271445665,541078.0,260795323809.96832,23.0,,,,
2026-06-21 00:00:00+00:00,381259.0,669777.0,832199824.9415773,162753.33884221994,2777695164.63806,170848.0,1.186796520860484,514984.0,260642288729.6093,23.0,,,,
2026-06-22 00:00:00+00:00,454922.0,770946.0,968829646.9469111,213547.03864372004,4956173444.403192,390575.5,1.1974216055983207,601216.0,260501680208.30194,20.0,7472.79,120.5463,17.28,4.51
2026-06-23 00:00:00+00:00,464862.0,862979.0,1074407236.6783051,213483.81718838986,6441911323.250376,316188.0,1.1731976651833003,620829.0,259804197519.16086,23.0,7365.46,121.0552,19.49,4.5
2026-06-24 00:00:00+00:00,488035.0,749523.0,962619200.4921229,217908.96285523011,7573340983.20286,821911.0,1.1423253250449799,629642.0,259414348144.09503,17.0,7358.22,121.412,18.63,4.41
2026-06-25 00:00:00+00:00,522671.0,805731.0,1055775897.3139414,218621.94842635997,11197155246.696905,733094.0,1.12407957629493,683523.0,259589344146.27795,12.0,7357.49,121.0559,18.89,4.4
2026-06-26 00:00:00+00:00,521746.0,712555.0,962619200.4921229,222824.51435889993,10780035998.742752,1947996.0,1.1270469384410169,662457.0,259847439898.6295,13.0,7354.02,120.8866,18.41,4.38
2026-06-27 00:00:00+00:00,452506.0,826483.0,1111771053.6412394,173327.22245444014,2357064199.3242965,247368.0,1.127011418515148,592251.0,259837713362.71478,15.0,,,,
2026-06-28 00:00:00+00:00,416739.0,616427.0,858457140.405019,152800.95335741993,2128916771.004747,167179.0,1.1189318202539258,537835.0,259685728303.37488,18.0,,,,
2026-06-29 00:00:00+00:00,490860.0,531503.0,831838314.3459485,214552.53018014005,8343719421.253081,617656.5,1.1322838457186375,659557.0,259963288370.6799,12.0,7440.43,120.9525,17.65,4.38
2026-06-30 00:00:00+00:00,563177.0,621005.0,991551270.7003708,290013.4028371101,13484109080.280006,456534.5,1.1027805682008867,722749.0,258865198659.11865,15.0,7499.36,120.9248,16.45,4.44
2026-07-01 00:00:00+00:00,540315.0,613353.0,951623031.6117651,218137.44818398,7451290684.409838,189103.5,1.1321108720363224,742127.0,259483653865.87015,11.0,7483.23,121.1455,16.59,4.48
2026-07-02 00:00:00+00:00,527254.0,543519.0,871766553.4345543,274367.57467854995,10594639353.042812,516552.0,1.1581855624958048,702851.0,259116858942.3045,19.0,7483.24,120.6902,16.15,4.49
2026-07-03 00:00:00+00:00,529854.0,685422.0,1004860683.7299057,216561.1485572801,4575387982.927384,371142.0,1.1792987088316838,698135.0,258992259032.62482,21.0,,,15.81,
2026-07-04 00:00:00+00:00,434728.0,766307.0,1024824803.2742088,157883.48124474008,2204217170.826114,486526.5,1.1891572189350943,550009.0,259186011036.6975,22.0,,,,
2026-07-05 00:00:00+00:00,386558.0,635997.0,851802433.8902514,150080.19344183998,1775498027.3389754,440760.0,1.1990647636450062,501335.0,259125162806.9129,23.0,,,,
2026-07-06 00:00:00+00:00,453433.0,518667.0,771945955.7130404,235327.00300226003,6274928855.854126,3243731.5,1.2073954618124445,613733.0,259308012645.90958,24.0,7537.43,120.835,15.57,4.48
2026-07-07 00:00:00+00:00,484547.0,617156.0,925004205.552695,255473.71698809988,6974340927.246625,809678.5,1.196288648174336,641947.0,254472441918.99768,27.0,7503.85,120.8145,16.13,4.55
2026-07-08 00:00:00+00:00,463157.0,605412.0,891730672.9788568,166523.74454275987,4442886929.706752,733465.0,1.1731707452338487,611138.0,254359494100.41278,20.0,7482.71,121.1307,16.9,4.56
2026-07-09 00:00:00+00:00,478640.0,558060.0,831838314.3459485,177458.19836714995,4455722801.846309,1215044.5,1.1916595724436172,619969.0,255387821050.2139,22.0,7543.64,120.753,15.84,4.54
2026-07-10 00:00:00+00:00,511711.0,576868.0,865111846.9197867,201905.48438329005,5159501293.981459,358890.5,1.2097400850398004,634002.0,255410802517.8481,23.0,7575.39,120.5046,15.03,4.56
2026-07-11 00:00:00+00:00,429886.0,674847.0,914680379.41803,156067.1177265301,1729057260.9403994,362143.5,1.2054984500945254,557508.0,255081587202.64728,26.0,,,,
2026-07-12 00:00:00+00:00,384757.0,760744.0,910321900.5977656,137705.00322591997,1829761928.1853263,179979.0,1.202836434530211,490823.0,255143299274.93497,26.0,,,,
2026-07-13 00:00:00+00:00,458741.0,710431.0,929286940.1935524,184061.73095553994,7190876314.427091,324261.5,1.174318418220534,624343.0,254831643799.41452,28.0,7515.34,120.7413,17.16,4.62
2026-07-14 00:00:00+00:00,458571.0,751264.0,979860379.1156503,194500.16648471,7273916869.588034,2247323.0,1.2276267731645218,639375.0,254680002435.71982,22.0,7543.59,120.4728,16.5,4.58
2026-07-15 00:00:00+00:00,481858.0,553966.0,878713501.2714542,240033.72794905,5786230903.762762,476145.5,1.2245682153726962,638699.0,254847105961.01746,25.0,7572.4,120.3088,15.67,4.55
2026-07-16 00:00:00+00:00,467583.0,538040.0,764923263.6967337,209422.19260656997,4739005864.225688,2757619.5,1.2064208959075768,621188.0,254970828710.56436,25.0,7533.77,120.331,16.73,4.57
2026-07-17 00:00:00+00:00,496049.0,578327.0,802853342.8883076,232697.11445324004,6012389410.644054,4194356.5,1.2091270996686685,629901.0,255248628121.90167,27.0,7457.69,120.5315,18.77,4.55
2026-07-18 00:00:00+00:00,444410.0,857711.0,1049398857.6335355,201035.37163611004,1945800357.937475,5408224.0,1.2253971926665221,579482.0,255055240705.96112,25.0,,,,
2026-07-19 00:00:00+00:00,386348.0,898862.0,1043077177.7682731,155418.96592125014,2154887870.569379,9017519.5,1.2229930312358035,517259.0,254961467199.58368,28.0,,,,
2026-07-20 00:00:00+00:00,450037.0,736499.0,922965260.3282901,199296.41959803985,4772705829.303797,9176263.0,1.2327473883123754,612420.0,254740850351.77646,29.0,7443.28,120.5401,18.65,4.6
2026-07-21 00:00:00+00:00,480104.0,644122.0,872391821.4061922,205502.61541021007,7300836133.323062,17593601.0,1.2553791423473126,634153.0,255026573868.77716,25.0,7509.2,120.5779,17.05,4.63
2026-07-22 00:00:00+00:00,467778.0,505669.0,726993184.5051601,191984.33057482995,4968623994.883889,33345460.0,1.2476042702123693,624603.0,255130507416.14215,33.0,7498.96,120.5736,16.64,4.67
2026-07-23 00:00:00+00:00,487730.0,601802.0,834461742.2146184,190214.2596963701,5402999286.550506,33452626.0,1.2309583188260411,628670.0,254774545864.72128,31.0,7408.3,120.9075,18.7,4.71
2026-07-24 00:00:00+00:00,541679.0,736287.0,973538699.2503883,217323.5940472801,4740022114.502603,34610832.0,1.2125716215451372,689082.0,254346686412.4864,28.0,7411.98,120.7105,18.58,4.69
2026-07-25 00:00:00+00:00,454647.0,694995.0,872298466.1852326,151550.0349750801,3003654169.6646,34475182.5,1.2164163415587756,564960.0,254283560586.71872,27.0,,,,
2026-07-26 00:00:00+00:00,439204.0,758094.0,916150329.1982554,150730.59719921992,1658543408.5763986,32947798.0,1.2352156606776294,569782.0,254199433403.69556,26.0,,,,
2026-07-27 00:00:00+00:00,477732.0,695681.0,865950311.159995,216001.09727193002,6019966168.985662,34180504.0,1.2052013444237608,635071.0,254350262878.49692,30.0,7413.18,120.7739,18.67,4.65
2026-07-28 00:00:00+00:00,485064.0,560389.0,796925286.3573867,196915.17538714,4303616750.393584,37963186.5,1.2054901993356482,628552.0,254092779483.62085,29.0,7428.78,120.6247,18.21,4.61
2026-07-29 00:00:00+00:00,478468.0,663070.0,897325322.4339077,225019.40498187003,4853122578.21135,32786068.0,1.2088544364298526,604146.0,253555713057.5293,29.0,7316.15,120.7892,20.66,4.67
2026-07-30 00:00:00+00:00,497475.0,712078.0,960075344.9817333,215405.12611859987,7447352392.023498,35064047.5,1.2262799635545538,666081.0,253890230619.4428,28.0,7437.63,119.6753,17.09,4.68
2026-07-31 00:00:00+00:00,620856.0,610890.0,985175354.0008637,394759.7240429598,13996641202.018602,36833552.5,1.189970381191086,967546.0,253526130886.0325,25.0,7489.72,119.7034,15.99,4.75
2026-08-01 00:00:00+00:00,527596.0,734264.0,1029100369.7843416,239661.24428179002,7903766580.083321,41886172.0,1.1887286460199475,806292.0,253555649018.7879,27.0,,,,
2026-08-02 00:00:00+00:00,453096.0,676603.0,903600324.6886903,194137.84196428003,4647541791.420009,42941864.0,1.2018952766591153,653981.0,253468057947.2899,27.0,,,,
2026-08-03 00:00:00+00:00,523906.0,703730.0,941250338.2173856,263129.58383717004,8132080650.02759,41544143.5,1.2028012046866428,741819.0,253749446544.96417,28.0,7600.5,119.6951,15.86,4.7
2026-08-04 00:00:00+00:00,508237.0,622530.0,884775317.9243425,226101.19914844004,6878855878.9776745,33665328.5,1.2162144313735614,684692.0,254131188302.29175,25.0,7736.52,119.5977,16.5,4.63
2026-08-05 00:00:00+00:00,519753.0,606929.0,891050320.1791251,253167.16959342,9767758793.026447,12662688.5,1.2251059832401532,730433.0,253713233252.29794,27.0,7723.55,119.3881,15.81,4.63
2026-08-06 00:00:00+00:00,516176.0,542214.0,803200288.612169,244380.40080881014,6781333055.076928,12466099.5,1.2175780136267054,678177.0,253603557589.21466,25.0,7709.96,119.5113,15.15,4.69
2026-08-07 00:00:00+00:00,534028.0,722683.0,991450356.2556461,268965.89944131015,6936863267.804714,16235272.5,1.2302038699452365,709925.0,254051227556.3371,29.0,7757.64,119.0649,14.9,4.65
2026-08-08 00:00:00+00:00,448039.0,653881.0,898566437.3158499,182030.11691681997,1970908005.838199,21865590.5,1.2308097221233913,621521.0,253845544781.85995,30.0,,,,
2026-08-09 00:00:00+00:00,414062.0,731687.0,906199293.8397912,145618.2190560499,1723375593.4392548,22351735.5,1.2301135746614489,520129.0,254045226337.19888,31.0,,,,
2026-08-10 00:00:00+00:00,473315.0,639365.0,880851061.8442723,205382.66634037002,5329016986.773317,23462934.0,1.2122143561693552,650586.0,253518505562.1534,30.0,7753.11,119.1187,15.46,4.72
2026-08-11 00:00:00+00:00,467215.0,608562.0,817480481.8554755,189489.17833201002,5972642680.7184,23831546.0,1.2056671434624349,609039.0,253320695283.5418,29.0,7728.2,119.179,15.28,4.7
2026-08-12 00:00:00+00:00,494924.0,651109.0,893525177.8420315,334812.41081913986,7567972994.607958,29723589.5,1.2025578842369824,646051.0,253327174637.9469,27.0,7748.5,119.1179,14.55,4.68
2026-08-13 00:00:00+00:00,486521.0,680730.0,925210467.8364298,207024.30437792998,3947340385.2552648,28538731.0,1.2034349432766869,650606.0,253225809027.7514,29.0,7798.99,119.1848,14.63,4.63
2026-08-14 00:00:00+00:00,512338.0,694502.0,944221641.8330688,210059.03932312992,5188080848.243314,27881976.0,1.1947029600977745,660290.0,253213991995.14474,29.0,7785.76,118.9028,14.25,4.68
2026-08-15 00:00:00+00:00,445251.0,719514.0,918873409.83755,155142.21956156997,2114508891.171138,28715680.0,1.1968106310165285,564175.0,253136816062.39374,34.0,,,,
2026-08-16 00:00:00+00:00,402442.0,831035.0,1020266337.8196247,144343.81503183997,1811944130.9803886,27194584.0,1.1930314938000863,541863.0,253050910984.21167,34.0,,,,
2026-08-17 00:00:00+00:00,,,,,5132429308.354233,41042419.5,1.2236699946656513,680154.0,253092786486.25494,31.0,7745.06,118.814,15.19,4.72
2026-08-18 00:00:00+00:00,,,,,5940348015.875758,40193632.0,1.2289337251062162,642144.0,253039955555.4848,41.0,7691.76,118.9831,15.84,4.71
2026-08-19 00:00:00+00:00,,,,,8816852524.066439,43173140.0,1.3153366802811952,649780.0,253233276706.11304,46.0,7707.98,118.3328,14.89,4.65
2026-08-20 00:00:00+00:00,,,,,12176093010.119164,42890848.0,1.386071625027333,721893.0,253624041257.3831,62.0,7641.16,118.2548,16.01,4.69
2026-08-21 00:00:00+00:00,,,,,14947194692.06275,39445144.0,1.4837222213757244,779671.0,255241879402.98944,72.0,7674.37,118.0628,15.13,4.74
2026-08-22 00:00:00+00:00,,,,,5425508158.4228525,38083321.5,1.457789242610116,634723.0,255194316925.7138,71.0,,,,
2026-08-23 00:00:00+00:00,,,,,3804297388.228459,36375836.5,1.4682707685313898,534757.0,254803523726.3687,66.0,,,,
2026-08-24 00:00:00+00:00,489906.0,632563.0,888054324.8996867,263154.8390677401,11553204606.740679,33730736.0,1.4906241300604754,663383.0,255351341921.35605,73.0,7652.86,118.3195,15.85,4.7
2026-08-25 00:00:00+00:00,501443.0,620604.0,888054324.8996867,251047.78975704993,9848970301.072838,36130499.0,1.484141488925959,673531.0,255371596360.94446,74.0,7677.28,118.2283,15.45,4.64
2026-08-26 00:00:00+00:00,491486.0,724288.0,950593361.8644534,245976.3584720501,7611758448.509995,33492330.0,1.4897680338170816,647067.0,255505932588.4256,65.0,7675.7,118.4461,15.21,4.66
2026-08-27 00:00:00+00:00,506914.0,690404.0,913069939.6855934,269615.3896662199,9323350833.458965,34683636.0,1.514130238816195,656799.0,255332795480.90317,71.0,7730.99,118.3583,14.51,4.67
2026-08-28 00:00:00+00:00,518289.0,569698.0,825515287.9349201,286160.1825049701,12340412120.43878,34111474.5,1.4651371083208935,676953.0,255596734137.64062,73.0,7711.76,118.7479,14.43,4.73
2026-08-29 00:00:00+00:00,447256.0,734873.0,913069939.6855934,194644.33115532002,2680577419.718374,35123708.0,1.4749970333791462,567148.0,255510512819.3703,68.0,,,,
2026-08-30 00:00:00+00:00,398941.0,879309.0,1019386302.5256965,167048.74483288,2122293808.8816857,34229261.0,1.4644329798692257,543695.0,255276389815.6664,69.0,,,,
2026-08-31 00:00:00+00:00,501131.0,697056.0,950593361.8644534,246068.26632836007,9421660575.145626,20920795.5,1.4796409564924897,665835.0,254536341245.00952,62.0,7686.14,118.5679,14.92,4.75
2026-09-01 00:00:00+00:00,506462.0,627345.0,888054324.8996867,254963.20168904014,8721608888.524275,26133053.0,1.4582915280644972,677321.0,254919989804.31335,69.0,7631.47,118.6568,16.34,4.79
2026-09-02 00:00:00+00:00,494353.0,581418.0,856784806.4173034,242591.04153493998,6348512009.307945,24888711.0,1.4540047264410356,659394.0,255051869995.9922,63.0,7666.6,118.5296,15.2,4.79
2026-09-03 00:00:00+00:00,533231.0,712367.0,1000624591.4362668,284153.1505951901,9286288809.863506,24896540.0,1.5290840959037995,671828.0,255648262067.31454,65.0,7747.71,118.127,14.32,4.77
2026-09-04 00:00:00+00:00,526842.0,618290.0,894308228.5961634,287428.8697308399,8023711290.7337475,24952188.5,1.499477260228352,707560.0,255927808737.53784,74.0,7718.6,118.0732,14.53,4.78
2026-09-05 00:00:00+00:00,465063.0,723854.0,927538773.2739177,207969.47882999986,2512498425.7703557,11840504.0,1.5014873871529573,580706.0,255930806591.395,73.0,,,,
2026-09-06 00:00:00+00:00,415207.0,893391.0,1045376165.0118244,191073.03819027,3361747247.438308,10374826.0,1.5104960453674119,550647.0,255826445542.36304,73.0,,,,
2026-09-07 00:00:00+00:00,453808.0,699012.0,880650223.8584459,202834.6544858099,4323859621.479463,11401268.0,1.486935906918574,599773.0,255815865620.6308,71.0,,,15.3,
2026-09-08 00:00:00+00:00,449976.0,641373.0,842636545.130743,229745.02306671996,5498003083.177232,12839566.5,1.4749397123779049,604102.0,255803801873.42426,69.0,7673.52,,15.72,4.8
2026-09-09 00:00:00+00:00,492982.0,758490.0,1020033712.5266892,283847.85613301,6791307829.209926,11605494.0,1.470283096022392,639959.0,255586727635.34576,66.0,7636.36,,16.46,4.83
2026-09-10 00:00:00+00:00,499484.0,625497.0,848972158.2520267,242525.98195291992,6821620372.776869,11728753.5,1.4412738778959073,639221.0,255558197891.57025,69.0,7591.7,,17.84,4.95
2026-09-11 00:00:00+00:00,511851.0,766738.0,1020033712.5266892,266762.96419567993,6934366060.655288,10728223.5,1.4506461042535579,682493.0,255553208258.1126,56.0,7656.98,,,
2026-09-12 00:00:00+00:00,450026.0,783637.0,994691260.0415542,183295.00326020006,2544459319.80884,9704238.0,1.451919484146061,570535.0,255741558802.90002,63.0,,,,
2026-09-13 00:00:00+00:00,,,,,,10460683.0,,,,61.0,,,,
